{"type":"Topology","objects":{"ru_subjects":{"type":"GeometryCollection","geometries":[{"type":"MultiPolygon","arcs":[[[0]]],"properties":{"name":"Карачаево-Черкесская Республика","name_en":"Karachay-Cherkess","fo":"СКФО","code":"KC","iso_3166_2":"RU-KC","hasc":"RU.KC","capital":"Черкесск"}},{"type":"MultiPolygon","arcs":[[[1]],[[2]],[[3]],[[4]],[[5]],[[6]],[[7]],[[8]],[[9]],[[10]]],"properties":{"name":"Республика Карелия","name_en":"Karelia","fo":"СЗФО","code":"KR","iso_3166_2":"RU-KR","hasc":"RU.KI","capital":"Петрозаводск"}},{"type":"MultiPolygon","arcs":[[[11]]],"properties":{"name":"Кемеровская область","name_en":"Kemerovo","fo":"СФО","code":"KEM","iso_3166_2":"RU-KEM","hasc":"RU.KE","capital":""}},{"type":"MultiPolygon","arcs":[[[12]],[[13]],[[14]],[[15]],[[16]],[[17]],[[18]],[[19]],[[20]],[[21]],[[22]]],"properties":{"name":"Хабаровский край","name_en":"Khabarovsk","fo":"ДФО","code":"KHA","iso_3166_2":"RU-KHA","hasc":"RU.KH","capital":"Хабаровск"}},{"type":"MultiPolygon","arcs":[[[23]]],"properties":{"name":"Республика Хакасия","name_en":"Khakass","fo":"СФО","code":"KK","iso_3166_2":"RU-KK","hasc":"RU.KK","capital":"Абакан"}},{"type":"MultiPolygon","arcs":[[[24]]],"properties":{"name":"Ханты-Мансийский автономный округ — Югра","name_en":"Khanty-Mansiy","fo":"УФО","code":"KHM","iso_3166_2":"RU-KHM","hasc":"RU.KM","capital":""}},{"type":"MultiPolygon","arcs":[[[25]],[[26]],[[27]],[[28]]],"properties":{"name":"Республика Адыгея","name_en":"Adygey","fo":"ЮФО","code":"AD","iso_3166_2":"RU-AD","hasc":"RU.AD","capital":"Майкоп"}},{"type":"MultiPolygon","arcs":[[[29]]],"properties":{"name":"Алтайский край","name_en":"Altay","fo":"СФО","code":"ALT","iso_3166_2":"RU-ALT","hasc":"RU.AL","capital":"Барнаул"}},{"type":"MultiPolygon","arcs":[[[30]]],"properties":{"name":"Амурская область","name_en":"Amur","fo":"ДФО","code":"AMU","iso_3166_2":"RU-AMU","hasc":"RU.AM","capital":"Благовещенск"}},{"type":"MultiPolygon","arcs":[[[31],[32]],[[33]],[[34]],[[35]],[[36]],[[37]],[[38]],[[39]],[[40]],[[41]],[[42]],[[43]],[[44],[45]],[[46]],[[47]],[[48]],[[49]],[[50]],[[51]],[[52]],[[53]],[[54]],[[55]],[[56]],[[57]],[[58]],[[59]],[[60]],[[61]],[[62]],[[63]],[[64],[65],[66],[67],[68]],[[69]],[[70]],[[71]],[[72]],[[73]],[[74]],[[75]],[[76]],[[77]],[[78]],[[79]],[[80]],[[81]],[[82]],[[83]],[[84]],[[85]],[[86]],[[87]],[[88]],[[89]],[[90]],[[91]],[[92]],[[93]],[[94]],[[95],[96],[97]],[[98]],[[99]],[[100]],[[101]],[[102]],[[103]],[[104]],[[105]],[[106]],[[107]],[[108]],[[109]],[[110]],[[111]],[[112]],[[113]],[[114]],[[115]],[[116]],[[117]],[[118]]],"properties":{"name":"Архангельская область","name_en":"Arkhangel'sk","fo":"СЗФО","code":"ARK","iso_3166_2":"RU-ARK","hasc":"RU.AR","capital":"Архангельск"}},{"type":"MultiPolygon","arcs":[[[119]]],"properties":{"name":"Астраханская область","name_en":"Astrakhan'","fo":"ЮФО","code":"AST","iso_3166_2":"RU-AST","hasc":"RU.AS","capital":"Астрахань"}},{"type":"MultiPolygon","arcs":[[[120]]],"properties":{"name":"Республика Башкортостан","name_en":"Bashkortostan","fo":"ПФО","code":"BA","iso_3166_2":"RU-BA","hasc":"RU.BK","capital":"Уфа"}},{"type":"MultiPolygon","arcs":[[[121]]],"properties":{"name":"Белгородская область","name_en":"Belgorod","fo":"ЦФО","code":"BEL","iso_3166_2":"RU-BEL","hasc":"RU.BL","capital":"Белгород"}},{"type":"MultiPolygon","arcs":[[[122]]],"properties":{"name":"Брянская область","name_en":"Bryansk","fo":"ЦФО","code":"BRY","iso_3166_2":"RU-BRY","hasc":"RU.BR","capital":"Брянск"}},{"type":"MultiPolygon","arcs":[[[123]]],"properties":{"name":"Республика Бурятия","name_en":"Buryat","fo":"ДФО","code":"BU","iso_3166_2":"RU-BU","hasc":"RU.BU","capital":"Улан-Удэ"}},{"type":"MultiPolygon","arcs":[[[124]]],"properties":{"name":"Чеченская Республика","name_en":"Chechnya","fo":"СКФО","code":"CE","iso_3166_2":"RU-CE","hasc":"RU.CN","capital":"Грозный"}},{"type":"MultiPolygon","arcs":[[[125]]],"properties":{"name":"Челябинская область","name_en":"Chelyabinsk","fo":"УФО","code":"CHE","iso_3166_2":"RU-CHE","hasc":"RU.CL","capital":"Челябинск"}},{"type":"MultiPolygon","arcs":[[[126]],[[127]],[[128]],[[129]],[[130]],[[131]],[[132]],[[133]],[[134]],[[135]],[[136]],[[137]],[[138]],[[139]],[[140]],[[141]]],"properties":{"name":"Чукотский автономный округ","name_en":"Chukot","fo":"ДФО","code":"CHU","iso_3166_2":"RU-CHU","hasc":"RU.CK","capital":""}},{"type":"MultiPolygon","arcs":[[[142]]],"properties":{"name":"Чувашская Республика","name_en":"Chuvash","fo":"ПФО","code":"CU","iso_3166_2":"RU-CU","hasc":"RU.CV","capital":"Чебоксары"}},{"type":"MultiPolygon","arcs":[[[143]],[[144]],[[145]],[[146]],[[147]]],"properties":{"name":"Санкт-Петербург","name_en":"Saint Petersburg City","fo":"СЗФО","code":"SPE","iso_3166_2":"RU-SPE","hasc":"RU.SP","capital":"Санкт-Петербург"}},{"type":"MultiPolygon","arcs":[[[148]]],"properties":{"name":"Республика Дагестан","name_en":"Dagestan","fo":"СКФО","code":"DA","iso_3166_2":"RU-DA","hasc":"RU.DA","capital":"Махачкала"}},{"type":"MultiPolygon","arcs":[[[149]]],"properties":{"name":"Республика Алтай","name_en":"Gorno-Altay","fo":"СФО","code":"AL","iso_3166_2":"RU-AL","hasc":"RU.GA","capital":"Горно-Алтайск"}},{"type":"MultiPolygon","arcs":[[[150]]],"properties":{"name":"Республика Ингушетия","name_en":"Ingush","fo":"СКФО","code":"IN","iso_3166_2":"RU-IN","hasc":"RU.IN","capital":"Магас"}},{"type":"MultiPolygon","arcs":[[[151]]],"properties":{"name":"Ивановская область","name_en":"Ivanovo","fo":"ЦФО","code":"IVA","iso_3166_2":"RU-IVA","hasc":"RU.IV","capital":"Иваново"}},{"type":"MultiPolygon","arcs":[[[152]]],"properties":{"name":"Кабардино-Балкарская Республика","name_en":"Kabardin-Balkar","fo":"СКФО","code":"KB","iso_3166_2":"RU-KB","hasc":"RU.KB","capital":"Нальчик"}},{"type":"MultiPolygon","arcs":[[[153]],[[154]],[[155]],[[156]],[[157]],[[158]],[[159]],[[160]],[[161]],[[162]]],"properties":{"name":"Калининградская область","name_en":"Kaliningrad","fo":"СЗФО","code":"KGD","iso_3166_2":"RU-KGD","hasc":"RU.KN","capital":"Калининград"}},{"type":"MultiPolygon","arcs":[[[163]]],"properties":{"name":"Республика Калмыкия","name_en":"Kalmyk","fo":"ЮФО","code":"KL","iso_3166_2":"RU-KL","hasc":"RU.KL","capital":"Элиста"}},{"type":"MultiPolygon","arcs":[[[164]]],"properties":{"name":"Калужская область","name_en":"Kaluga","fo":"ЦФО","code":"KLU","iso_3166_2":"RU-KLU","hasc":"RU.KG","capital":"Калуга"}},{"type":"MultiPolygon","arcs":[[[165]]],"properties":{"name":"Кировская область","name_en":"Kirov","fo":"ПФО","code":"KIR","iso_3166_2":"RU-KIR","hasc":"RU.KV","capital":"Киров"}},{"type":"MultiPolygon","arcs":[[[166]]],"properties":{"name":"Республика Коми","name_en":"Komi","fo":"СЗФО","code":"KO","iso_3166_2":"RU-KO","hasc":"RU.KO","capital":"Сыктывкар"}},{"type":"MultiPolygon","arcs":[[[167]]],"properties":{"name":"Костромская область","name_en":"Kostroma","fo":"ЦФО","code":"KOS","iso_3166_2":"RU-KOS","hasc":"RU.KT","capital":"Кострома"}},{"type":"MultiPolygon","arcs":[[[168],[169],[170],[171],[172]]],"properties":{"name":"Краснодарский край","name_en":"Krasnodar","fo":"ЮФО","code":"KDA","iso_3166_2":"RU-KDA","hasc":"RU.KD","capital":"Краснодар"}},{"type":"MultiPolygon","arcs":[[[173]]],"properties":{"name":"Курганская область","name_en":"Kurgan","fo":"УФО","code":"KGN","iso_3166_2":"RU-KGN","hasc":"RU.KU","capital":"Курган"}},{"type":"MultiPolygon","arcs":[[[174]]],"properties":{"name":"Курская область","name_en":"Kursk","fo":"ЦФО","code":"KRS","iso_3166_2":"RU-KRS","hasc":"RU.KS","capital":"Курск"}},{"type":"MultiPolygon","arcs":[[[175]],[[176]],[[177]],[[178]],[[179]],[[180]],[[181]],[[182]],[[183]]],"properties":{"name":"Ленинградская область","name_en":"Leningrad","fo":"СЗФО","code":"LEN","iso_3166_2":"RU-LEN","hasc":"RU.LN","capital":"Гатчина"}},{"type":"MultiPolygon","arcs":[[[184]]],"properties":{"name":"Липецкая область","name_en":"Lipetsk","fo":"ЦФО","code":"LIP","iso_3166_2":"RU-LIP","hasc":"RU.LP","capital":"Липецк"}},{"type":"MultiPolygon","arcs":[[[185]],[[186]],[[187]],[[188]],[[189]],[[190]],[[191]]],"properties":{"name":"Магаданская область","name_en":"Magadan","fo":"ДФО","code":"MAG","iso_3166_2":"RU-MAG","hasc":"RU.MG","capital":"Магадан"}},{"type":"MultiPolygon","arcs":[[[192]]],"properties":{"name":"Республика Марий Эл","name_en":"Mariy-El","fo":"ПФО","code":"ME","iso_3166_2":"RU-ME","hasc":"RU.ME","capital":"Йошкар-Ола"}},{"type":"MultiPolygon","arcs":[[[193]]],"properties":{"name":"Республика Мордовия","name_en":"Mordovia","fo":"ПФО","code":"MO","iso_3166_2":"RU-MO","hasc":"RU.MR","capital":"Саранск"}},{"type":"MultiPolygon","arcs":[[[194]]],"properties":{"name":"Московская область","name_en":"Moscow Oblast","fo":"ЦФО","code":"MOS","iso_3166_2":"RU-MOS","hasc":"RU.MS","capital":"Красногорск"}},{"type":"MultiPolygon","arcs":[[[195]],[[196],[197],[198],[199],[200]],[[201]]],"properties":{"name":"Мурманская область","name_en":"Murmansk","fo":"СЗФО","code":"MUR","iso_3166_2":"RU-MUR","hasc":"RU.MM","capital":"Мурманск"}},{"type":"MultiPolygon","arcs":[[[202]],[[203]],[[204]],[[205]],[[206]],[[207]],[[208]],[[209]],[[210]],[[211]],[[212]],[[213]],[[214]]],"properties":{"name":"Ненецкий автономный округ","name_en":"Nenets","fo":"СЗФО","code":"NEN","iso_3166_2":"RU-NEN","hasc":"RU.NN","capital":""}},{"type":"MultiPolygon","arcs":[[[215]]],"properties":{"name":"Нижегородская область","name_en":"Nizhegorod","fo":"ПФО","code":"NIZ","iso_3166_2":"RU-NIZ","hasc":"RU.NZ","capital":"Нижний Новгород"}},{"type":"MultiPolygon","arcs":[[[216]]],"properties":{"name":"Республика Северная Осетия — Алания","name_en":"North Ossetia","fo":"СКФО","code":"SE","iso_3166_2":"RU-SE","hasc":"RU.NO","capital":"Владикавказ"}},{"type":"MultiPolygon","arcs":[[[217]]],"properties":{"name":"Новгородская область","name_en":"Novgorod","fo":"СЗФО","code":"NGR","iso_3166_2":"RU-NGR","hasc":"RU.NG","capital":"Великий Новгород"}},{"type":"MultiPolygon","arcs":[[[218]]],"properties":{"name":"Новосибирская область","name_en":"Novosibirsk","fo":"СФО","code":"NVS","iso_3166_2":"RU-NVS","hasc":"RU.NS","capital":"Новосибирск"}},{"type":"MultiPolygon","arcs":[[[219]]],"properties":{"name":"Омская область","name_en":"Omsk","fo":"СФО","code":"OMS","iso_3166_2":"RU-OMS","hasc":"RU.OM","capital":"Омск"}},{"type":"MultiPolygon","arcs":[[[220]]],"properties":{"name":"Орловская область","name_en":"Orel","fo":"ЦФО","code":"ORL","iso_3166_2":"RU-ORL","hasc":"RU.OL","capital":"Орёл"}},{"type":"MultiPolygon","arcs":[[[221]]],"properties":{"name":"Оренбургская область","name_en":"Orenburg","fo":"ПФО","code":"ORE","iso_3166_2":"RU-ORE","hasc":"RU.OB","capital":"Оренбург"}},{"type":"MultiPolygon","arcs":[[[222]]],"properties":{"name":"Пензенская область","name_en":"Penza","fo":"ПФО","code":"PNZ","iso_3166_2":"RU-PNZ","hasc":"RU.PZ","capital":"Пенза"}},{"type":"MultiPolygon","arcs":[[[223]],[[224]],[[225]],[[226]],[[227]],[[228]],[[229]]],"properties":{"name":"Приморский край","name_en":"Primor'ye","fo":"ДФО","code":"PRI","iso_3166_2":"RU-PRI","hasc":"RU.PR","capital":"Владивосток"}},{"type":"MultiPolygon","arcs":[[[230]]],"properties":{"name":"Псковская область","name_en":"Pskov","fo":"СЗФО","code":"PSK","iso_3166_2":"RU-PSK","hasc":"RU.PS","capital":"Псков"}},{"type":"MultiPolygon","arcs":[[[231]]],"properties":{"name":"Ростовская область","name_en":"Rostov","fo":"ЮФО","code":"ROS","iso_3166_2":"RU-ROS","hasc":"RU.RO","capital":"Ростов-на-Дону"}},{"type":"MultiPolygon","arcs":[[[232]]],"properties":{"name":"Рязанская область","name_en":"Ryazan'","fo":"ЦФО","code":"RYA","iso_3166_2":"RU-RYA","hasc":"RU.RZ","capital":"Рязань"}},{"type":"MultiPolygon","arcs":[[[233]],[[234]],[[235]],[[236]],[[237]],[[238]],[[239]],[[240]],[[241]],[[242]],[[243]],[[244]],[[245]],[[246]],[[247]],[[248]],[[249]],[[250]],[[251]],[[252]],[[253]],[[254]],[[255]],[[256]],[[257]],[[258]],[[259]],[[260]],[[261]],[[262]],[[263]],[[264]],[[265]],[[266]],[[267]],[[268]],[[269]],[[270]],[[271]],[[272]],[[273]],[[274]],[[275]],[[276]],[[277]],[[278]],[[279]],[[280]],[[281]],[[282]],[[283]],[[284]],[[285]],[[286]],[[287]],[[288]],[[289]],[[290]],[[291]],[[292],[293]],[[294]],[[295]],[[296]]],"properties":{"name":"Республика Саха (Якутия)","name_en":"Sakha","fo":"ДФО","code":"SA","iso_3166_2":"RU-SA","hasc":"RU.SK","capital":"Якутск"}},{"type":"MultiPolygon","arcs":[[[297]],[[298]],[[299]],[[300]],[[301]],[[302]],[[303]],[[304]],[[305]],[[306]],[[307]],[[308]],[[309]],[[310],[311],[312],[313]],[[314]],[[315]],[[316]],[[317]],[[318]],[[319]],[[320]],[[321]],[[322]],[[323]],[[324]],[[325]],[[326]],[[327]],[[328]],[[329]],[[330]],[[331]],[[332]],[[333]],[[334]],[[335]],[[336]]],"properties":{"name":"Сахалинская область","name_en":"Sakhalin","fo":"ДФО","code":"SAK","iso_3166_2":"RU-SAK","hasc":"RU.SL","capital":"Южно-Сахалинск"}},{"type":"MultiPolygon","arcs":[[[337]]],"properties":{"name":"Самарская область","name_en":"Samara","fo":"ПФО","code":"SAM","iso_3166_2":"RU-SAM","hasc":"RU.SA","capital":"Самара"}},{"type":"MultiPolygon","arcs":[[[338]]],"properties":{"name":"Саратовская область","name_en":"Saratov","fo":"ПФО","code":"SAR","iso_3166_2":"RU-SAR","hasc":"RU.SR","capital":"Саратов"}},{"type":"MultiPolygon","arcs":[[[339]]],"properties":{"name":"Смоленская область","name_en":"Smolensk","fo":"ЦФО","code":"SMO","iso_3166_2":"RU-SMO","hasc":"RU.SM","capital":"Смоленск"}},{"type":"MultiPolygon","arcs":[[[340]]],"properties":{"name":"Ставропольский край","name_en":"Stavropol'","fo":"СКФО","code":"STA","iso_3166_2":"RU-STA","hasc":"RU.ST","capital":"Ставрополь"}},{"type":"MultiPolygon","arcs":[[[341]]],"properties":{"name":"Свердловская область","name_en":"Sverdlovsk","fo":"УФО","code":"SVE","iso_3166_2":"RU-SVE","hasc":"RU.SV","capital":"Екатеринбург"}},{"type":"MultiPolygon","arcs":[[[342]]],"properties":{"name":"Тамбовская область","name_en":"Tambov","fo":"ЦФО","code":"TAM","iso_3166_2":"RU-TAM","hasc":"RU.TB","capital":"Тамбов"}},{"type":"MultiPolygon","arcs":[[[343]]],"properties":{"name":"Республика Татарстан","name_en":"Tatarstan","fo":"ПФО","code":"TA","iso_3166_2":"RU-TA","hasc":"RU.TT","capital":"Казань"}},{"type":"MultiPolygon","arcs":[[[344]]],"properties":{"name":"Томская область","name_en":"Tomsk","fo":"СФО","code":"TOM","iso_3166_2":"RU-TOM","hasc":"RU.TO","capital":"Томск"}},{"type":"MultiPolygon","arcs":[[[345]]],"properties":{"name":"Тульская область","name_en":"Tula","fo":"ЦФО","code":"TUL","iso_3166_2":"RU-TUL","hasc":"RU.TL","capital":"Тула"}},{"type":"MultiPolygon","arcs":[[[346]]],"properties":{"name":"Республика Тыва","name_en":"Tuva","fo":"СФО","code":"TY","iso_3166_2":"RU-TY","hasc":"RU.TU","capital":"Кызыл"}},{"type":"MultiPolygon","arcs":[[[347]]],"properties":{"name":"Тверская область","name_en":"Tver'","fo":"ЦФО","code":"TVE","iso_3166_2":"RU-TVE","hasc":"RU.TV","capital":"Тверь"}},{"type":"MultiPolygon","arcs":[[[348]]],"properties":{"name":"Тюменская область","name_en":"Tyumen'","fo":"УФО","code":"TYU","iso_3166_2":"RU-TYU","hasc":"RU.TY","capital":"Тюмень"}},{"type":"MultiPolygon","arcs":[[[349]]],"properties":{"name":"Удмуртская Республика","name_en":"Udmurt","fo":"ПФО","code":"UD","iso_3166_2":"RU-UD","hasc":"RU.UD","capital":"Ижевск"}},{"type":"MultiPolygon","arcs":[[[350]]],"properties":{"name":"Ульяновская область","name_en":"Ul'yanovsk","fo":"ПФО","code":"ULY","iso_3166_2":"RU-ULY","hasc":"RU.UL","capital":"Ульяновск"}},{"type":"MultiPolygon","arcs":[[[351]]],"properties":{"name":"Владимирская область","name_en":"Vladimir","fo":"ЦФО","code":"VLA","iso_3166_2":"RU-VLA","hasc":"RU.VL","capital":"Владимир"}},{"type":"MultiPolygon","arcs":[[[352]]],"properties":{"name":"Волгоградская область","name_en":"Volgograd","fo":"ЮФО","code":"VGG","iso_3166_2":"RU-VGG","hasc":"RU.VG","capital":"Волгоград"}},{"type":"MultiPolygon","arcs":[[[353]]],"properties":{"name":"Вологодская область","name_en":"Vologda","fo":"СЗФО","code":"VLG","iso_3166_2":"RU-VLG","hasc":"RU.VO","capital":"Вологда"}},{"type":"MultiPolygon","arcs":[[[354]]],"properties":{"name":"Воронежская область","name_en":"Voronezh","fo":"ЦФО","code":"VOR","iso_3166_2":"RU-VOR","hasc":"RU.VR","capital":"Воронеж"}},{"type":"MultiPolygon","arcs":[[[355]],[[356]],[[357]],[[358]],[[359]],[[360]],[[361]],[[362]],[[363]],[[364],[365],[366],[367],[368],[369],[370],[371],[372]],[[373]],[[374]],[[375]],[[376]],[[377]],[[378]],[[379]],[[380]],[[381]],[[382]],[[383]],[[384]],[[385]],[[386]],[[387]],[[388]],[[389]],[[390]],[[391]],[[392]]],"properties":{"name":"Ямало-Ненецкий автономный округ","name_en":"Yamal-Nenets","fo":"УФО","code":"YAN","iso_3166_2":"RU-YAN","hasc":"RU.YN","capital":""}},{"type":"MultiPolygon","arcs":[[[393]]],"properties":{"name":"Ярославская область","name_en":"Yaroslavl'","fo":"ЦФО","code":"YAR","iso_3166_2":"RU-YAR","hasc":"RU.YS","capital":"Ярославль"}},{"type":"MultiPolygon","arcs":[[[394]]],"properties":{"name":"Еврейская автономная область","name_en":"Yevrey","fo":"ДФО","code":"YEV","iso_3166_2":"RU-YEV","hasc":"RU.YV","capital":""}},{"type":"MultiPolygon","arcs":[[[395],[396]]],"properties":{"name":"Республика Крым","name_en":"Crimea","fo":"ЮФО","code":"CR","iso_3166_2":"RU-CR","hasc":"RU.CR","capital":"Симферополь"}},{"type":"MultiPolygon","arcs":[[[397]]],"properties":{"name":"Севастополь","name_en":"Sevastolol'","fo":"ЮФО","code":"SEV","iso_3166_2":"RU-SEV","hasc":"RU.SC","capital":"Севастополь"}},{"type":"MultiPolygon","arcs":[[[398]],[[399]],[[400],[401],[402],[403],[404],[405],[406],[407],[408],[409]],[[410]],[[411]],[[412]],[[413]],[[414],[415]],[[416]],[[417]],[[418]],[[419]],[[420]],[[421]],[[422]],[[423]],[[424]],[[425]],[[426]],[[427]],[[428]],[[429]],[[430]],[[431]],[[432]],[[433]],[[434]],[[435]],[[436]],[[437]],[[438]],[[439]],[[440]],[[441]],[[442]],[[443]],[[444]],[[445]],[[446]],[[447]],[[448]],[[449]],[[450]],[[451]],[[452]],[[453]],[[454]],[[455]],[[456]],[[457]],[[458]],[[459]],[[460]],[[461]],[[462]],[[463]],[[464]],[[465]],[[466]],[[467]],[[468]],[[469]],[[470]],[[471]],[[472]],[[473]],[[474]],[[475]],[[476]],[[477]],[[478]],[[479]],[[480]],[[481]],[[482]],[[483]],[[484]],[[485]],[[486]],[[487]],[[488]],[[489]],[[490]],[[491]],[[492]],[[493]],[[494]],[[495]],[[496]],[[497]],[[498]],[[499]],[[500]],[[501]],[[502]],[[503]],[[504]],[[505]],[[506]],[[507]],[[508]],[[509]],[[510]],[[511]],[[512]],[[513]],[[514]],[[515]],[[516]],[[517]],[[518]],[[519]],[[520]],[[521]],[[522]],[[523]],[[524]],[[525]],[[526]],[[527]],[[528]],[[529]],[[530]],[[531]],[[532]],[[533]]],"properties":{"name":"Красноярский край","name_en":"Krasnoyarsk","fo":"СФО","code":"KYA","iso_3166_2":"RU-KYA","hasc":"RU.KX","capital":"Красноярск"}},{"type":"MultiPolygon","arcs":[[[534]]],"properties":{"name":"Забайкальский край","name_en":"Zabaykal'ye","fo":"ДФО","code":"ZAB","iso_3166_2":"RU-ZAB","hasc":"RU.CT","capital":"Чита"}},{"type":"MultiPolygon","arcs":[[[535]]],"properties":{"name":"Иркутская область","name_en":"Irkutsk","fo":"СФО","code":"IRK","iso_3166_2":"RU-IRK","hasc":"RU.IR","capital":"Иркутск"}},{"type":"MultiPolygon","arcs":[[[536]]],"properties":{"name":"Пермский край","name_en":"Perm'","fo":"ПФО","code":"PER","iso_3166_2":"RU-PER","hasc":"RU.PE","capital":"Пермь"}},{"type":"MultiPolygon","arcs":[[[537]],[[538]],[[539]],[[540]],[[541]],[[542]],[[543]],[[544]]],"properties":{"name":"Камчатский край","name_en":"Kamchatka","fo":"ДФО","code":"KAM","iso_3166_2":"RU-KAM","hasc":"RU.KA","capital":"Петропавловск-Камчатский"}},{"type":"MultiPolygon","arcs":[[[545]],[[546]],[[547]]],"properties":{"name":"Москва","name_en":"Moscow City","fo":"ЦФО","code":"MOW","iso_3166_2":"RU-MOW","hasc":"RU.MV","capital":"Москва"}},{"type":"MultiPolygon","arcs":[[[548]]],"properties":{"name":"Донецкая Народная Республика","name_en":"Donetsk People's Republic","fo":"ЮФО","code":"DPR","iso_3166_2":"","hasc":"","capital":"Донецк"}},{"type":"MultiPolygon","arcs":[[[549]]],"properties":{"name":"Луганская Народная Республика","name_en":"Luhansk People's Republic","fo":"ЮФО","code":"LPR","iso_3166_2":"","hasc":"","capital":"Луганск"}},{"type":"MultiPolygon","arcs":[[[550]]],"properties":{"name":"Запорожская область","name_en":"Zaporozhye Oblast","fo":"ЮФО","code":"ZAP","iso_3166_2":"","hasc":"","capital":"Мелитополь"}},{"type":"MultiPolygon","arcs":[[[551]],[[552]],[[553]],[[554]]],"properties":{"name":"Херсонская область","name_en":"Kherson Oblast","fo":"ЮФО","code":"KHE","iso_3166_2":"","hasc":"","capital":"Геническ"}}]}},"arcs":[[[42.862,43.747],[42.862,43.662],[42.79,43.625],[42.646,43.589],[42.574,43.536],[42.574,43.503],[42.61,43.462],[42.61,43.438],[42.574,43.389],[42.538,43.377],[42.538,43.275],[42.502,43.235],[42.538,43.186],[42.466,43.202],[42.466,43.247],[42.358,43.243],[42.358,43.227],[42.286,43.206],[42.25,43.227],[42.07,43.202],[41.962,43.21],[41.854,43.247],[41.854,43.206],[41.71,43.21],[41.566,43.235],[41.494,43.296],[41.422,43.304],[41.422,43.361],[41.35,43.357],[41.35,43.332],[41.242,43.357],[41.242,43.369],[41.134,43.389],[41.098,43.377],[41.026,43.389],[41.026,43.426],[40.918,43.426],[40.918,43.454],[40.882,43.454],[40.882,43.483],[40.81,43.483],[40.774,43.515],[40.702,43.528],[40.738,43.58],[40.738,43.727],[40.774,43.759],[40.774,43.829],[40.81,43.857],[40.81,43.91],[40.918,43.922],[40.954,43.975],[40.954,44.04],[40.918,44.064],[40.954,44.109],[41.026,44.117],[41.134,44.077],[41.206,44.081],[41.314,44.044],[41.386,44.048],[41.422,44.012],[41.422,43.987],[41.494,43.946],[41.566,43.942],[41.638,44.012],[41.638,44.056],[41.71,44.056],[41.782,44.121],[41.782,44.15],[41.818,44.186],[41.818,44.247],[41.71,44.321],[41.71,44.345],[41.782,44.386],[41.854,44.406],[41.854,44.443],[41.926,44.471],[42.034,44.463],[42.034,44.435],[42.07,44.374],[42.178,44.321],[42.25,44.329],[42.466,44.3],[42.502,44.239],[42.574,44.219],[42.574,44.264],[42.682,44.26],[42.682,44.321],[42.718,44.329],[42.718,44.3],[42.826,44.247],[42.826,44.211],[42.754,44.195],[42.682,44.15],[42.61,44.142],[42.574,44.109],[42.502,44.081],[42.466,44.048],[42.466,43.979],[42.538,43.967],[42.538,43.934],[42.574,43.914],[42.646,43.91],[42.682,43.926],[42.646,43.983],[42.718,43.971],[42.826,43.873],[42.79,43.845],[42.79,43.812],[42.862,43.747]],[[34.833,64.669],[34.905,64.657],[34.905,64.628],[34.977,64.62],[34.941,64.576],[34.797,64.535],[34.833,64.506],[34.977,64.482],[34.977,64.417],[35.122,64.405],[35.122,64.352],[35.338,64.344],[35.338,64.291],[35.482,64.291],[35.446,64.315],[35.59,64.315],[35.626,64.332],[35.626,64.376],[35.842,64.315],[35.95,64.181],[36.022,64.181],[36.058,64.21],[36.166,64.153],[36.238,64.136],[36.202,64.067],[36.274,64.055],[36.274,63.978],[36.31,63.986],[36.454,63.957],[36.598,63.941],[36.598,63.904],[36.67,63.778],[36.526,63.677],[36.418,63.616],[36.238,63.64],[36.166,63.612],[35.986,63.624],[36.022,63.591],[36.166,63.486],[36.238,63.449],[36.274,63.368],[36.382,63.319],[36.382,63.286],[36.31,63.237],[36.346,63.221],[36.454,63.25],[36.454,63.209],[36.31,63.14],[36.346,63.103],[36.346,63.026],[36.67,62.819],[36.994,62.725],[37.102,62.701],[37.39,62.721],[37.498,62.705],[37.606,62.623],[37.642,62.497],[37.534,62.339],[37.462,62.335],[37.462,62.29],[37.534,62.253],[37.606,62.245],[37.714,62.253],[37.75,62.233],[37.75,62.18],[37.858,62.103],[37.858,62.05],[37.966,62.009],[37.93,61.981],[37.966,61.94],[37.894,61.907],[37.894,61.855],[37.858,61.826],[37.93,61.785],[37.93,61.765],[37.786,61.692],[37.786,61.55],[37.606,61.545],[37.39,61.525],[37.318,61.545],[37.246,61.594],[37.174,61.59],[37.066,61.631],[36.994,61.619],[36.886,61.57],[36.886,61.55],[36.742,61.582],[36.634,61.562],[36.526,61.464],[36.454,61.415],[35.662,61.196],[35.59,61.236],[35.518,61.208],[35.482,61.167],[35.338,61.204],[35.338,61.265],[35.374,61.301],[35.338,61.314],[35.302,61.285],[35.23,61.285],[35.158,61.257],[35.05,61.277],[35.014,61.297],[34.869,61.318],[34.761,61.342],[34.653,61.301],[34.545,61.277],[34.473,61.196],[34.473,61.155],[34.365,61.212],[34.221,61.261],[34.113,61.257],[33.789,61.277],[33.537,61.216],[33.465,61.196],[33.465,61.175],[33.645,61.098],[33.789,61.131],[33.861,61.122],[33.897,61.078],[33.825,60.996],[33.753,60.944],[33.681,60.952],[33.573,61.005],[33.429,61.013],[33.465,60.984],[33.285,60.923],[33.177,60.866],[33.141,60.834],[33.177,60.797],[33.033,60.752],[32.961,60.76],[32.781,60.647],[32.637,60.651],[32.313,60.712],[31.449,60.878],[30.873,60.988],[30.225,61.098],[30.045,61.139],[29.937,61.143],[29.901,61.171],[29.793,61.188],[29.649,61.188],[29.577,61.2],[29.577,61.244],[29.433,61.273],[29.361,61.297],[29.325,61.33],[29.361,61.379],[29.505,61.444],[29.505,61.484],[29.649,61.501],[29.757,61.57],[29.757,61.611],[29.865,61.672],[29.901,61.708],[29.973,61.724],[30.045,61.757],[30.045,61.806],[30.189,61.863],[30.261,61.932],[30.333,61.94],[30.297,61.956],[30.405,61.997],[30.405,62.021],[30.477,62.042],[30.621,62.139],[30.621,62.188],[30.657,62.212],[30.729,62.212],[30.801,62.245],[30.801,62.269],[30.945,62.31],[30.981,62.351],[31.089,62.408],[31.089,62.432],[31.161,62.448],[31.269,62.526],[31.269,62.57],[31.341,62.607],[31.377,62.648],[31.377,62.688],[31.413,62.713],[31.413,62.774],[31.557,62.871],[31.557,62.957],[31.521,62.997],[31.449,63.01],[31.449,63.042],[31.377,63.054],[31.377,63.075],[31.305,63.083],[31.269,63.111],[31.269,63.189],[31.233,63.193],[31.233,63.233],[31.161,63.242],[31.125,63.278],[30.981,63.311],[30.945,63.351],[30.837,63.372],[30.801,63.408],[30.729,63.412],[30.657,63.437],[30.477,63.465],[30.369,63.547],[30.261,63.583],[30.261,63.603],[30.189,63.648],[30.081,63.685],[29.973,63.754],[30.153,63.791],[30.261,63.823],[30.297,63.888],[30.405,63.945],[30.513,64.01],[30.549,64.071],[30.549,64.136],[30.477,64.173],[30.513,64.238],[30.369,64.271],[30.369,64.299],[30.297,64.307],[30.261,64.34],[30.153,64.352],[30.045,64.397],[30.081,64.441],[30.009,64.502],[30.009,64.596],[30.117,64.62],[30.153,64.645],[30.045,64.71],[30.081,64.783],[30.009,64.795],[29.757,64.787],[29.685,64.807],[29.613,64.897],[29.613,65.06],[29.685,65.076],[29.865,65.088],[29.829,65.157],[29.901,65.186],[29.901,65.206],[29.757,65.23],[29.649,65.222],[29.613,65.275],[29.757,65.324],[29.757,65.499],[29.865,65.544],[29.865,65.576],[29.757,65.601],[29.757,65.633],[30.009,65.69],[30.117,65.674],[30.117,65.836],[30.081,65.845],[30.081,65.91],[30.045,65.918],[30.045,65.971],[29.973,66.007],[29.973,66.068],[29.937,66.076],[29.937,66.125],[29.901,66.125],[29.793,66.198],[29.793,66.219],[29.685,66.263],[29.649,66.304],[29.649,66.357],[29.613,66.406],[29.541,66.455],[29.541,66.495],[29.397,66.581],[29.793,66.621],[30.117,66.613],[30.549,66.625],[30.657,66.646],[31.197,66.638],[31.341,66.65],[31.341,66.634],[31.449,66.638],[31.593,66.625],[31.557,66.597],[31.593,66.573],[31.593,66.52],[31.737,66.503],[31.737,66.475],[31.845,66.381],[32.097,66.385],[32.277,66.373],[32.313,66.394],[32.277,66.447],[32.457,66.422],[32.277,66.483],[32.493,66.491],[32.529,66.528],[32.529,66.589],[32.565,66.601],[32.853,66.589],[32.853,66.573],[33.141,66.548],[33.105,66.528],[32.997,66.524],[33.033,66.503],[33.213,66.524],[33.285,66.499],[33.285,66.475],[33.357,66.455],[33.537,66.438],[33.537,66.475],[33.609,66.475],[33.573,66.422],[33.717,66.402],[33.537,66.398],[33.501,66.373],[33.681,66.333],[33.465,66.329],[33.285,66.304],[33.177,66.268],[33.249,66.268],[33.357,66.296],[33.429,66.284],[33.537,66.304],[33.609,66.304],[33.573,66.268],[33.645,66.276],[33.789,66.259],[33.897,66.231],[33.897,66.202],[33.969,66.223],[34.113,66.223],[34.185,66.17],[34.257,66.17],[34.293,66.125],[34.545,66.068],[34.545,66.036],[34.617,65.995],[34.725,65.975],[34.653,65.958],[34.689,65.938],[34.653,65.893],[34.833,65.877],[34.833,65.84],[34.761,65.808],[34.653,65.8],[34.653,65.747],[34.689,65.706],[34.761,65.686],[34.725,65.666],[34.725,65.552],[34.761,65.54],[34.725,65.507],[34.653,65.499],[34.653,65.45],[34.689,65.438],[34.581,65.422],[34.581,65.438],[34.473,65.434],[34.473,65.409],[34.293,65.365],[34.473,65.344],[34.473,65.239],[34.545,65.247],[34.545,65.218],[34.617,65.214],[34.653,65.182],[34.653,65.084],[34.797,65.06],[34.761,65.031],[34.833,65.019],[34.797,64.978],[34.689,64.946],[34.761,64.942],[34.905,64.881],[34.905,64.836],[34.941,64.795],[34.869,64.771],[34.797,64.759],[34.833,64.726],[34.833,64.746],[34.941,64.755],[35.014,64.75],[34.977,64.73],[34.833,64.702],[34.833,64.669]],[[34.905,65.723],[34.977,65.718],[34.941,65.678],[34.689,65.759],[34.689,65.8],[34.833,65.792],[34.869,65.82],[34.905,65.792],[34.905,65.759],[34.833,65.747],[34.905,65.723]],[[33.789,66.268],[33.897,66.276],[33.969,66.255],[33.861,66.251],[33.789,66.268]],[[33.789,66.32],[33.789,66.296],[33.645,66.296],[33.645,66.312],[33.789,66.32]],[[33.861,66.345],[33.825,66.32],[33.789,66.353],[33.861,66.345]],[[33.393,66.532],[33.069,66.581],[33.213,66.581],[33.213,66.63],[33.249,66.605],[33.393,66.581],[33.393,66.556],[33.465,66.52],[33.393,66.532]],[[36.67,64.214],[36.598,64.197],[36.634,64.238],[36.67,64.214]],[[35.95,64.388],[35.986,64.348],[35.986,64.307],[35.914,64.315],[35.878,64.376],[35.95,64.388]],[[35.302,64.393],[35.266,64.356],[35.23,64.393],[35.302,64.393]],[[35.014,65.731],[34.905,65.735],[34.941,65.775],[35.014,65.731]],[[88.587,55.424],[88.587,55.384],[88.587,55.343],[88.479,55.323],[88.479,55.257],[88.515,55.168],[88.551,55.111],[88.515,55.074],[88.515,55.046],[88.587,54.936],[88.659,54.887],[88.731,54.859],[88.767,54.83],[88.767,54.794],[88.731,54.757],[88.587,54.725],[88.551,54.603],[88.551,54.428],[88.443,54.391],[88.335,54.379],[88.407,54.342],[88.479,54.326],[88.587,54.281],[88.659,54.302],[88.731,54.379],[88.839,54.395],[88.911,54.375],[88.911,54.314],[88.983,54.294],[89.055,54.306],[89.127,54.334],[89.199,54.265],[89.199,54.172],[89.163,54.131],[89.055,54.078],[89.055,54.033],[88.983,53.984],[88.983,53.952],[89.163,53.944],[89.163,53.866],[89.235,53.81],[89.235,53.773],[88.983,53.74],[88.983,53.716],[88.911,53.614],[88.875,53.59],[88.803,53.545],[88.839,53.472],[88.767,53.374],[88.767,53.338],[88.803,53.313],[88.875,53.366],[88.911,53.277],[88.983,53.252],[88.983,53.191],[88.911,53.187],[88.983,53.159],[89.055,53.143],[89.055,53.098],[88.983,53.077],[88.911,53.033],[88.911,52.988],[88.911,52.947],[88.983,52.959],[89.091,52.866],[89.199,52.846],[89.199,52.809],[89.235,52.789],[89.163,52.781],[89.127,52.724],[88.983,52.699],[88.983,52.659],[89.127,52.585],[89.091,52.577],[88.911,52.459],[88.839,52.447],[88.659,52.366],[88.659,52.272],[88.659,52.244],[88.587,52.215],[88.443,52.179],[88.407,52.183],[88.407,52.292],[88.443,52.333],[88.407,52.374],[88.407,52.414],[88.263,52.435],[88.227,52.41],[88.155,52.406],[88.083,52.455],[88.011,52.484],[87.939,52.52],[87.867,52.541],[87.759,52.496],[87.687,52.435],[87.615,52.431],[87.507,52.467],[87.291,52.508],[87.291,52.541],[87.291,52.589],[87.219,52.589],[87.147,52.569],[87.111,52.593],[87.111,52.663],[87.039,52.695],[86.967,52.687],[86.931,52.785],[86.931,52.85],[87.039,52.898],[87.039,52.959],[86.967,53.004],[86.931,53.065],[86.859,53.094],[86.715,53.163],[86.643,53.22],[86.643,53.256],[86.787,53.289],[86.859,53.313],[86.895,53.342],[86.895,53.391],[86.931,53.435],[86.895,53.464],[86.715,53.464],[86.715,53.484],[86.607,53.48],[86.499,53.5],[86.463,53.553],[86.463,53.59],[86.319,53.635],[86.319,53.663],[86.283,53.732],[86.283,53.789],[86.175,53.818],[86.175,53.915],[86.067,53.96],[85.995,53.997],[85.923,54.013],[85.887,54.045],[85.815,54.062],[85.743,54.127],[85.671,54.143],[85.527,54.212],[85.347,54.192],[85.275,54.285],[85.203,54.391],[85.095,54.416],[85.095,54.403],[84.986,54.534],[84.986,54.582],[85.023,54.643],[84.986,54.66],[84.95,54.692],[84.95,54.745],[85.023,54.757],[85.095,54.798],[84.986,54.92],[84.878,54.985],[84.914,55.03],[84.914,55.148],[84.878,55.192],[84.878,55.262],[84.914,55.31],[84.878,55.339],[84.878,55.375],[84.842,55.384],[84.626,55.38],[84.662,55.4],[84.734,55.416],[84.77,55.445],[84.77,55.481],[84.77,55.51],[84.77,55.567],[84.77,55.611],[84.662,55.644],[84.626,55.709],[84.554,55.729],[84.59,55.766],[84.59,55.823],[84.518,55.872],[84.59,55.912],[84.554,55.949],[84.554,56.002],[84.446,56.018],[84.59,56.055],[84.698,56.099],[84.734,56.124],[84.77,56.132],[84.95,56.124],[85.023,56.16],[85.275,56.197],[85.563,56.197],[85.635,56.217],[85.563,56.23],[85.527,56.278],[85.671,56.299],[85.743,56.331],[85.743,56.38],[85.851,56.396],[85.887,56.433],[85.995,56.453],[86.067,56.506],[86.175,56.51],[86.175,56.587],[86.247,56.632],[86.319,56.551],[86.391,56.547],[86.571,56.587],[86.607,56.616],[86.643,56.608],[86.715,56.62],[86.823,56.612],[86.787,56.547],[86.823,56.526],[86.967,56.539],[87.039,56.531],[87.147,56.563],[87.183,56.64],[87.291,56.632],[87.363,56.64],[87.363,56.575],[87.579,56.644],[87.615,56.624],[87.615,56.526],[87.867,56.583],[88.011,56.669],[88.191,56.714],[88.407,56.803],[88.443,56.787],[88.551,56.783],[88.587,56.84],[88.587,56.868],[88.659,56.848],[88.587,56.779],[88.659,56.705],[88.659,56.677],[88.659,56.644],[88.587,56.616],[88.515,56.592],[88.515,56.526],[88.587,56.522],[88.587,56.502],[88.587,56.457],[88.659,56.425],[88.731,56.356],[88.803,56.348],[88.875,56.36],[88.911,56.295],[89.055,56.282],[89.091,56.217],[89.163,56.144],[89.235,56.124],[89.235,56.091],[89.235,56.03],[89.235,56.01],[89.235,55.953],[89.307,55.872],[89.451,55.851],[89.415,55.831],[89.415,55.778],[89.235,55.733],[89.199,55.701],[89.199,55.685],[89.127,55.664],[88.911,55.652],[88.803,55.55],[88.767,55.51],[88.659,55.473],[88.587,55.424]],[[137.192,54.184],[137.192,54.22],[137.264,54.204],[137.3,54.224],[137.264,54.241],[137.3,54.261],[137.372,54.261],[137.372,54.302],[137.444,54.298],[137.516,54.31],[137.552,54.285],[137.66,54.294],[137.66,54.314],[137.732,54.314],[137.732,54.285],[137.624,54.245],[137.624,54.212],[137.588,54.184],[137.48,54.131],[137.48,54.086],[137.444,54.086],[137.444,54.139],[137.336,54.127],[137.3,54.098],[137.3,54.05],[137.156,54.037],[137.156,54.078],[137.12,54.078],[137.12,54.172],[137.192,54.184]],[[137.696,54.355],[137.84,54.432],[137.84,54.383],[137.696,54.355]],[[137.66,54.46],[137.624,54.46],[137.624,54.399],[137.66,54.391],[137.552,54.391],[137.552,54.42],[137.588,54.42],[137.588,54.46],[137.552,54.46],[137.552,54.521],[137.588,54.521],[137.624,54.55],[137.624,54.509],[137.66,54.509],[137.66,54.46]],[[136.472,54.647],[136.472,54.627],[136.364,54.635],[136.292,54.651],[136.292,54.696],[136.328,54.692],[136.328,54.651],[136.4,54.635],[136.472,54.647]],[[137.948,55.135],[137.948,55.099],[137.984,55.099],[137.984,55.062],[137.876,54.985],[137.948,55.001],[137.948,55.034],[138.056,55.05],[138.2,55.038],[138.2,54.993],[138.092,54.989],[138.056,54.977],[138.056,54.94],[137.984,54.92],[137.984,54.851],[138.02,54.843],[138.02,54.79],[137.948,54.757],[137.876,54.761],[137.876,54.717],[137.768,54.684],[137.732,54.66],[137.732,54.619],[137.66,54.643],[137.66,54.684],[137.624,54.684],[137.624,54.733],[137.588,54.733],[137.588,54.769],[137.552,54.769],[137.552,54.814],[137.516,54.814],[137.516,54.855],[137.408,54.855],[137.372,54.806],[137.264,54.773],[137.264,54.863],[137.3,54.863],[137.3,54.916],[137.336,54.916],[137.336,54.944],[137.408,54.969],[137.408,54.997],[137.48,55.022],[137.48,55.058],[137.516,55.058],[137.516,55.135],[137.552,55.135],[137.552,55.184],[137.66,55.188],[137.732,55.144],[137.804,55.144],[137.84,55.123],[137.948,55.135]],[[137.12,55.018],[137.048,54.989],[137.084,54.965],[137.084,54.924],[136.94,54.916],[136.94,54.952],[136.832,54.94],[136.832,54.924],[136.76,54.932],[136.76,54.887],[136.688,54.896],[136.688,54.965],[136.76,54.977],[136.76,55.001],[136.904,55.038],[136.904,55.058],[136.976,55.07],[137.012,55.107],[137.12,55.107],[137.156,55.119],[137.156,55.058],[137.12,55.058],[137.12,55.018]],[[141.44,53.317],[141.332,53.326],[141.368,53.35],[141.44,53.317]],[[139.82,54.342],[139.748,54.33],[139.784,54.355],[139.82,54.342]],[[137.912,54.489],[137.948,54.485],[137.948,54.452],[137.84,54.44],[137.84,54.489],[137.912,54.489]],[[145.437,61.993],[145.473,61.964],[145.545,61.973],[145.509,61.92],[145.581,61.92],[145.617,61.952],[145.689,61.956],[145.725,61.989],[145.725,62.046],[145.761,62.066],[145.833,62.001],[145.977,61.993],[146.049,61.973],[146.121,61.932],[146.229,61.907],[146.553,61.72],[146.517,61.672],[146.553,61.643],[146.661,61.611],[146.697,61.578],[146.661,61.513],[146.661,61.46],[146.733,61.444],[146.769,61.395],[146.733,61.326],[146.805,61.249],[146.841,61.175],[146.841,61.09],[146.769,61.057],[146.805,61.033],[146.769,60.964],[146.733,60.935],[146.589,60.927],[146.517,60.899],[146.553,60.874],[146.553,60.809],[146.517,60.752],[146.589,60.708],[146.517,60.663],[146.445,60.663],[146.337,60.683],[146.229,60.744],[146.157,60.736],[146.085,60.691],[146.013,60.691],[145.941,60.61],[145.869,60.614],[145.797,60.569],[145.725,60.553],[145.725,60.496],[145.617,60.484],[145.617,60.443],[145.689,60.37],[145.617,60.354],[145.725,60.289],[145.941,60.183],[146.085,60.224],[146.157,60.203],[146.229,60.203],[146.337,60.244],[146.481,60.228],[146.553,60.171],[146.589,60.118],[146.661,60.102],[146.769,60.098],[146.805,60.041],[146.733,59.992],[146.913,59.886],[147.021,59.951],[147.093,59.955],[147.129,59.886],[147.237,59.866],[147.237,59.821],[147.201,59.792],[147.273,59.76],[147.237,59.691],[147.273,59.646],[147.201,59.544],[147.201,59.414],[147.021,59.398],[146.949,59.369],[146.769,59.374],[146.697,59.39],[146.697,59.43],[146.553,59.463],[146.445,59.463],[146.337,59.406],[146.301,59.406],[146.301,59.357],[146.337,59.353],[146.337,59.296],[146.301,59.296],[146.301,59.235],[146.337,59.235],[146.337,59.191],[146.229,59.195],[146.121,59.178],[146.049,59.142],[145.977,59.146],[145.977,59.195],[145.869,59.211],[145.833,59.235],[145.833,59.288],[145.905,59.308],[145.941,59.333],[145.941,59.386],[145.977,59.41],[145.905,59.422],[145.905,59.402],[145.833,59.406],[145.797,59.369],[145.689,59.41],[145.545,59.418],[145.365,59.386],[145.329,59.41],[145.113,59.394],[145.005,59.365],[144.896,59.365],[144.788,59.382],[144.608,59.382],[144.428,59.369],[144.284,59.39],[144.212,59.382],[144.068,59.402],[143.888,59.402],[143.78,59.394],[143.636,59.345],[143.528,59.325],[143.384,59.325],[143.312,59.357],[143.204,59.353],[142.88,59.276],[142.664,59.239],[142.592,59.235],[142.268,59.13],[142.16,59.064],[142.052,59.024],[142.016,58.971],[141.944,58.942],[141.908,58.91],[141.908,58.869],[141.872,58.869],[141.872,58.824],[141.8,58.796],[141.8,58.768],[141.728,58.735],[141.728,58.707],[141.548,58.597],[141.332,58.507],[141.188,58.467],[141.008,58.438],[141.008,58.414],[140.936,58.397],[140.9,58.361],[140.72,58.263],[140.72,58.231],[140.684,58.231],[140.684,58.182],[140.648,58.182],[140.648,58.105],[140.612,58.105],[140.612,58.056],[140.576,58.056],[140.576,58.003],[140.54,58.003],[140.54,57.942],[140.504,57.942],[140.504,57.84],[140.432,57.832],[140.396,57.791],[140.324,57.783],[140.324,57.743],[140.288,57.767],[140.216,57.743],[140.108,57.739],[139.892,57.633],[139.892,57.592],[139.856,57.592],[139.856,57.547],[139.82,57.543],[139.82,57.486],[139.676,57.482],[139.568,57.446],[139.568,57.393],[139.532,57.393],[139.532,57.348],[139.46,57.328],[139.424,57.303],[139.352,57.303],[139.316,57.279],[139.172,57.271],[139.172,57.255],[139.064,57.21],[139.028,57.181],[139.028,57.145],[138.92,57.141],[138.92,57.031],[138.884,57.015],[138.776,57.015],[138.74,56.986],[138.668,56.986],[138.596,56.958],[138.596,56.888],[138.524,56.848],[138.452,56.844],[138.452,56.791],[138.416,56.791],[138.416,56.75],[138.38,56.718],[138.308,56.714],[138.272,56.693],[138.272,56.62],[138.128,56.6],[138.128,56.49],[138.164,56.465],[138.272,56.465],[138.236,56.429],[138.164,56.441],[138.056,56.441],[138.056,56.38],[137.912,56.368],[137.876,56.331],[137.876,56.266],[137.84,56.266],[137.84,56.23],[137.768,56.221],[137.768,56.177],[137.732,56.177],[137.732,56.132],[137.552,56.108],[137.516,56.063],[137.408,56.034],[137.408,55.945],[137.372,55.969],[137.264,55.953],[137.264,55.92],[137.156,55.896],[137.156,55.872],[137.084,55.855],[137.084,55.827],[137.048,55.827],[137.048,55.786],[136.904,55.778],[136.904,55.741],[136.832,55.729],[136.796,55.709],[136.796,55.656],[136.724,55.656],[136.616,55.611],[136.544,55.619],[136.544,55.583],[136.436,55.579],[136.4,55.542],[136.364,55.542],[136.364,55.51],[136.328,55.51],[136.328,55.457],[136.292,55.457],[136.292,55.42],[136.256,55.42],[136.256,55.375],[136.184,55.347],[136.184,55.319],[136.148,55.29],[136.04,55.282],[136.04,55.253],[135.968,55.245],[135.968,55.217],[135.896,55.205],[135.896,55.184],[135.788,55.168],[135.788,55.148],[135.716,55.115],[135.608,55.111],[135.5,55.058],[135.464,55.058],[135.464,55.026],[135.392,55.013],[135.284,54.928],[135.212,54.912],[135.212,54.863],[135.176,54.863],[135.176,54.79],[135.212,54.79],[135.212,54.761],[135.248,54.733],[135.428,54.684],[135.536,54.672],[135.572,54.656],[135.68,54.656],[135.68,54.615],[135.716,54.611],[135.716,54.57],[135.752,54.562],[135.896,54.562],[136.04,54.578],[136.112,54.599],[136.328,54.59],[136.508,54.586],[136.616,54.615],[136.616,54.651],[136.652,54.656],[136.652,54.611],[136.76,54.611],[136.76,54.643],[136.832,54.643],[136.832,54.599],[136.868,54.59],[136.868,54.542],[136.796,54.525],[136.832,54.497],[136.832,54.412],[136.76,54.428],[136.76,54.33],[136.832,54.322],[136.76,54.298],[136.76,54.257],[136.796,54.257],[136.796,54.22],[136.76,54.22],[136.76,54.188],[136.796,54.192],[136.796,54.09],[136.76,54.09],[136.76,54.041],[136.688,54.013],[136.688,53.818],[136.724,53.818],[136.724,53.785],[136.796,53.769],[136.868,53.793],[136.868,53.83],[137.084,53.846],[137.084,53.81],[137.192,53.83],[137.192,53.895],[137.228,53.899],[137.228,53.952],[137.264,53.952],[137.264,54.013],[137.3,54.013],[137.3,54.045],[137.444,54.037],[137.444,54.017],[137.552,53.96],[137.588,53.952],[137.84,53.96],[137.804,53.936],[137.804,53.903],[137.696,53.879],[137.66,53.846],[137.588,53.83],[137.588,53.773],[137.552,53.769],[137.552,53.716],[137.516,53.712],[137.516,53.663],[137.372,53.667],[137.264,53.606],[137.228,53.606],[137.228,53.561],[137.3,53.549],[137.3,53.529],[137.408,53.529],[137.444,53.549],[137.696,53.549],[137.732,53.561],[137.948,53.574],[137.984,53.614],[138.092,53.639],[138.092,53.655],[138.2,53.675],[138.2,53.704],[138.308,53.724],[138.308,53.761],[138.344,53.761],[138.344,53.879],[138.38,53.879],[138.38,53.915],[138.488,53.944],[138.524,53.98],[138.596,53.989],[138.596,53.83],[138.56,53.826],[138.56,53.777],[138.488,53.749],[138.488,53.724],[138.38,53.675],[138.344,53.647],[138.344,53.582],[138.272,53.561],[138.272,53.513],[138.416,53.509],[138.524,53.545],[138.524,53.574],[138.596,53.602],[138.596,53.643],[138.632,53.643],[138.632,53.696],[138.668,53.7],[138.668,53.797],[138.704,53.797],[138.704,53.915],[138.74,53.915],[138.74,53.964],[138.776,53.964],[138.776,54.082],[138.668,54.058],[138.704,54.086],[138.704,54.135],[138.74,54.135],[138.74,54.261],[138.668,54.265],[138.704,54.302],[138.848,54.269],[138.884,54.245],[139.1,54.192],[139.208,54.18],[139.316,54.176],[139.352,54.188],[139.46,54.192],[139.496,54.22],[139.568,54.224],[139.64,54.245],[139.712,54.298],[139.784,54.294],[139.784,54.192],[139.856,54.184],[139.892,54.192],[139.892,54.151],[140.0,54.102],[140.072,54.082],[140.144,54.078],[140.144,54.058],[140.216,54.054],[140.216,53.984],[140.324,53.964],[140.324,53.923],[140.252,53.907],[140.252,53.85],[140.288,53.85],[140.288,53.814],[140.324,53.814],[140.324,53.781],[140.468,53.724],[140.504,53.724],[140.504,53.659],[140.576,53.618],[140.684,53.59],[140.72,53.561],[140.792,53.533],[140.936,53.509],[140.9,53.472],[140.9,53.427],[140.972,53.427],[140.972,53.411],[141.116,53.395],[141.08,53.37],[141.152,53.35],[141.152,53.33],[141.224,53.321],[141.224,53.305],[141.404,53.297],[141.404,53.256],[141.332,53.22],[141.404,53.22],[141.404,53.179],[141.44,53.179],[141.44,53.147],[141.368,53.143],[141.368,53.073],[141.224,53.077],[141.26,53.033],[141.188,53.016],[141.188,52.992],[141.116,52.992],[141.08,53.021],[140.972,53.049],[140.972,53.065],[140.864,53.077],[140.864,53.118],[140.828,53.13],[140.72,53.13],[140.72,53.11],[140.864,53.033],[140.936,53.033],[140.936,52.939],[140.972,52.923],[141.044,52.923],[141.044,52.882],[141.116,52.886],[141.188,52.846],[141.188,52.805],[141.152,52.785],[141.224,52.744],[141.26,52.736],[141.26,52.553],[141.224,52.553],[141.224,52.508],[141.116,52.5],[141.116,52.39],[141.152,52.362],[141.224,52.349],[141.26,52.321],[141.26,52.284],[141.332,52.28],[141.332,52.248],[141.368,52.223],[141.512,52.219],[141.548,52.191],[141.548,52.15],[141.512,52.162],[141.404,52.142],[141.404,52.122],[141.332,52.101],[141.332,51.991],[141.404,51.975],[141.404,51.914],[141.332,51.918],[141.296,51.882],[141.188,51.853],[141.188,51.821],[141.152,51.821],[141.152,51.735],[141.116,51.735],[141.116,51.682],[141.044,51.686],[140.972,51.67],[140.936,51.638],[140.864,51.63],[140.864,51.573],[140.9,51.573],[140.9,51.487],[140.792,51.483],[140.792,51.426],[140.864,51.418],[140.864,51.369],[140.828,51.341],[140.684,51.329],[140.684,51.255],[140.648,51.247],[140.648,51.101],[140.684,51.101],[140.684,51.032],[140.648,51.028],[140.648,50.946],[140.576,50.942],[140.54,50.922],[140.54,50.885],[140.504,50.885],[140.504,50.779],[140.432,50.755],[140.432,50.682],[140.468,50.682],[140.468,50.596],[140.432,50.596],[140.432,50.487],[140.468,50.487],[140.468,50.43],[140.504,50.43],[140.504,50.133],[140.612,50.096],[140.684,50.096],[140.648,50.072],[140.648,50.043],[140.468,49.99],[140.468,49.929],[140.432,49.929],[140.432,49.889],[140.396,49.889],[140.396,49.852],[140.432,49.852],[140.432,49.803],[140.468,49.791],[140.54,49.791],[140.504,49.767],[140.504,49.632],[140.54,49.632],[140.54,49.531],[140.504,49.531],[140.504,49.474],[140.468,49.474],[140.468,49.441],[140.432,49.441],[140.432,49.299],[140.396,49.287],[140.324,49.295],[140.36,49.254],[140.324,49.254],[140.324,49.165],[140.36,49.161],[140.36,49.124],[140.324,49.108],[140.36,49.092],[140.288,49.092],[140.288,49.01],[140.216,48.97],[140.288,48.961],[140.288,48.994],[140.324,48.99],[140.324,49.022],[140.36,49.022],[140.36,48.904],[140.324,48.876],[140.252,48.86],[140.252,48.803],[140.216,48.803],[140.216,48.762],[140.18,48.762],[140.18,48.441],[140.108,48.404],[140.072,48.404],[140.072,48.368],[140.036,48.368],[140.036,48.323],[139.928,48.311],[139.892,48.282],[139.892,48.254],[139.856,48.254],[139.856,48.229],[139.784,48.201],[139.784,48.185],[139.712,48.168],[139.712,48.124],[139.676,48.124],[139.676,48.083],[139.64,48.083],[139.64,48.054],[139.604,48.054],[139.604,48.026],[139.568,48.026],[139.568,47.993],[139.532,47.993],[139.532,47.961],[139.424,47.92],[139.388,47.92],[139.388,47.884],[139.352,47.884],[139.352,47.855],[139.316,47.855],[139.316,47.827],[139.28,47.827],[139.28,47.786],[139.244,47.786],[139.244,47.733],[139.208,47.733],[139.208,47.652],[139.172,47.652],[139.172,47.611],[139.136,47.611],[139.136,47.579],[139.1,47.579],[139.1,47.513],[139.064,47.513],[139.064,47.404],[138.992,47.42],[138.848,47.485],[138.812,47.485],[138.74,47.457],[138.704,47.457],[138.596,47.485],[138.524,47.493],[138.596,47.542],[138.596,47.615],[138.524,47.672],[138.596,47.733],[138.668,47.77],[138.74,47.782],[138.776,47.802],[138.776,47.871],[138.74,47.875],[138.74,47.92],[138.668,48.002],[138.596,48.014],[138.596,48.067],[138.632,48.115],[138.704,48.128],[138.704,48.185],[138.668,48.172],[138.596,48.18],[138.56,48.197],[138.56,48.25],[138.452,48.311],[138.488,48.343],[138.488,48.38],[138.452,48.416],[138.344,48.453],[138.272,48.453],[138.2,48.412],[138.164,48.363],[138.2,48.335],[138.128,48.327],[138.056,48.307],[137.984,48.311],[137.912,48.282],[137.912,48.246],[137.876,48.225],[137.804,48.225],[137.732,48.193],[137.696,48.225],[137.624,48.229],[137.552,48.217],[137.516,48.189],[137.48,48.197],[137.408,48.172],[137.336,48.107],[137.336,48.054],[137.408,48.042],[137.408,47.993],[137.48,47.981],[137.588,47.92],[137.588,47.875],[137.444,47.855],[137.444,47.802],[137.516,47.802],[137.624,47.79],[137.768,47.713],[137.84,47.713],[137.912,47.729],[137.984,47.717],[137.984,47.692],[138.056,47.701],[138.056,47.668],[137.984,47.627],[138.056,47.603],[138.092,47.57],[138.092,47.505],[138.02,47.477],[138.02,47.452],[137.912,47.444],[137.912,47.379],[137.804,47.339],[137.696,47.367],[137.624,47.339],[137.552,47.269],[137.48,47.253],[137.408,47.208],[137.336,47.225],[137.264,47.269],[137.192,47.286],[137.084,47.322],[137.048,47.306],[136.976,47.192],[136.976,47.151],[136.94,47.103],[136.976,47.05],[136.976,47.001],[136.904,46.977],[136.796,46.92],[136.724,46.895],[136.724,46.867],[136.616,46.81],[136.472,46.83],[136.4,46.81],[136.4,46.794],[136.328,46.785],[136.148,46.834],[136.112,46.887],[136.04,46.887],[136.004,46.81],[135.968,46.806],[135.86,46.846],[135.824,46.891],[135.752,46.924],[135.788,46.936],[135.788,46.968],[135.716,46.981],[135.608,46.977],[135.572,46.993],[135.5,46.936],[135.428,46.924],[135.392,46.936],[135.392,46.977],[135.464,47.054],[135.356,47.099],[135.356,47.18],[135.32,47.192],[135.248,47.184],[135.176,47.212],[135.104,47.229],[135.032,47.164],[134.995,47.143],[134.887,47.176],[134.815,47.139],[134.707,47.139],[134.671,47.111],[134.671,47.066],[134.599,47.042],[134.599,46.972],[134.563,46.972],[134.527,47.005],[134.455,47.017],[134.455,46.964],[134.491,46.916],[134.491,46.85],[134.527,46.806],[134.491,46.761],[134.419,46.712],[134.347,46.708],[134.023,46.659],[134.023,46.745],[134.059,46.761],[134.059,46.789],[134.023,46.789],[134.023,46.846],[134.059,46.855],[134.059,46.972],[134.095,46.985],[134.095,47.029],[134.131,47.038],[134.131,47.086],[134.203,47.095],[134.239,47.119],[134.239,47.18],[134.203,47.217],[134.131,47.245],[134.167,47.261],[134.167,47.322],[134.239,47.343],[134.239,47.379],[134.275,47.387],[134.275,47.42],[134.347,47.436],[134.491,47.444],[134.563,47.493],[134.563,47.518],[134.635,47.538],[134.671,47.583],[134.671,47.631],[134.743,47.664],[134.743,47.701],[134.779,47.705],[134.779,47.766],[134.707,47.786],[134.671,47.823],[134.671,47.892],[134.563,47.916],[134.599,47.936],[134.563,47.961],[134.563,48.058],[134.635,48.095],[134.635,48.128],[134.671,48.144],[134.671,48.254],[134.707,48.274],[134.635,48.298],[134.563,48.363],[134.527,48.343],[134.455,48.355],[134.419,48.384],[134.347,48.372],[134.275,48.376],[134.311,48.376],[134.383,48.437],[134.455,48.461],[134.527,48.473],[134.599,48.461],[134.671,48.437],[134.743,48.433],[134.851,48.469],[134.923,48.571],[134.887,48.591],[134.779,48.624],[134.707,48.587],[134.599,48.636],[134.563,48.599],[134.491,48.677],[134.455,48.685],[134.383,48.738],[134.311,48.742],[134.239,48.693],[134.239,48.664],[134.167,48.644],[134.059,48.652],[133.735,48.693],[133.411,48.786],[133.339,48.843],[133.231,48.904],[133.231,48.994],[133.159,49.185],[133.087,49.193],[133.015,49.23],[132.943,49.222],[132.907,49.242],[132.799,49.242],[132.727,49.319],[132.655,49.291],[132.547,49.311],[132.475,49.279],[132.403,49.319],[132.403,49.368],[132.367,49.413],[132.259,49.437],[132.151,49.486],[132.043,49.454],[132.007,49.388],[131.971,49.368],[131.971,49.295],[131.899,49.287],[131.863,49.323],[131.755,49.34],[131.647,49.295],[131.539,49.258],[131.467,49.222],[131.395,49.254],[131.467,49.262],[131.467,49.299],[131.503,49.344],[131.503,49.567],[131.467,49.612],[131.395,49.685],[131.431,49.722],[131.467,49.726],[131.539,49.795],[131.503,49.828],[131.539,49.913],[131.467,49.966],[131.503,50.007],[131.467,50.051],[131.395,50.084],[131.467,50.121],[131.503,50.169],[131.431,50.226],[131.431,50.271],[131.323,50.3],[131.287,50.393],[131.215,50.373],[131.143,50.401],[131.071,50.413],[130.999,50.389],[130.927,50.413],[130.927,50.458],[130.963,50.499],[131.035,50.531],[131.035,50.592],[130.999,50.641],[130.927,50.67],[130.891,50.67],[130.747,50.621],[130.711,50.641],[130.711,50.686],[130.747,50.706],[130.747,50.739],[130.783,50.792],[130.855,50.857],[130.819,50.918],[130.819,50.946],[130.927,50.987],[130.963,51.011],[131.107,51.227],[131.215,51.231],[131.359,51.365],[131.503,51.361],[131.503,51.39],[131.539,51.426],[131.431,51.564],[131.503,51.67],[131.611,51.654],[131.791,51.682],[131.863,51.719],[131.935,51.711],[132.007,51.735],[132.115,51.735],[132.187,51.776],[132.223,51.772],[132.331,51.792],[132.403,51.882],[132.403,51.935],[132.475,51.955],[132.547,52.032],[132.835,52.166],[132.943,52.146],[133.015,52.162],[133.195,52.15],[133.303,52.183],[133.375,52.236],[133.411,52.292],[133.339,52.353],[133.231,52.394],[133.231,52.451],[133.303,52.496],[133.231,52.536],[133.195,52.61],[133.267,52.663],[133.339,52.663],[133.447,52.638],[133.519,52.598],[133.807,52.536],[133.879,52.512],[133.987,52.504],[134.059,52.459],[134.203,52.463],[134.275,52.443],[134.455,52.439],[134.527,52.41],[134.599,52.419],[134.599,52.496],[134.563,52.532],[134.707,52.63],[134.671,52.679],[134.599,52.699],[134.635,52.736],[134.599,52.797],[134.599,52.882],[134.671,52.992],[134.743,53.029],[134.815,53.086],[134.779,53.126],[134.815,53.159],[134.851,53.228],[134.815,53.256],[134.815,53.297],[134.707,53.334],[134.743,53.366],[134.887,53.362],[134.887,53.391],[134.779,53.452],[134.707,53.468],[134.707,53.505],[134.599,53.529],[134.563,53.574],[134.491,53.586],[134.419,53.521],[134.347,53.513],[134.239,53.525],[134.131,53.472],[133.987,53.431],[133.915,53.423],[133.879,53.452],[133.807,53.468],[133.735,53.456],[133.663,53.456],[133.591,53.521],[133.519,53.533],[133.447,53.472],[133.375,53.48],[133.303,53.472],[133.123,53.403],[133.123,53.362],[133.159,53.313],[133.087,53.281],[133.015,53.305],[132.943,53.289],[132.871,53.228],[132.799,53.204],[132.619,53.232],[132.439,53.208],[132.367,53.236],[132.079,53.195],[132.079,53.147],[131.971,53.118],[131.863,53.13],[131.827,53.187],[131.899,53.216],[131.863,53.248],[131.719,53.256],[131.503,53.204],[131.431,53.22],[131.539,53.277],[131.575,53.313],[131.575,53.354],[131.503,53.435],[131.467,53.496],[131.503,53.537],[131.467,53.59],[131.467,53.631],[131.431,53.704],[131.431,53.744],[131.395,53.777],[131.287,53.793],[131.215,53.777],[131.071,53.826],[130.963,53.814],[130.927,53.785],[130.819,53.85],[130.711,53.854],[130.639,53.907],[130.567,53.887],[130.495,53.899],[130.387,53.923],[130.495,54.009],[130.531,54.062],[130.531,54.123],[130.603,54.2],[130.675,54.216],[130.747,54.281],[130.783,54.302],[130.855,54.302],[130.927,54.334],[131.035,54.346],[131.071,54.322],[131.107,54.342],[131.251,54.554],[131.215,54.599],[131.251,54.651],[131.395,54.692],[131.395,54.725],[131.431,54.749],[131.539,54.745],[131.611,54.765],[131.611,54.802],[131.683,54.81],[131.827,54.847],[131.863,54.904],[131.971,54.92],[132.043,54.969],[132.079,55.042],[132.223,55.054],[132.367,55.074],[132.403,55.123],[132.403,55.209],[132.583,55.241],[132.655,55.286],[132.655,55.327],[132.727,55.38],[132.907,55.388],[132.943,55.424],[132.727,55.465],[132.691,55.506],[132.619,55.542],[132.691,55.599],[132.583,55.64],[132.547,55.685],[132.547,55.721],[132.511,55.733],[132.403,55.733],[132.331,55.75],[132.151,55.701],[131.935,55.701],[131.791,55.676],[131.755,55.713],[131.683,55.713],[131.503,55.676],[131.431,55.689],[131.323,55.664],[131.179,55.676],[131.107,55.664],[130.999,55.701],[130.963,55.737],[130.999,55.79],[130.891,55.859],[130.891,55.92],[130.927,55.957],[130.927,55.998],[130.963,56.075],[131.071,56.144],[131.143,56.254],[131.179,56.323],[131.179,56.429],[131.251,56.498],[131.359,56.514],[131.431,56.457],[131.503,56.465],[131.503,56.51],[131.575,56.535],[131.611,56.522],[131.611,56.486],[131.647,56.461],[131.755,56.478],[131.791,56.514],[131.719,56.587],[131.719,56.701],[131.863,56.754],[131.863,56.791],[131.827,56.848],[131.611,57.035],[131.431,57.149],[131.359,57.181],[131.251,57.185],[131.215,57.255],[131.287,57.267],[131.323,57.332],[131.395,57.336],[131.395,57.311],[131.539,57.271],[131.647,57.352],[131.647,57.438],[131.827,57.539],[131.827,57.58],[131.935,57.633],[132.007,57.637],[132.043,57.686],[132.115,57.722],[132.079,57.767],[132.007,57.804],[131.935,57.861],[131.827,57.901],[131.863,57.954],[131.827,57.978],[131.719,57.987],[131.647,58.035],[131.683,58.072],[131.647,58.101],[131.575,58.113],[131.539,58.194],[131.719,58.218],[131.791,58.153],[131.863,58.149],[131.971,58.121],[132.043,58.072],[132.187,58.076],[132.115,58.214],[132.187,58.267],[132.259,58.279],[132.223,58.328],[132.187,58.434],[132.187,58.528],[132.439,58.511],[132.475,58.54],[132.475,58.58],[132.583,58.641],[132.511,58.715],[132.583,58.759],[132.583,58.808],[132.619,58.885],[132.835,58.91],[132.907,58.967],[132.799,59.016],[132.871,59.101],[132.943,59.085],[133.015,59.109],[133.051,59.182],[133.159,59.203],[133.267,59.195],[133.411,59.211],[133.555,59.252],[133.663,59.211],[133.879,59.243],[133.951,59.235],[134.023,59.256],[134.239,59.191],[134.347,59.199],[134.455,59.154],[134.563,59.154],[134.671,59.203],[134.743,59.199],[134.779,59.146],[134.851,59.13],[134.995,59.13],[135.068,59.101],[135.176,59.089],[135.248,59.117],[135.248,59.142],[135.356,59.195],[135.356,59.264],[135.392,59.296],[135.5,59.341],[135.572,59.426],[135.68,59.475],[135.788,59.492],[135.932,59.479],[136.004,59.443],[136.112,59.426],[136.112,59.398],[136.22,59.382],[136.328,59.382],[136.364,59.353],[136.58,59.345],[136.76,59.3],[136.832,59.304],[136.904,59.345],[137.012,59.39],[137.12,59.394],[137.228,59.41],[137.3,59.455],[137.408,59.487],[137.552,59.573],[137.516,59.597],[137.516,59.638],[137.588,59.687],[137.696,59.719],[137.876,59.727],[138.056,59.719],[138.128,59.744],[138.164,59.703],[138.128,59.646],[138.236,59.646],[138.308,59.695],[138.308,59.719],[138.236,59.736],[138.236,59.821],[138.344,59.902],[138.236,59.955],[138.272,59.996],[138.272,60.049],[138.236,60.11],[138.272,60.138],[138.272,60.232],[138.38,60.313],[138.416,60.37],[138.344,60.443],[138.452,60.516],[138.416,60.549],[138.488,60.598],[138.56,60.671],[138.344,60.773],[138.236,60.85],[138.272,60.919],[138.38,61.017],[138.344,61.061],[138.38,61.082],[138.488,61.07],[138.524,61.106],[138.596,61.122],[138.776,61.212],[138.704,61.273],[138.776,61.322],[138.812,61.285],[138.884,61.31],[138.992,61.322],[139.064,61.31],[139.136,61.338],[139.136,61.399],[139.208,61.432],[139.316,61.411],[139.46,61.456],[139.64,61.468],[139.784,61.594],[139.892,61.611],[139.892,61.672],[140.0,61.765],[140.072,61.859],[140.0,61.932],[140.108,61.952],[140.252,61.94],[140.288,61.985],[140.396,62.034],[140.324,62.074],[140.36,62.151],[140.36,62.225],[140.396,62.318],[140.432,62.371],[140.54,62.4],[140.648,62.391],[140.72,62.4],[140.792,62.444],[140.828,62.493],[140.972,62.493],[141.008,62.444],[141.152,62.448],[141.152,62.379],[141.26,62.375],[141.368,62.396],[141.368,62.343],[141.476,62.265],[141.584,62.237],[141.584,62.168],[141.656,62.123],[141.764,62.099],[141.764,62.066],[141.908,62.054],[141.98,61.985],[142.088,62.005],[142.16,62.046],[142.268,62.046],[142.268,62.001],[142.34,61.924],[142.412,61.912],[142.484,61.867],[142.592,61.875],[142.7,61.948],[142.952,61.912],[142.988,61.863],[143.096,61.875],[143.096,61.932],[143.204,61.997],[143.204,62.078],[143.276,62.103],[143.348,62.103],[143.348,62.05],[143.42,62.013],[143.42,61.993],[143.492,61.997],[143.564,62.025],[143.636,62.013],[143.672,61.968],[143.636,61.944],[143.78,61.842],[143.78,61.863],[143.852,61.92],[143.924,61.928],[143.996,61.956],[144.068,61.944],[144.032,61.916],[144.032,61.838],[143.996,61.789],[143.996,61.745],[144.104,61.72],[144.176,61.737],[144.32,61.741],[144.392,61.769],[144.428,61.814],[144.608,61.838],[144.608,61.867],[144.68,61.985],[144.752,62.005],[144.788,62.042],[145.041,62.054],[145.113,62.021],[145.113,61.997],[145.293,61.948],[145.365,61.997],[145.437,61.993]],[[138.308,55.074],[138.38,55.095],[138.416,55.095],[138.416,55.046],[138.308,55.058],[138.308,55.074]],[[90.459,52.162],[90.279,52.17],[90.207,52.13],[90.171,52.114],[90.099,52.138],[90.063,52.126],[90.063,52.02],[89.991,51.967],[89.955,51.894],[90.027,51.817],[90.063,51.739],[90.027,51.715],[89.991,51.719],[89.883,51.695],[89.847,51.654],[89.775,51.605],[89.739,51.56],[89.631,51.52],[89.559,51.524],[89.487,51.548],[89.451,51.577],[89.307,51.556],[89.235,51.524],[89.163,51.536],[89.199,51.63],[88.983,51.597],[88.983,51.564],[88.911,51.552],[88.803,51.552],[88.803,51.536],[88.731,51.548],[88.659,51.507],[88.659,51.459],[88.659,51.402],[88.587,51.333],[88.515,51.304],[88.407,51.292],[88.335,51.324],[88.335,51.349],[88.263,51.377],[88.155,51.39],[88.083,51.463],[87.939,51.487],[87.903,51.532],[87.903,51.589],[88.011,51.601],[88.011,51.642],[88.119,51.723],[88.083,51.768],[88.011,51.747],[87.939,51.768],[87.903,51.804],[87.939,51.874],[88.011,51.947],[88.011,51.983],[88.011,52.036],[88.155,52.065],[88.263,52.065],[88.263,52.109],[88.407,52.138],[88.407,52.183],[88.443,52.179],[88.587,52.215],[88.659,52.244],[88.659,52.272],[88.659,52.366],[88.839,52.447],[88.911,52.459],[89.091,52.577],[89.127,52.585],[88.983,52.659],[88.983,52.699],[89.127,52.724],[89.163,52.781],[89.235,52.789],[89.199,52.809],[89.199,52.846],[89.091,52.866],[88.983,52.959],[88.911,52.947],[88.911,52.988],[88.911,53.033],[88.983,53.077],[89.055,53.098],[89.055,53.143],[88.983,53.159],[88.911,53.187],[88.983,53.191],[88.983,53.252],[88.911,53.277],[88.875,53.366],[88.803,53.313],[88.767,53.338],[88.767,53.374],[88.839,53.472],[88.803,53.545],[88.875,53.59],[88.911,53.614],[88.983,53.716],[88.983,53.74],[89.235,53.773],[89.235,53.81],[89.163,53.866],[89.163,53.944],[88.983,53.952],[88.983,53.984],[89.055,54.033],[89.055,54.078],[89.163,54.131],[89.199,54.172],[89.199,54.265],[89.127,54.334],[89.055,54.306],[88.983,54.294],[88.911,54.314],[88.911,54.375],[88.839,54.395],[88.731,54.379],[88.659,54.302],[88.587,54.281],[88.479,54.326],[88.407,54.342],[88.335,54.379],[88.443,54.391],[88.551,54.428],[88.551,54.603],[88.587,54.725],[88.731,54.757],[88.767,54.794],[88.767,54.83],[88.731,54.859],[88.659,54.887],[88.587,54.936],[88.515,55.046],[88.515,55.074],[88.551,55.111],[88.515,55.168],[88.479,55.257],[88.479,55.323],[88.587,55.343],[88.587,55.384],[88.587,55.424],[88.659,55.412],[88.767,55.339],[88.839,55.343],[88.875,55.31],[88.911,55.29],[88.983,55.233],[88.983,55.184],[89.055,55.127],[89.055,55.079],[89.163,55.07],[89.199,54.989],[89.307,54.997],[89.379,54.973],[89.415,54.985],[89.451,55.038],[89.559,55.046],[89.631,55.03],[89.631,54.997],[89.739,55.034],[89.883,55.083],[89.991,55.099],[90.063,55.083],[90.135,55.107],[90.135,55.131],[90.207,55.152],[90.207,55.107],[90.207,55.062],[90.351,55.046],[90.423,55.018],[90.459,54.948],[90.459,54.924],[90.459,54.867],[90.531,54.887],[90.675,54.904],[90.711,54.867],[90.711,54.83],[90.855,54.839],[90.927,54.79],[90.855,54.66],[90.855,54.627],[90.963,54.574],[91.107,54.521],[91.107,54.489],[91.179,54.383],[91.179,54.334],[91.251,54.269],[91.323,54.224],[91.395,54.119],[91.431,54.058],[91.431,53.964],[91.431,53.895],[91.359,53.854],[91.323,53.818],[91.323,53.753],[91.431,53.663],[91.431,53.602],[91.431,53.513],[91.503,53.476],[91.647,53.476],[91.755,53.448],[91.827,53.35],[91.755,53.236],[91.575,53.122],[91.431,53.106],[91.431,53.077],[91.395,53.098],[91.359,53.073],[91.395,53.025],[91.395,52.866],[91.323,52.793],[91.251,52.748],[91.035,52.659],[90.999,52.598],[90.855,52.577],[90.855,52.545],[90.783,52.524],[90.639,52.382],[90.459,52.162]],[[84.518,62.18],[84.446,62.066],[84.518,61.989],[84.59,61.887],[84.698,61.822],[84.77,61.789],[84.95,61.769],[85.203,61.696],[85.419,61.688],[85.491,61.655],[85.563,61.598],[85.671,61.578],[85.851,61.57],[85.923,61.55],[85.959,61.464],[85.671,61.423],[85.671,61.395],[85.671,61.261],[85.419,61.196],[84.95,61.053],[84.554,60.952],[84.266,60.846],[84.05,60.821],[83.942,60.834],[83.87,60.87],[83.69,60.931],[83.618,60.988],[83.474,61.013],[83.366,61.017],[83.15,61.0],[82.97,60.927],[82.502,60.756],[82.43,60.691],[82.43,60.638],[82.394,60.594],[82.25,60.512],[82.142,60.508],[81.998,60.594],[81.782,60.634],[81.674,60.622],[81.602,60.63],[81.494,60.602],[81.35,60.61],[81.206,60.606],[81.098,60.622],[81.062,60.663],[81.062,60.732],[80.882,60.777],[80.738,60.789],[80.63,60.773],[80.558,60.748],[80.45,60.744],[80.306,60.724],[80.162,60.667],[79.838,60.659],[79.658,60.667],[79.586,60.651],[79.334,60.643],[79.262,60.659],[79.262,60.691],[79.262,60.765],[79.19,60.797],[79.01,60.805],[78.938,60.785],[78.938,60.752],[78.866,60.744],[78.686,60.781],[78.686,60.821],[78.542,60.769],[78.434,60.765],[78.218,60.793],[78.11,60.789],[78.038,60.748],[77.93,60.748],[77.786,60.793],[77.462,60.805],[77.354,60.797],[77.246,60.805],[77.138,60.838],[77.066,60.789],[77.066,60.712],[76.994,60.634],[77.03,60.606],[77.066,60.512],[76.922,60.48],[76.814,60.451],[76.814,60.394],[76.814,60.342],[76.814,60.268],[76.814,60.159],[76.742,60.11],[76.706,60.077],[76.742,59.976],[76.742,59.939],[76.742,59.723],[76.67,59.683],[76.67,59.565],[76.562,59.544],[76.418,59.544],[76.238,59.516],[76.166,59.52],[76.058,59.418],[75.95,59.41],[75.842,59.329],[75.842,59.28],[75.626,59.182],[75.662,59.134],[75.662,59.073],[75.698,59.012],[75.626,58.91],[75.446,58.82],[75.302,58.739],[75.194,58.698],[75.158,58.65],[75.05,58.69],[74.869,58.674],[74.833,58.686],[74.653,58.707],[74.401,58.711],[74.113,58.702],[74.005,58.784],[73.933,58.8],[73.825,58.784],[73.681,58.841],[73.609,58.845],[73.429,58.792],[73.357,58.788],[73.105,58.82],[72.961,58.857],[72.961,58.869],[73.069,58.91],[73.105,58.951],[72.889,59.032],[72.889,59.052],[72.997,59.089],[72.997,59.109],[72.889,59.154],[72.817,59.154],[72.781,59.125],[72.637,59.101],[72.565,59.154],[72.457,59.195],[72.421,59.219],[72.421,59.3],[72.349,59.353],[72.097,59.52],[71.953,59.52],[71.881,59.532],[71.737,59.609],[71.377,59.736],[71.197,59.841],[71.125,59.837],[70.981,59.792],[70.909,59.813],[70.873,59.845],[70.585,59.805],[70.405,59.841],[70.225,59.898],[70.153,59.935],[69.973,59.886],[69.793,59.862],[69.685,59.853],[69.685,59.923],[69.541,59.955],[69.361,59.947],[69.289,59.927],[69.253,59.862],[69.325,59.829],[69.397,59.76],[68.857,59.544],[68.605,59.544],[68.569,59.451],[68.569,59.374],[68.497,59.3],[68.425,59.247],[68.353,59.239],[68.101,59.182],[67.921,59.162],[67.777,59.158],[67.669,59.081],[67.633,59.048],[67.453,59.007],[67.165,58.914],[67.129,58.959],[67.021,58.975],[66.949,58.93],[66.805,58.885],[66.841,58.833],[66.841,58.658],[66.301,58.572],[66.049,58.597],[65.977,58.568],[65.977,58.621],[65.941,58.658],[65.797,58.67],[65.653,58.735],[65.545,58.804],[65.473,58.873],[65.401,59.012],[65.401,59.048],[65.293,59.162],[65.293,59.235],[65.257,59.256],[65.149,59.252],[65.113,59.341],[64.86,59.333],[64.608,59.374],[64.464,59.406],[64.176,59.41],[64.032,59.439],[63.924,59.5],[63.852,59.577],[63.852,59.675],[63.816,59.74],[63.816,59.809],[63.852,59.853],[63.78,60.02],[63.78,60.085],[63.708,60.146],[63.636,60.171],[63.348,60.211],[63.276,60.24],[63.312,60.321],[63.24,60.451],[63.132,60.512],[63.024,60.606],[62.952,60.708],[62.88,60.785],[62.88,60.834],[62.844,60.887],[62.88,60.923],[62.88,60.968],[62.916,61.017],[62.88,61.07],[62.736,61.2],[62.448,61.281],[62.232,61.346],[62.052,61.415],[61.872,61.456],[61.476,61.582],[61.296,61.659],[61.08,61.704],[60.9,61.708],[60.72,61.733],[60.432,61.745],[60.072,61.712],[60.0,61.753],[59.964,61.814],[60.0,61.859],[59.964,61.883],[59.748,61.932],[59.64,61.936],[59.532,61.973],[59.46,61.948],[59.46,62.001],[59.424,62.058],[59.46,62.107],[59.46,62.164],[59.496,62.192],[59.496,62.261],[59.64,62.306],[59.604,62.363],[59.64,62.424],[59.568,62.497],[59.496,62.501],[59.424,62.554],[59.424,62.599],[59.352,62.701],[59.496,62.758],[59.496,62.843],[59.46,62.871],[59.316,62.92],[59.244,62.981],[59.244,63.05],[59.316,63.075],[59.28,63.14],[59.28,63.18],[59.352,63.237],[59.316,63.298],[59.388,63.323],[59.388,63.376],[59.424,63.416],[59.424,63.49],[59.496,63.64],[59.496,63.738],[59.46,63.807],[59.532,63.827],[59.604,63.917],[59.748,63.965],[59.784,64.022],[59.892,64.075],[59.856,64.14],[59.676,64.144],[59.64,64.189],[59.64,64.323],[59.676,64.38],[59.64,64.441],[59.496,64.482],[59.496,64.506],[59.604,64.576],[59.676,64.661],[59.748,64.673],[59.64,64.734],[59.64,64.795],[59.748,64.811],[59.784,64.877],[59.928,64.897],[59.928,64.925],[60.036,64.929],[60.036,65.015],[60.108,65.06],[60.18,65.068],[60.432,65.043],[60.468,65.027],[60.468,64.978],[60.576,64.962],[60.612,64.905],[60.756,64.942],[60.756,64.986],[60.828,65.019],[61.08,65.072],[61.08,65.104],[61.152,65.161],[61.224,65.161],[61.368,65.23],[61.332,65.356],[61.476,65.446],[61.62,65.556],[61.728,65.572],[61.728,65.592],[61.836,65.617],[61.908,65.666],[62.052,65.702],[62.232,65.641],[62.304,65.601],[62.34,65.548],[62.448,65.483],[62.448,65.401],[62.7,65.324],[62.88,65.291],[62.88,65.255],[62.808,65.076],[62.808,64.978],[62.736,64.885],[62.808,64.864],[62.88,64.771],[62.844,64.718],[62.7,64.645],[62.556,64.608],[62.592,64.551],[62.664,64.523],[62.88,64.474],[63.06,64.515],[63.204,64.494],[63.42,64.441],[63.492,64.401],[63.492,64.315],[63.672,64.254],[63.78,64.258],[63.96,64.291],[64.104,64.356],[64.5,64.352],[64.572,64.388],[64.68,64.376],[64.896,64.421],[65.005,64.433],[65.113,64.425],[65.257,64.441],[65.545,64.494],[65.653,64.494],[65.977,64.519],[66.193,64.527],[66.373,64.474],[66.409,64.449],[66.481,64.449],[66.733,64.506],[66.841,64.506],[66.913,64.482],[66.949,64.409],[66.913,64.38],[66.841,64.254],[66.877,64.201],[66.985,64.157],[67.237,64.128],[67.273,64.055],[67.381,64.071],[67.669,64.071],[67.741,64.083],[67.813,64.022],[67.885,64.031],[67.921,64.075],[68.137,64.124],[68.245,64.173],[68.389,64.222],[68.497,64.266],[68.569,64.262],[68.641,64.234],[68.965,64.165],[68.965,64.258],[69.037,64.315],[68.965,64.36],[68.965,64.397],[69.109,64.421],[69.253,64.425],[69.325,64.409],[69.469,64.352],[69.721,64.368],[69.829,64.36],[69.865,64.299],[70.189,64.315],[70.333,64.332],[70.513,64.242],[70.621,64.201],[70.765,64.181],[70.801,64.14],[70.801,64.087],[70.729,64.031],[70.657,64.002],[70.693,63.957],[70.801,63.876],[70.873,63.807],[70.945,63.693],[70.981,63.681],[71.377,63.689],[71.449,63.665],[71.557,63.567],[71.593,63.49],[71.557,63.412],[71.665,63.193],[71.773,63.197],[71.881,63.233],[72.097,63.242],[72.169,63.258],[72.205,63.294],[72.565,63.274],[72.745,63.29],[72.889,63.364],[72.925,63.412],[73.141,63.412],[73.213,63.327],[73.357,63.27],[73.429,63.201],[73.537,63.18],[73.753,63.18],[73.969,63.189],[74.185,63.176],[74.257,63.16],[74.437,63.091],[74.545,63.034],[74.725,63.034],[75.05,63.05],[75.194,63.063],[75.302,63.087],[75.41,63.099],[75.518,63.087],[75.626,63.107],[75.806,63.119],[75.914,63.087],[76.094,63.063],[76.238,63.03],[76.346,62.969],[76.418,62.969],[76.562,63.034],[76.742,63.038],[76.814,63.01],[76.958,63.002],[77.03,62.969],[77.138,62.843],[77.39,62.729],[77.678,62.631],[77.786,62.566],[78.038,62.522],[78.254,62.57],[78.614,62.587],[78.794,62.607],[78.974,62.583],[79.154,62.574],[79.334,62.574],[79.478,62.591],[79.73,62.579],[79.838,62.591],[79.91,62.725],[79.91,62.766],[79.91,62.81],[80.054,62.814],[80.234,62.847],[80.522,62.965],[80.486,62.981],[80.558,62.989],[80.63,63.014],[80.63,63.079],[80.738,63.103],[80.846,63.111],[80.954,63.136],[81.062,63.046],[81.17,62.989],[81.35,62.92],[81.278,62.863],[81.422,62.798],[81.53,62.786],[81.602,62.802],[81.746,62.713],[81.854,62.68],[81.926,62.696],[82.034,62.81],[82.142,62.819],[82.178,62.798],[82.322,62.762],[82.394,62.753],[82.574,62.766],[82.79,62.758],[82.79,62.648],[82.826,62.631],[83.078,62.607],[83.114,62.583],[83.114,62.53],[83.222,62.489],[83.402,62.457],[83.474,62.477],[83.618,62.53],[83.618,62.477],[83.726,62.505],[83.798,62.538],[83.87,62.53],[83.978,62.485],[84.014,62.436],[84.122,62.375],[84.194,62.379],[84.302,62.335],[84.338,62.265],[84.41,62.241],[84.446,62.196],[84.518,62.18]],[[40.09,45.073],[40.126,45.102],[40.306,45.093],[40.378,45.049],[40.378,45.024],[40.45,44.996],[40.522,44.951],[40.522,44.927],[40.594,44.866],[40.594,44.797],[40.63,44.748],[40.702,44.703],[40.63,44.65],[40.63,44.658],[40.594,44.703],[40.522,44.744],[40.45,44.756],[40.414,44.74],[40.414,44.699],[40.378,44.666],[40.378,44.609],[40.342,44.589],[40.414,44.532],[40.414,44.475],[40.486,44.398],[40.486,44.296],[40.414,44.247],[40.414,44.158],[40.45,44.113],[40.45,44.04],[40.486,43.999],[40.486,43.975],[40.45,43.955],[40.45,43.898],[40.414,43.857],[40.306,43.788],[40.234,43.8],[40.234,43.824],[40.162,43.861],[40.09,43.861],[39.91,43.946],[39.73,43.934],[39.658,43.987],[39.73,44.016],[39.694,44.056],[39.802,44.097],[39.802,44.113],[39.73,44.138],[39.73,44.211],[39.802,44.231],[39.91,44.158],[39.91,44.105],[39.946,44.089],[40.018,44.097],[40.09,44.146],[40.09,44.272],[40.018,44.268],[39.982,44.304],[39.982,44.329],[39.91,44.329],[39.874,44.357],[39.874,44.386],[39.91,44.414],[39.91,44.451],[39.874,44.475],[39.874,44.52],[39.838,44.548],[39.838,44.597],[39.91,44.626],[39.91,44.711],[40.054,44.76],[40.054,44.78],[39.946,44.817],[40.018,44.853],[39.982,44.878],[39.982,44.914],[39.91,44.923],[39.91,44.963],[39.946,44.988],[39.838,45.012],[39.766,44.996],[39.694,45.053],[39.622,45.012],[39.622,44.947],[39.586,44.914],[39.586,44.858],[39.442,44.829],[39.37,44.825],[39.262,44.837],[39.154,44.858],[39.01,44.849],[38.866,44.902],[38.794,44.906],[38.722,44.947],[38.722,44.975],[38.614,44.98],[38.578,45.0],[38.578,45.045],[38.65,45.089],[38.65,45.061],[38.722,45.041],[38.794,45.057],[38.902,45.02],[38.938,44.992],[39.01,44.988],[39.262,45.012],[39.37,45.053],[39.406,45.077],[39.478,45.097],[39.586,45.154],[39.622,45.183],[39.658,45.163],[39.766,45.167],[39.838,45.118],[39.91,45.081],[40.018,45.057],[40.09,45.073]],[[40.702,44.561],[40.702,44.544000000000004],[40.683454545454545,44.57130303030303],[40.702,44.561]],[[40.774,44.601],[40.774,44.536],[40.81,44.5],[40.81,44.459],[40.774,44.447],[40.702,44.459],[40.666,44.487],[40.702,44.508],[40.702,44.544000000000004],[40.738,44.491],[40.738,44.581],[40.702,44.638],[40.702,44.67],[40.774,44.601]],[[40.683454545454545,44.57130303030303],[40.666,44.581],[40.63,44.63],[40.63,44.65],[40.683454545454545,44.57130303030303]],[[87.111,52.593],[87.039,52.63],[86.967,52.646],[86.895,52.634],[86.715,52.569],[86.715,52.532],[86.643,52.516],[86.643,52.471],[86.643,52.374],[86.643,52.305],[86.715,52.276],[86.715,52.126],[86.607,52.122],[86.571,52.138],[86.391,52.126],[86.391,52.097],[86.319,52.032],[86.283,52.028],[86.139,52.065],[85.995,52.069],[85.887,52.057],[85.743,52.04],[85.815,52.008],[85.815,51.926],[85.851,51.886],[85.743,51.857],[85.743,51.792],[85.671,51.735],[85.635,51.731],[85.527,51.682],[85.419,51.634],[85.491,51.573],[85.347,51.564],[85.311,51.544],[85.239,51.507],[85.095,51.507],[84.95,51.471],[84.914,51.438],[84.734,51.43],[84.59,51.345],[84.446,51.324],[84.446,51.292],[84.374,51.28],[84.194,51.263],[84.122,51.239],[84.122,51.182],[84.122,51.113],[84.086,51.145],[83.978,51.113],[83.978,51.052],[84.05,51.04],[84.086,51.056],[84.122,51.044],[84.194,50.999],[84.302,50.991],[84.374,50.975],[84.446,50.967],[84.518,50.922],[84.446,50.885],[84.59,50.857],[84.59,50.816],[84.446,50.784],[84.518,50.731],[84.446,50.706],[84.374,50.718],[84.338,50.686],[84.122,50.653],[84.05,50.649],[84.05,50.67],[83.942,50.727],[83.942,50.792],[83.798,50.881],[83.762,50.901],[83.69,50.901],[83.546,50.954],[83.474,50.967],[83.402,50.983],[83.402,51.015],[83.366,51.003],[83.222,51.011],[83.15,50.991],[83.15,51.028],[83.078,51.036],[83.078,50.991],[82.97,50.918],[82.898,50.922],[82.754,50.946],[82.718,50.942],[82.718,50.853],[82.682,50.82],[82.502,50.767],[82.358,50.788],[82.25,50.788],[82.178,50.751],[82.142,50.747],[82.07,50.763],[81.998,50.804],[81.854,50.816],[81.782,50.792],[81.746,50.767],[81.602,50.755],[81.458,50.759],[81.458,50.808],[81.494,50.816],[81.458,50.865],[81.422,50.885],[81.422,50.979],[81.35,50.995],[81.17,50.954],[81.062,50.954],[81.062,51.052],[81.098,51.056],[81.134,51.101],[81.134,51.219],[81.098,51.227],[81.062,51.19],[80.882,51.243],[80.882,51.255],[80.846,51.272],[80.63,51.308],[80.63,51.292],[80.63,51.202],[80.45,51.207],[80.45,51.121],[80.486,51.101],[80.486,51.032],[80.45,50.991],[80.486,50.975],[80.414,50.975],[80.378,50.934],[80.234,50.926],[80.198,50.906],[80.198,50.832],[80.09,50.832],[80.054,50.849],[80.054,50.812],[79.982,50.828],[79.91,50.938],[79.874,50.999],[79.838,51.032],[79.802,51.089],[79.802,51.125],[79.73,51.182],[79.658,51.259],[79.586,51.308],[79.586,51.373],[79.586,51.41],[79.55,51.426],[79.55,51.459],[79.514,51.467],[79.442,51.593],[79.334,51.691],[79.334,51.707],[79.262,51.821],[79.226,51.833],[79.154,51.922],[79.154,51.959],[79.082,52.012],[79.082,52.04],[79.01,52.097],[78.938,52.183],[78.902,52.203],[78.902,52.244],[78.866,52.264],[78.794,52.366],[78.758,52.374],[78.686,52.447],[78.65,52.524],[78.542,52.618],[78.542,52.646],[78.362,52.789],[78.362,52.805],[78.326,52.858],[78.326,52.886],[78.182,53.029],[78.11,53.069],[78.038,53.171],[77.966,53.212],[77.93,53.256],[77.858,53.305],[77.93,53.37],[77.966,53.362],[77.93,53.419],[78.038,53.439],[78.038,53.46],[77.966,53.472],[77.966,53.557],[78.11,53.561],[78.182,53.606],[78.182,53.533],[78.218,53.505],[78.29,53.48],[78.362,53.492],[78.434,53.517],[78.578,53.525],[78.614,53.561],[78.614,53.594],[78.686,53.655],[78.938,53.683],[79.01,53.655],[79.01,53.696],[79.082,53.667],[79.19,53.679],[79.262,53.712],[79.334,53.683],[79.478,53.708],[79.478,53.724],[79.55,53.728],[79.586,53.753],[79.586,53.81],[79.73,53.838],[79.766,53.826],[79.838,53.85],[79.838,53.911],[80.054,53.989],[80.054,54.029],[80.09,54.058],[80.162,54.066],[80.162,54.037],[80.198,54.025],[80.306,54.078],[80.414,54.115],[80.45,54.102],[80.522,54.123],[80.522,54.167],[80.558,54.204],[80.738,54.245],[80.81,54.249],[80.774,54.318],[80.846,54.367],[80.882,54.363],[80.882,54.318],[80.954,54.265],[81.098,54.176],[81.098,54.115],[81.206,54.123],[81.278,54.082],[81.458,54.086],[81.458,54.054],[81.53,54.013],[81.53,53.923],[81.602,53.936],[81.71,53.919],[81.782,53.928],[81.818,53.919],[81.818,53.862],[81.71,53.83],[81.71,53.793],[81.782,53.724],[81.818,53.708],[81.854,53.724],[81.926,53.704],[82.034,53.679],[82.142,53.679],[82.178,53.659],[82.142,53.61],[82.322,53.566],[82.358,53.525],[82.466,53.513],[82.574,53.533],[82.502,53.582],[82.646,53.635],[82.646,53.675],[82.718,53.712],[82.718,53.797],[82.754,53.842],[82.898,53.907],[82.898,53.932],[83.042,53.98],[83.078,54.009],[83.15,54.041],[83.222,54.045],[83.294,54.033],[83.294,53.993],[83.33,53.96],[83.402,53.944],[83.474,53.997],[83.474,54.05],[83.474,54.086],[83.87,54.119],[83.942,54.102],[84.194,54.188],[84.338,54.159],[84.41,54.151],[84.41,54.131],[84.554,54.204],[84.554,54.241],[84.626,54.277],[84.698,54.306],[84.914,54.363],[85.095,54.383],[85.095,54.403],[85.095,54.416],[85.203,54.391],[85.275,54.285],[85.347,54.192],[85.527,54.212],[85.671,54.143],[85.743,54.127],[85.815,54.062],[85.887,54.045],[85.923,54.013],[85.995,53.997],[86.067,53.96],[86.175,53.915],[86.175,53.818],[86.283,53.789],[86.283,53.732],[86.319,53.663],[86.319,53.635],[86.463,53.59],[86.463,53.553],[86.499,53.5],[86.607,53.48],[86.715,53.484],[86.715,53.464],[86.895,53.464],[86.931,53.435],[86.895,53.391],[86.895,53.342],[86.859,53.313],[86.787,53.289],[86.643,53.256],[86.643,53.22],[86.715,53.163],[86.859,53.094],[86.931,53.065],[86.967,53.004],[87.039,52.959],[87.039,52.898],[86.931,52.85],[86.931,52.785],[86.967,52.687],[87.039,52.695],[87.111,52.663],[87.111,52.593]],[[130.999,55.701],[131.107,55.664],[131.179,55.676],[131.323,55.664],[131.431,55.689],[131.503,55.676],[131.683,55.713],[131.755,55.713],[131.791,55.676],[131.935,55.701],[132.151,55.701],[132.331,55.75],[132.403,55.733],[132.511,55.733],[132.547,55.721],[132.547,55.685],[132.583,55.64],[132.691,55.599],[132.619,55.542],[132.691,55.506],[132.727,55.465],[132.943,55.424],[132.907,55.388],[132.727,55.38],[132.655,55.327],[132.655,55.286],[132.583,55.241],[132.403,55.209],[132.403,55.123],[132.367,55.074],[132.223,55.054],[132.079,55.042],[132.043,54.969],[131.971,54.92],[131.863,54.904],[131.827,54.847],[131.683,54.81],[131.611,54.802],[131.611,54.765],[131.539,54.745],[131.431,54.749],[131.395,54.725],[131.395,54.692],[131.251,54.651],[131.215,54.599],[131.251,54.554],[131.107,54.342],[131.071,54.322],[131.035,54.346],[130.927,54.334],[130.855,54.302],[130.783,54.302],[130.747,54.281],[130.675,54.216],[130.603,54.2],[130.531,54.123],[130.531,54.062],[130.495,54.009],[130.387,53.923],[130.495,53.899],[130.567,53.887],[130.639,53.907],[130.711,53.854],[130.819,53.85],[130.927,53.785],[130.963,53.814],[131.071,53.826],[131.215,53.777],[131.287,53.793],[131.395,53.777],[131.431,53.744],[131.431,53.704],[131.467,53.631],[131.467,53.59],[131.503,53.537],[131.467,53.496],[131.503,53.435],[131.575,53.354],[131.575,53.313],[131.539,53.277],[131.431,53.22],[131.503,53.204],[131.719,53.256],[131.863,53.248],[131.899,53.216],[131.827,53.187],[131.863,53.13],[131.971,53.118],[132.079,53.147],[132.079,53.195],[132.367,53.236],[132.439,53.208],[132.619,53.232],[132.799,53.204],[132.871,53.228],[132.943,53.289],[133.015,53.305],[133.087,53.281],[133.159,53.313],[133.123,53.362],[133.123,53.403],[133.303,53.472],[133.375,53.48],[133.447,53.472],[133.519,53.533],[133.591,53.521],[133.663,53.456],[133.735,53.456],[133.807,53.468],[133.879,53.452],[133.915,53.423],[133.987,53.431],[134.131,53.472],[134.239,53.525],[134.347,53.513],[134.419,53.521],[134.491,53.586],[134.563,53.574],[134.599,53.529],[134.707,53.505],[134.707,53.468],[134.779,53.452],[134.887,53.391],[134.887,53.362],[134.743,53.366],[134.707,53.334],[134.815,53.297],[134.815,53.256],[134.851,53.228],[134.815,53.159],[134.779,53.126],[134.815,53.086],[134.743,53.029],[134.671,52.992],[134.599,52.882],[134.599,52.797],[134.635,52.736],[134.599,52.699],[134.671,52.679],[134.707,52.63],[134.563,52.532],[134.599,52.496],[134.599,52.419],[134.527,52.41],[134.455,52.439],[134.275,52.443],[134.203,52.463],[134.059,52.459],[133.987,52.504],[133.879,52.512],[133.807,52.536],[133.519,52.598],[133.447,52.638],[133.339,52.663],[133.267,52.663],[133.195,52.61],[133.231,52.536],[133.303,52.496],[133.231,52.451],[133.231,52.394],[133.339,52.353],[133.411,52.292],[133.375,52.236],[133.303,52.183],[133.195,52.15],[133.015,52.162],[132.943,52.146],[132.835,52.166],[132.547,52.032],[132.475,51.955],[132.403,51.935],[132.403,51.882],[132.331,51.792],[132.223,51.772],[132.187,51.776],[132.115,51.735],[132.007,51.735],[131.935,51.711],[131.863,51.719],[131.791,51.682],[131.611,51.654],[131.503,51.67],[131.431,51.564],[131.539,51.426],[131.503,51.39],[131.503,51.361],[131.359,51.365],[131.215,51.231],[131.107,51.227],[130.963,51.011],[130.927,50.987],[130.819,50.946],[130.819,50.918],[130.855,50.857],[130.783,50.792],[130.747,50.739],[130.747,50.706],[130.711,50.686],[130.711,50.641],[130.747,50.621],[130.891,50.67],[130.927,50.67],[130.999,50.641],[131.035,50.592],[131.035,50.531],[130.963,50.499],[130.927,50.458],[130.927,50.413],[130.999,50.389],[131.071,50.413],[131.143,50.401],[131.215,50.373],[131.287,50.393],[131.323,50.3],[131.431,50.271],[131.431,50.226],[131.503,50.169],[131.467,50.121],[131.395,50.084],[131.467,50.051],[131.503,50.007],[131.467,49.966],[131.539,49.913],[131.503,49.828],[131.539,49.795],[131.467,49.726],[131.431,49.722],[131.395,49.685],[131.467,49.612],[131.503,49.567],[131.503,49.344],[131.467,49.299],[131.467,49.262],[131.395,49.254],[131.287,49.25],[131.215,49.258],[131.143,49.234],[131.071,49.148],[130.999,49.092],[130.999,49.031],[130.963,48.99],[130.855,48.994],[130.675,48.941],[130.603,48.909],[130.567,48.86],[130.495,48.856],[130.459,48.9],[130.387,48.9],[130.351,48.876],[130.243,48.86],[130.099,48.937],[130.099,48.957],[129.991,48.986],[129.991,49.018],[129.919,49.026],[129.919,49.1],[129.847,49.108],[129.847,49.173],[129.775,49.177],[129.739,49.193],[129.739,49.262],[129.667,49.287],[129.559,49.279],[129.523,49.327],[129.523,49.413],[129.487,49.433],[129.379,49.433],[129.379,49.368],[129.307,49.352],[129.271,49.388],[129.199,49.397],[129.127,49.344],[129.055,49.356],[129.055,49.393],[128.983,49.454],[128.911,49.458],[128.875,49.478],[128.767,49.466],[128.731,49.502],[128.803,49.539],[128.803,49.58],[128.731,49.592],[128.731,49.567],[128.515,49.596],[128.479,49.588],[128.371,49.588],[128.335,49.567],[128.335,49.535],[128.263,49.502],[128.227,49.523],[128.155,49.523],[128.119,49.539],[128.047,49.547],[127.975,49.588],[127.975,49.608],[127.903,49.58],[127.795,49.592],[127.795,49.616],[127.759,49.62],[127.687,49.661],[127.687,49.698],[127.651,49.706],[127.651,49.783],[127.579,49.783],[127.507,49.82],[127.507,49.852],[127.543,49.872],[127.543,49.925],[127.507,49.954],[127.507,49.99],[127.471,49.994],[127.507,50.047],[127.507,50.08],[127.543,50.084],[127.543,50.121],[127.579,50.137],[127.579,50.173],[127.615,50.198],[127.579,50.243],[127.471,50.255],[127.363,50.287],[127.327,50.316],[127.327,50.373],[127.363,50.385],[127.363,50.434],[127.291,50.454],[127.291,50.503],[127.363,50.544],[127.363,50.592],[127.291,50.645],[127.291,50.755],[127.219,50.775],[127.219,50.812],[127.183,50.828],[127.111,50.934],[127.003,50.991],[127.003,51.019],[126.931,51.048],[126.931,51.117],[126.895,51.125],[126.895,51.198],[126.967,51.263],[126.967,51.324],[126.895,51.32],[126.859,51.296],[126.931,51.263],[126.931,51.251],[126.859,51.243],[126.823,51.259],[126.823,51.329],[126.931,51.341],[126.931,51.39],[126.787,51.418],[126.787,51.483],[126.823,51.532],[126.679,51.577],[126.679,51.605],[126.751,51.63],[126.715,51.658],[126.715,51.719],[126.643,51.723],[126.643,51.76],[126.607,51.772],[126.607,51.8],[126.571,51.825],[126.571,51.857],[126.463,51.926],[126.463,52.016],[126.535,52.048],[126.535,52.101],[126.571,52.122],[126.463,52.17],[126.319,52.187],[126.283,52.203],[126.319,52.244],[126.427,52.268],[126.427,52.292],[126.319,52.305],[126.355,52.325],[126.355,52.39],[126.283,52.439],[126.283,52.459],[126.175,52.463],[126.211,52.5],[126.211,52.532],[126.067,52.589],[125.995,52.581],[125.959,52.61],[125.959,52.659],[126.067,52.663],[126.067,52.715],[126.031,52.744],[126.103,52.744],[126.103,52.776],[126.031,52.793],[126.031,52.776],[125.959,52.76],[125.923,52.805],[125.851,52.85],[125.851,52.894],[125.815,52.898],[125.707,52.878],[125.671,52.858],[125.635,52.894],[125.743,52.939],[125.743,52.988],[125.671,52.996],[125.635,53.029],[125.635,53.057],[125.563,53.077],[125.563,53.061],[125.491,53.045],[125.491,53.086],[125.419,53.122],[125.311,53.134],[125.239,53.179],[125.167,53.191],[124.986,53.191],[124.878,53.163],[124.914,53.106],[124.842,53.106],[124.842,53.13],[124.734,53.134],[124.698,53.155],[124.734,53.175],[124.662,53.195],[124.518,53.191],[124.446,53.204],[124.374,53.244],[124.374,53.269],[124.23,53.366],[124.158,53.342],[124.086,53.346],[124.086,53.387],[124.014,53.391],[124.014,53.411],[123.906,53.456],[123.87,53.48],[123.654,53.496],[123.654,53.525],[123.582,53.545],[123.582,53.517],[123.51,53.496],[123.546,53.545],[123.474,53.549],[123.474,53.505],[123.438,53.529],[123.366,53.529],[123.258,53.561],[123.186,53.553],[123.186,53.525],[123.114,53.5],[123.042,53.513],[123.006,53.492],[122.826,53.456],[122.646,53.46],[122.466,53.443],[122.394,53.443],[122.322,53.496],[122.25,53.46],[122.142,53.456],[122.106,53.427],[122.034,53.419],[122.034,53.484],[121.962,53.553],[121.962,53.635],[121.926,53.667],[121.962,53.712],[121.926,53.761],[121.962,53.822],[121.89,53.85],[121.854,53.911],[121.746,53.989],[121.71,53.956],[121.638,54.045],[121.638,54.123],[121.746,54.196],[121.71,54.257],[121.71,54.294],[121.674,54.33],[121.674,54.375],[121.71,54.416],[121.782,54.452],[121.818,54.395],[121.89,54.395],[122.07,54.452],[122.106,54.489],[121.998,54.521],[121.998,54.546],[121.926,54.578],[121.926,54.623],[121.854,54.668],[121.89,54.708],[121.89,54.749],[121.854,54.79],[121.746,54.778],[121.674,54.733],[121.674,54.834],[121.71,54.875],[121.89,54.969],[121.962,55.022],[121.962,55.144],[122.034,55.192],[121.926,55.209],[121.926,55.262],[121.998,55.388],[121.962,55.465],[121.89,55.542],[121.818,55.591],[121.746,55.607],[121.674,55.603],[121.674,55.567],[121.638,55.518],[121.566,55.481],[121.494,55.502],[121.386,55.51],[121.314,55.558],[121.35,55.603],[121.278,55.741],[121.314,55.782],[121.314,55.827],[121.242,55.864],[121.242,55.981],[121.206,56.014],[121.134,56.034],[121.026,56.002],[120.954,56.03],[120.846,56.026],[120.774,55.981],[120.702,55.981],[120.63,55.929],[120.522,55.929],[120.45,55.896],[120.342,55.892],[120.27,55.929],[120.126,55.892],[120.054,55.953],[120.054,56.152],[120.162,56.221],[120.45,56.246],[120.486,56.27],[120.45,56.303],[120.342,56.315],[120.342,56.368],[120.27,56.388],[120.27,56.457],[120.234,56.465],[120.126,56.457],[120.09,56.482],[120.018,56.478],[119.946,56.494],[119.946,56.535],[119.766,56.608],[119.766,56.653],[119.838,56.669],[119.838,56.697],[119.622,56.754],[119.622,56.787],[119.802,56.876],[119.766,56.905],[120.09,56.921],[120.27,56.99],[120.378,57.027],[120.522,57.031],[120.666,57.055],[120.738,57.039],[120.846,57.051],[120.954,57.051],[121.026,57.035],[121.314,56.998],[121.494,56.99],[121.566,56.917],[121.566,56.876],[121.638,56.856],[121.638,56.771],[121.746,56.766],[121.89,56.746],[121.998,56.771],[122.178,56.762],[122.322,56.669],[122.466,56.628],[122.574,56.559],[122.682,56.506],[122.754,56.502],[122.862,56.526],[122.862,56.575],[122.898,56.6],[122.97,56.592],[123.114,56.49],[123.294,56.441],[123.438,56.413],[123.726,56.429],[123.87,56.425],[123.978,56.376],[124.086,56.315],[124.158,56.23],[124.194,56.217],[124.266,56.14],[124.266,56.124],[124.374,56.091],[124.446,56.018],[124.446,55.977],[124.554,55.92],[124.662,55.929],[124.734,55.92],[124.734,55.896],[124.842,55.884],[124.878,55.855],[125.059,55.851],[125.131,55.884],[125.383,55.876],[125.491,55.839],[125.599,55.77],[125.779,55.79],[125.995,55.75],[126.067,55.725],[126.067,55.619],[126.175,55.607],[126.283,55.619],[126.391,55.591],[126.535,55.615],[126.643,55.664],[126.679,55.64],[126.751,55.615],[126.895,55.607],[126.967,55.656],[126.967,55.68],[127.075,55.705],[127.219,55.697],[127.327,55.701],[127.327,55.664],[127.435,55.595],[127.507,55.611],[127.615,55.619],[127.651,55.689],[127.687,55.713],[127.759,55.721],[127.831,55.709],[127.867,55.66],[127.939,55.664],[127.975,55.689],[128.083,55.676],[128.155,55.705],[128.335,55.656],[128.407,55.619],[128.479,55.607],[128.479,55.579],[128.551,55.558],[128.659,55.558],[128.695,55.526],[128.803,55.506],[128.875,55.522],[128.983,55.502],[129.055,55.522],[129.127,55.579],[129.127,55.632],[129.019,55.68],[129.163,55.717],[129.235,55.709],[129.307,55.737],[129.379,55.725],[129.451,55.762],[129.559,55.746],[129.631,55.77],[129.775,55.75],[129.811,55.737],[129.883,55.766],[129.955,55.758],[130.027,55.709],[130.099,55.729],[130.243,55.713],[130.315,55.75],[130.351,55.741],[130.639,55.758],[130.711,55.774],[130.855,55.746],[130.999,55.701]],[[40.09,64.584],[40.162,64.543],[40.306,64.551],[40.378,64.527],[40.43819672131146,64.527],[40.278843930635844,64.58100289017341],[40.27,64.567],[40.162,64.559],[40.234,64.628],[40.299647058823524,64.62435294117647],[40.306,64.633],[40.45,64.62],[40.45,64.669],[40.414,64.685],[40.45,64.718],[40.414,64.746],[40.486,64.763],[40.414,64.795],[40.414,64.872],[40.378,64.881],[40.414,64.917],[40.342,64.933],[40.306,65.003],[40.162,65.051],[40.126,65.051],[40.054,65.104],[40.018,65.169],[39.946,65.186],[39.91,65.239],[39.838,65.263],[39.73,65.328],[39.73,65.54],[39.874,65.633],[39.982,65.649],[40.198,65.698],[40.27,65.739],[40.486,65.804],[40.558,65.849],[40.558,65.869],[40.63,65.901],[40.63,65.93],[40.774,65.991],[41.062,66.011],[41.278,66.044],[41.566,66.133],[41.566,66.15],[41.674,66.186],[41.782,66.247],[41.854,66.32],[41.962,66.333],[41.962,66.357],[42.07,66.43],[42.106,66.487],[42.25,66.516],[42.322,66.512],[42.43,66.471],[42.61,66.438],[42.646,66.402],[42.574,66.394],[42.862,66.39],[43.222,66.41],[43.294,66.394],[43.366,66.32],[43.438,66.32],[43.618,66.284],[43.69,66.231],[43.474,66.17],[43.402,66.129],[43.402,66.109],[43.294,66.089],[43.33,66.036],[43.474,66.129],[43.69,66.17],[43.726,66.194],[43.906,66.162],[43.942,66.101],[44.086,66.068],[44.014,66.003],[44.05,65.967],[44.122,65.934],[44.122,65.889],[44.194,65.881],[44.086,65.995],[44.158,66.036],[44.158,66.109],[44.122,66.109],[44.05,66.231],[44.194,66.381],[44.23,66.398],[44.446,66.377],[44.518,66.349],[44.626,66.272],[45.023,66.227],[45.203,66.211],[45.383,66.162],[45.455,66.125],[45.599,66.089],[45.671,66.085],[45.851,66.117],[45.959,66.097],[46.067,66.044],[46.139,66.024],[46.427,66.076],[46.679,65.975],[47.039,65.857],[47.147,65.836],[47.435,65.853],[47.687,65.849],[47.795,65.857],[47.687,65.942],[47.795,66.011],[47.903,66.068],[48.119,66.129],[48.335,66.137],[48.479,66.121],[48.659,66.125],[48.947,66.109],[49.019,66.019],[49.019,65.942],[48.983,65.796],[49.019,65.641],[49.019,65.446],[49.055,65.275],[49.199,65.295],[49.631,65.32],[49.703,65.198],[49.811,65.121],[49.991,64.954],[50.099,64.897],[50.315,64.86],[50.423,64.852],[50.279,64.523],[50.063,64.543],[49.883,64.584],[49.559,64.608],[49.415,64.474],[49.307,64.494],[49.163,64.506],[48.911,64.498],[48.803,64.364],[48.443,64.36],[48.443,64.287],[48.407,64.242],[48.119,64.271],[48.083,64.323],[48.083,64.376],[47.795,64.393],[47.579,64.393],[47.435,64.376],[47.219,64.388],[46.535,64.368],[46.355,64.291],[46.211,64.287],[45.923,64.323],[45.707,64.299],[45.527,64.246],[45.419,64.23],[45.455,64.205],[45.455,64.157],[45.527,64.128],[45.563,64.083],[45.779,63.998],[45.851,63.99],[46.031,63.994],[46.211,63.945],[46.391,63.933],[46.715,63.811],[46.859,63.734],[46.967,63.697],[47.039,63.648],[47.003,63.555],[46.895,63.498],[46.859,63.445],[46.931,63.412],[47.003,63.319],[47.003,63.294],[47.255,63.237],[47.327,63.201],[47.471,63.172],[47.543,63.124],[47.435,63.034],[47.183,62.92],[47.039,62.888],[47.219,62.66],[47.219,62.554],[47.183,62.347],[47.363,62.347],[47.363,62.217],[47.579,62.217],[47.651,62.33],[47.939,62.343],[48.263,62.326],[48.263,62.42],[48.191,62.481],[48.335,62.725],[48.623,62.729],[48.731,62.835],[49.595,62.77],[49.307,62.139],[49.235,62.131],[49.055,61.676],[49.523,61.606],[49.379,61.419],[49.235,61.179],[49.199,61.171],[49.055,61.196],[48.875,61.139],[48.767,61.151],[48.659,61.106],[48.407,61.021],[48.335,60.931],[48.335,60.854],[48.155,60.874],[47.975,60.887],[47.939,60.915],[47.975,60.952],[47.903,61.021],[47.759,61.025],[47.543,61.07],[47.471,61.07],[47.399,61.045],[47.183,61.057],[47.183,61.021],[47.111,60.931],[47.075,60.862],[47.003,60.85],[46.895,60.854],[46.751,60.883],[46.787,60.931],[46.751,60.972],[46.643,60.964],[46.535,60.992],[46.499,61.029],[46.427,61.029],[46.319,60.972],[46.175,60.964],[45.995,60.964],[45.779,61.017],[45.743,61.061],[45.815,61.118],[45.815,61.167],[45.671,61.183],[45.419,61.192],[45.275,61.2],[45.275,61.155],[45.203,60.972],[45.203,60.911],[44.95,60.927],[44.518,60.927],[44.23,60.952],[44.158,61.005],[44.194,61.021],[44.158,61.045],[44.014,61.049],[43.87,61.013],[43.726,60.996],[43.726,60.935],[43.618,60.927],[43.582,60.878],[43.474,60.854],[43.474,60.797],[43.33,60.785],[43.258,60.789],[43.15,60.821],[43.078,60.765],[43.006,60.736],[42.862,60.838],[42.718,60.883],[42.61,60.87],[42.538,60.809],[42.43,60.793],[42.394,60.769],[42.286,60.805],[42.142,60.834],[42.142,60.878],[42.106,60.891],[42.034,60.85],[41.962,60.87],[41.926,60.911],[41.818,60.927],[41.782,60.907],[41.782,60.846],[41.638,60.878],[41.602,60.923],[41.53,60.907],[41.458,60.866],[41.386,60.85],[41.422,60.781],[41.35,60.724],[41.17,60.671],[40.99,60.679],[40.774,60.765],[40.702,60.785],[40.63,60.756],[40.45,60.797],[40.378,60.793],[40.378,60.752],[40.306,60.72],[40.234,60.736],[40.054,60.712],[39.982,60.683],[39.838,60.712],[39.766,60.773],[39.622,60.773],[39.514,60.708],[39.406,60.716],[39.334,60.708],[39.298,60.728],[39.226,60.728],[39.154,60.683],[39.046,60.712],[38.938,60.708],[38.83,60.748],[38.686,60.74],[38.578,60.834],[38.434,60.846],[38.362,60.891],[38.398,60.927],[38.398,60.996],[38.29,60.931],[38.146,60.976],[38.182,61.017],[38.182,61.066],[38.218,61.086],[38.11,61.163],[38.038,61.163],[37.966,61.196],[38.002,61.24],[37.858,61.334],[37.858,61.383],[37.786,61.432],[37.822,61.509],[37.786,61.55],[37.786,61.692],[37.93,61.765],[37.93,61.785],[37.858,61.826],[37.894,61.855],[37.894,61.907],[37.966,61.94],[37.93,61.981],[37.966,62.009],[37.858,62.05],[37.858,62.103],[37.75,62.18],[37.75,62.233],[37.714,62.253],[37.606,62.245],[37.534,62.253],[37.462,62.29],[37.462,62.335],[37.534,62.339],[37.642,62.497],[37.606,62.623],[37.498,62.705],[37.39,62.721],[37.102,62.701],[36.994,62.725],[36.67,62.819],[36.346,63.026],[36.346,63.103],[36.31,63.14],[36.454,63.209],[36.454,63.25],[36.346,63.221],[36.31,63.237],[36.382,63.286],[36.382,63.319],[36.274,63.368],[36.238,63.449],[36.166,63.486],[36.022,63.591],[35.986,63.624],[36.166,63.612],[36.238,63.64],[36.418,63.616],[36.526,63.677],[36.67,63.778],[36.598,63.904],[36.598,63.941],[36.634,63.917],[36.814,63.9],[36.886,63.88],[37.102,63.884],[37.21,63.872],[37.246,63.811],[37.39,63.787],[37.534,63.795],[37.642,63.827],[37.642,63.884],[37.714,63.9],[37.786,63.884],[37.894,63.888],[37.966,63.921],[38.074,63.99],[38.074,64.055],[38.002,64.112],[38.002,64.14],[37.93,64.153],[37.894,64.181],[37.894,64.234],[38.038,64.275],[37.93,64.307],[38.038,64.323],[37.894,64.356],[37.786,64.368],[37.822,64.433],[37.75,64.441],[37.642,64.417],[37.606,64.356],[37.57,64.38],[37.498,64.384],[37.354,64.344],[37.246,64.36],[37.138,64.393],[37.066,64.449],[36.958,64.51],[36.886,64.567],[36.778,64.624],[36.742,64.685],[36.634,64.718],[36.562,64.718],[36.526,64.746],[36.526,64.803],[36.562,64.811],[36.454,64.844],[36.418,64.917],[36.526,64.925],[36.562,64.893],[36.634,64.925],[36.814,64.954],[36.814,65.149],[36.886,65.145],[37.03,65.165],[37.282,65.104],[37.39,65.096],[37.534,65.056],[37.678,65.035],[37.714,65.015],[37.714,64.962],[37.75,64.933],[37.894,64.893],[38.002,64.877],[38.038,64.852],[38.146,64.836],[38.362,64.844],[38.362,64.767],[38.326,64.795],[38.218,64.779],[38.146,64.787],[38.002,64.759],[38.002,64.718],[38.11,64.685],[38.074,64.645],[38.002,64.62],[38.002,64.584],[38.074,64.608],[38.038,64.628],[38.146,64.649],[38.146,64.702],[38.254,64.71],[38.326,64.742],[38.47,64.73],[38.506,64.738],[38.434,64.767],[38.434,64.803],[38.578,64.771],[38.938,64.734],[39.082,64.685],[39.118,64.661],[39.334,64.641],[39.478,64.576],[39.514,64.547],[39.586,64.539],[39.73,64.547],[39.802,64.608],[39.802,64.665],[39.91,64.633],[40.09,64.612],[40.09,64.584]],[[40.594,64.596],[40.522,64.567],[40.46339534883722,64.60362790697674],[40.486,64.576],[40.452716981132085,64.527],[40.522,64.527],[40.522,64.559],[40.63,64.604],[40.666,64.645],[40.63,64.665],[40.594,64.596]],[[40.27,64.661],[40.27,64.637],[40.198,64.633],[40.198,64.669],[40.27,64.661]],[[39.91,64.718],[39.946,64.677],[40.09,64.677],[40.162,64.653],[40.162,64.6],[40.054,64.661],[39.802,64.681],[39.91,64.718]],[[40.306,64.771],[40.378,64.718],[40.414,64.628],[40.306,64.641],[40.27,64.702],[40.126,64.742],[40.306,64.771]],[[40.054,64.738],[39.946,64.718],[39.982,64.767],[40.054,64.738]],[[40.27,64.852],[40.234,64.889],[40.234,64.942],[40.306,64.929],[40.306,64.881],[40.27,64.852]],[[35.878,65.019],[35.878,65.023],[35.878,65.035],[35.986,65.047],[36.022,65.015],[35.878,65.019]],[[35.734,64.95],[35.698,65.027],[35.59,65.035],[35.482,65.088],[35.518,65.141],[35.59,65.153],[35.626,65.129],[35.662,65.165],[35.806,65.161],[35.806,65.129],[35.842,65.104],[35.842,65.039],[35.806,65.076],[35.734,65.039],[35.878,65.023],[35.842,64.986],[35.734,64.95]],[[35.95,65.169],[36.13,65.153],[36.238,65.165],[36.202,65.141],[36.058,65.121],[35.914,65.141],[35.95,65.169]],[[42.646,66.666],[42.466,66.715],[42.394,66.768],[42.502,66.784],[42.574,66.772],[42.646,66.723],[42.646,66.666]],[[53.915,71.104],[53.915,71.067],[53.843,71.112],[53.987,71.12],[54.095,71.095],[53.915,71.104]],[[53.555,71.079],[53.447,71.132],[53.591,71.104],[53.555,71.165],[53.663,71.112],[53.627,71.104],[53.555,71.079]],[[53.231,71.144],[53.159,71.095],[53.195,71.075],[53.051,71.026],[53.087,70.977],[53.195,70.945],[53.087,70.945],[52.979,71.006],[52.979,71.026],[52.799,71.067],[52.835,71.095],[52.691,71.169],[52.691,71.201],[52.619,71.221],[52.439,71.213],[52.295,71.238],[52.223,71.291],[52.259,71.323],[52.475,71.364],[52.547,71.352],[52.655,71.372],[52.727,71.348],[52.763,71.38],[52.907,71.364],[53.015,71.299],[53.087,71.274],[53.051,71.246],[52.979,71.274],[53.051,71.23],[53.195,71.23],[53.231,71.144]],[[53.015,71.291],[52.907,71.311],[52.835,71.295],[52.979,71.274],[53.015,71.291]],[[53.267,71.291],[53.159,71.356],[53.267,71.343],[53.375,71.274],[53.267,71.291]],[[53.195,71.404],[53.303,71.343],[53.159,71.372],[53.195,71.404]],[[50.531,79.921],[50.063,79.958],[50.315,79.995],[50.459,79.966],[50.603,79.995],[50.747,80.056],[50.963,80.072],[50.963,80.104],[51.251,80.047],[51.215,79.978],[51.395,79.946],[51.431,79.913],[51.107,79.905],[50.747,79.921],[50.531,79.921]],[[49.307,80.039],[49.379,80.084],[49.487,80.088],[49.703,80.047],[49.667,80.023],[49.523,80.015],[49.307,80.039]],[[50.063,80.226],[50.315,80.214],[50.387,80.19],[50.351,80.129],[50.135,80.129],[50.135,80.047],[49.919,80.047],[49.883,80.088],[49.595,80.137],[49.595,80.173],[50.063,80.226]],[[53.699,80.21],[53.555,80.19],[53.555,80.141],[53.015,80.141],[52.691,80.149],[52.367,80.19],[52.223,80.239],[52.331,80.263],[52.655,80.263],[52.835,80.291],[52.907,80.324],[52.763,80.344],[53.051,80.389],[53.159,80.373],[53.375,80.381],[53.375,80.34],[53.735,80.267],[53.915,80.247],[53.915,80.21],[53.771,80.182],[53.699,80.21]],[[53.951,80.291],[53.879,80.324],[54.095,80.332],[53.951,80.291]],[[52.331,80.324],[52.259,80.352],[52.403,80.361],[52.655,80.316],[52.331,80.324]],[[51.251,80.8],[51.467,80.751],[51.791,80.702],[51.359,80.629],[51.143,80.613],[51.071,80.56],[50.855,80.531],[50.351,80.527],[49.991,80.491],[49.703,80.483],[49.811,80.385],[49.631,80.352],[49.415,80.348],[49.127,80.373],[48.767,80.373],[48.803,80.324],[48.515,80.316],[48.515,80.275],[48.839,80.283],[48.983,80.234],[48.839,80.214],[49.127,80.165],[48.839,80.141],[48.443,80.182],[48.515,80.125],[48.371,80.076],[48.263,80.117],[47.975,80.1],[48.011,80.064],[47.687,80.047],[47.651,80.088],[47.867,80.165],[48.155,80.198],[47.831,80.198],[48.011,80.234],[47.867,80.247],[47.615,80.222],[47.363,80.222],[47.471,80.19],[47.147,80.157],[46.931,80.182],[47.003,80.214],[46.751,80.275],[46.751,80.316],[47.219,80.377],[47.327,80.361],[47.255,80.316],[47.543,80.324],[47.687,80.308],[48.047,80.3],[47.867,80.332],[48.047,80.344],[47.687,80.361],[47.615,80.397],[47.975,80.397],[48.083,80.409],[48.335,80.393],[48.191,80.45],[47.795,80.458],[47.507,80.442],[47.435,80.458],[48.011,80.531],[48.227,80.527],[48.335,80.544],[48.515,80.544],[48.551,80.507],[48.731,80.483],[48.875,80.487],[48.839,80.523],[49.163,80.515],[49.235,80.531],[49.235,80.584],[49.415,80.601],[49.271,80.625],[49.559,80.641],[49.703,80.666],[49.631,80.71],[49.199,80.694],[49.343,80.743],[48.983,80.743],[49.163,80.755],[49.019,80.78],[49.415,80.812],[49.631,80.845],[49.811,80.906],[50.243,80.946],[50.423,80.918],[49.919,80.885],[50.099,80.845],[50.207,80.873],[50.639,80.902],[50.891,80.946],[50.963,80.853],[50.675,80.828],[50.711,80.812],[50.207,80.747],[50.459,80.718],[50.819,80.78],[50.999,80.763],[51.251,80.8]],[[53.843,80.544],[53.915,80.592],[54.239,80.584],[54.275,80.56],[54.131,80.535],[54.419,80.515],[54.383,80.495],[54.527,80.458],[54.383,80.45],[54.383,80.418],[54.095,80.442],[53.879,80.442],[53.951,80.515],[53.843,80.544]],[[53.051,80.617],[53.159,80.645],[53.411,80.617],[53.447,80.552],[53.555,80.507],[53.447,80.466],[53.231,80.515],[53.339,80.584],[53.051,80.617]],[[48.731,80.67],[48.731,80.625],[48.479,80.625],[48.407,80.649],[48.191,80.645],[48.047,80.662],[48.047,80.718],[47.867,80.718],[47.903,80.751],[47.687,80.767],[47.471,80.739],[47.543,80.67],[47.291,80.686],[47.255,80.645],[47.399,80.613],[47.399,80.584],[47.147,80.601],[46.859,80.552],[46.823,80.527],[46.607,80.544],[46.571,80.491],[46.355,80.495],[46.391,80.458],[46.283,80.442],[46.031,80.45],[46.103,80.515],[46.031,80.552],[45.851,80.535],[45.743,80.544],[45.527,80.511],[45.419,80.544],[45.023,80.568],[44.878,80.601],[45.275,80.621],[45.527,80.649],[46.103,80.662],[46.499,80.71],[46.931,80.747],[47.147,80.788],[47.183,80.836],[47.471,80.853],[47.651,80.836],[47.975,80.796],[48.335,80.812],[48.515,80.8],[48.623,80.747],[48.443,80.735],[48.731,80.67]],[[50.459,81.024],[50.387,81.036],[50.495,81.08],[50.351,81.15],[50.531,81.182],[50.747,81.186],[50.927,81.166],[51.035,81.121],[50.783,81.089],[50.819,81.06],[50.639,81.06],[50.459,81.024]],[[56.58,70.497],[56.58,70.518],[56.688,70.514],[56.58,70.497]],[[56.796,70.567],[56.796,70.583],[56.904,70.575],[57.192,70.506],[57.012,70.51],[57.12,70.477],[56.94,70.502],[56.832,70.538],[56.94,70.55],[56.796,70.567]],[[56.472,70.526],[56.328,70.558],[56.508,70.558],[56.544,70.53],[56.472,70.526]],[[56.148,70.583],[56.004,70.62],[56.076,70.632],[56.184,70.595],[56.148,70.583]],[[56.436,70.656],[56.436,70.636],[56.328,70.648],[56.436,70.656]],[[56.508,73.186],[56.58,73.133],[56.472,73.101],[56.184,73.06],[55.86,73.056],[55.788,73.044],[56.04,73.052],[56.292,73.048],[56.436,73.027],[56.328,72.991],[56.112,72.995],[55.968,72.966],[55.716,72.942],[55.68,72.954],[55.536,72.93],[55.788,72.938],[55.896,72.926],[56.076,72.95],[56.256,72.942],[56.184,72.913],[56.22,72.848],[56.148,72.832],[56.112,72.783],[55.896,72.787],[55.752,72.763],[55.464,72.804],[55.536,72.779],[55.464,72.771],[55.824,72.743],[55.896,72.649],[55.68,72.657],[55.68,72.612],[55.608,72.564],[55.608,72.523],[55.5,72.527],[55.464,72.564],[55.428,72.527],[55.536,72.515],[55.536,72.454],[55.14,72.438],[55.464,72.438],[55.464,72.348],[55.392,72.303],[55.32,72.287],[55.464,72.263],[55.428,72.238],[55.536,72.218],[55.572,72.161],[55.428,72.128],[55.428,72.1],[55.356,72.067],[55.428,72.043],[55.32,71.982],[55.428,71.933],[55.284,71.945],[55.212,71.901],[55.32,71.917],[55.464,71.909],[55.536,71.832],[55.536,71.738],[55.716,71.559],[55.824,71.514],[55.824,71.474],[56.04,71.331],[56.076,71.262],[56.184,71.209],[56.184,71.185],[56.472,71.087],[56.58,71.022],[56.868,70.925],[56.976,70.868],[57.084,70.835],[57.156,70.835],[57.264,70.798],[57.372,70.798],[57.588,70.717],[57.516,70.709],[57.516,70.676],[57.444,70.664],[57.48,70.644],[57.408,70.607],[57.336,70.599],[56.976,70.656],[56.868,70.624],[57.048,70.603],[57.12,70.615],[57.156,70.583],[57.3,70.55],[57.12,70.55],[56.94,70.575],[56.724,70.615],[56.616,70.656],[56.544,70.652],[56.652,70.615],[56.58,70.615],[56.508,70.656],[56.508,70.709],[56.58,70.725],[56.472,70.737],[56.436,70.701],[56.328,70.701],[56.184,70.737],[56.184,70.717],[56.292,70.685],[56.184,70.676],[56.292,70.648],[56.184,70.636],[56.292,70.624],[56.436,70.636],[56.436,70.607],[56.544,70.603],[56.544,70.583],[56.4,70.567],[56.292,70.583],[56.22,70.615],[56.004,70.656],[56.04,70.636],[55.932,70.64],[55.788,70.672],[55.86,70.632],[56.004,70.591],[56.004,70.558],[55.932,70.583],[55.716,70.595],[55.608,70.636],[55.572,70.672],[55.752,70.615],[55.86,70.62],[55.752,70.656],[55.752,70.676],[55.608,70.725],[55.608,70.689],[55.68,70.681],[55.788,70.636],[55.752,70.632],[55.608,70.681],[55.536,70.676],[55.464,70.709],[55.32,70.709],[55.464,70.648],[55.248,70.668],[55.212,70.656],[55.32,70.599],[55.284,70.567],[55.176,70.567],[55.14,70.546],[54.959,70.624],[54.815,70.64],[54.707,70.681],[54.707,70.742],[54.527,70.778],[54.455,70.725],[54.779,70.648],[54.635,70.644],[54.527,70.668],[54.563,70.685],[54.455,70.701],[54.311,70.742],[54.203,70.717],[54.059,70.737],[53.987,70.729],[53.951,70.77],[53.879,70.786],[53.735,70.774],[53.663,70.807],[53.447,70.807],[53.447,70.827],[53.339,70.864],[53.483,70.868],[53.555,70.884],[53.735,70.807],[53.663,70.868],[53.771,70.925],[53.735,70.969],[53.555,71.03],[53.555,71.063],[53.627,71.042],[53.627,71.071],[53.699,71.075],[53.843,71.051],[53.951,71.014],[53.915,71.067],[54.167,71.067],[54.239,71.104],[54.131,71.095],[53.987,71.14],[54.059,71.173],[54.203,71.148],[54.059,71.193],[54.203,71.173],[54.131,71.205],[53.987,71.189],[53.987,71.152],[53.843,71.173],[53.843,71.132],[53.735,71.148],[53.735,71.181],[53.555,71.189],[53.447,71.278],[53.411,71.274],[53.339,71.323],[53.303,71.441],[53.375,71.498],[53.483,71.522],[53.483,71.547],[53.303,71.531],[53.159,71.453],[53.123,71.413],[53.10704432132964,71.44358171745152],[52.943,71.429],[53.015,71.4],[52.907,71.38],[52.871,71.433],[52.799,71.457],[52.835,71.413],[52.691,71.47],[52.691,71.555],[52.655,71.535],[52.583,71.579],[52.511,71.693],[52.511,71.559],[52.475,71.535],[52.403,71.547],[52.403,71.498],[52.475,71.461],[52.367,71.482],[52.295,71.535],[52.295,71.579],[52.187,71.547],[52.187,71.506],[52.259,71.465],[52.151,71.482],[52.115,71.457],[51.899,71.461],[51.791,71.506],[51.611,71.535],[51.575,71.616],[51.467,71.714],[51.431,71.775],[51.431,71.84],[51.503,71.909],[51.503,71.994],[51.647,72.084],[51.899,72.133],[51.971,72.096],[52.115,72.092],[52.187,72.108],[52.223,72.08],[52.367,72.051],[52.475,72.067],[52.439,72.104],[52.439,72.161],[52.511,72.124],[52.511,72.177],[52.439,72.194],[52.547,72.23],[52.475,72.259],[52.655,72.238],[52.583,72.267],[52.727,72.287],[52.727,72.32],[52.583,72.34],[52.583,72.356],[52.727,72.328],[52.691,72.405],[52.799,72.413],[52.799,72.446],[52.691,72.446],[52.691,72.47],[52.799,72.466],[52.871,72.511],[52.979,72.539],[52.943,72.564],[53.123,72.572],[53.267,72.564],[53.159,72.588],[52.979,72.588],[52.727,72.535],[52.799,72.58],[52.763,72.621],[53.00549056603772,72.65949056603773],[52.871,72.657],[52.835,72.645],[52.547,72.657],[52.403,72.714],[52.475,72.739],[52.475,72.795],[52.583,72.848],[52.943,72.905],[53.231,72.869],[53.483,72.856],[53.627,72.889],[53.447,72.865],[53.303,72.897],[53.087,72.926],[53.087,72.999],[53.231,73.011],[53.339,72.991],[53.375,73.015],[53.267,73.019],[53.267,73.052],[53.159,73.064],[53.159,73.129],[53.303,73.174],[53.375,73.218],[53.483,73.235],[53.555,73.218],[53.771,73.279],[53.879,73.292],[53.915,73.267],[54.023,73.284],[53.987,73.251],[54.203,73.251],[54.311,73.288],[54.491,73.267],[54.383,73.304],[54.563,73.369],[54.671,73.369],[54.707,73.393],[54.887,73.426],[55.212,73.369],[55.284,73.328],[55.428,73.316],[55.68,73.324],[55.824,73.304],[55.824,73.267],[55.932,73.267],[55.932,73.235],[56.004,73.243],[56.364,73.227],[56.508,73.186]],[[53.123,71.445],[53.101666666666674,71.45388888888888],[53.10704432132964,71.44358171745152],[53.123,71.445]],[[53.087,71.482],[53.015,71.49],[53.101666666666674,71.45388888888888],[53.087,71.482]],[[53.021260869565225,72.65978260869565],[53.015,72.661],[53.00549056603772,72.65949056603773],[53.021260869565225,72.65978260869565]],[[53.159,72.633],[53.339,72.637],[53.375,72.625],[53.555,72.625],[53.699,72.641],[53.663,72.653],[53.411,72.641],[53.303,72.657],[53.195,72.645],[53.087,72.661],[53.021260869565225,72.65978260869565],[53.159,72.633]],[[56.076,80.064],[55.824,80.088],[56.148,80.173],[56.04,80.226],[56.076,80.255],[55.932,80.291],[56.256,80.332],[56.688,80.316],[56.724,80.352],[57.012,80.348],[57.192,80.3],[57.12,80.21],[57.228,80.19],[57.084,80.173],[57.12,80.084],[57.012,80.056],[56.076,80.064]],[[54.167,80.3],[54.275,80.3],[54.455,80.267],[54.383,80.198],[54.167,80.165],[54.167,80.243],[54.095,80.255],[54.167,80.3]],[[55.14,80.291],[55.428,80.332],[55.428,80.316],[55.572,80.3],[55.5,80.259],[55.14,80.21],[54.959,80.247],[55.104,80.247],[55.248,80.275],[55.14,80.291]],[[58.164,80.263],[58.128,80.222],[58.488,80.206],[58.416,80.141],[58.02,80.157],[58.056,80.084],[57.84,80.092],[57.588,80.133],[57.336,80.149],[57.264,80.243],[57.3,80.348],[57.228,80.397],[57.012,80.45],[57.66,80.474],[58.092,80.474],[58.704,80.434],[58.992,80.409],[59.172,80.377],[59.316,80.324],[58.884,80.308],[58.704,80.324],[58.164,80.263]],[[54.887,80.397],[54.851,80.361],[54.707,80.352],[54.671,80.377],[54.887,80.397]],[[55.788,80.381],[55.932,80.409],[56.292,80.385],[56.184,80.348],[55.788,80.381]],[[55.284,80.377],[54.959,80.405],[55.32,80.426],[55.284,80.377]],[[54.815,80.397],[54.527,80.377],[54.455,80.381],[54.491,80.434],[54.599,80.479],[54.743,80.474],[54.851,80.434],[54.815,80.397]],[[54.923,80.527],[55.14,80.483],[55.032,80.442],[54.887,80.442],[54.635,80.499],[54.635,80.527],[54.923,80.527]],[[56.688,80.474],[56.436,80.474],[56.652,80.499],[56.688,80.474]],[[57.912,80.621],[58.092,80.613],[57.912,80.531],[57.624,80.523],[57.3,80.56],[57.264,80.584],[57.48,80.613],[57.912,80.621]],[[56.112,80.601],[55.932,80.601],[55.572,80.629],[55.752,80.686],[55.428,80.694],[55.752,80.71],[55.86,80.743],[56.508,80.759],[56.904,80.71],[57.012,80.666],[56.904,80.621],[56.616,80.613],[56.4,80.592],[56.328,80.625],[56.112,80.601]],[[54.887,80.71],[54.671,80.743],[54.743,80.767],[54.455,80.784],[54.311,80.771],[54.059,80.796],[54.023,80.82],[54.167,80.845],[54.383,80.861],[54.815,80.861],[54.923,80.845],[54.995,80.873],[55.212,80.873],[55.32,80.836],[55.644,80.8],[55.824,80.796],[55.968,80.767],[55.392,80.727],[55.14,80.739],[54.887,80.71]],[[58.2,80.751],[57.948,80.755],[57.84,80.784],[58.02,80.8],[58.164,80.845],[58.74,80.877],[58.884,80.869],[59.028,80.82],[58.992,80.771],[58.74,80.755],[58.56,80.718],[58.308,80.727],[58.2,80.751]],[[56.724,80.918],[56.94,80.869],[57.516,80.82],[57.84,80.763],[57.588,80.694],[57.192,80.67],[57.048,80.67],[56.94,80.727],[56.724,80.747],[56.652,80.784],[56.22,80.804],[56.04,80.804],[55.752,80.845],[55.824,80.877],[55.608,80.881],[55.428,80.91],[55.392,80.946],[55.248,80.93],[54.995,80.934],[54.779,80.987],[54.491,80.987],[54.455,81.028],[54.671,81.06],[54.671,81.105],[54.923,81.072],[55.104,81.072],[55.284,81.052],[55.464,80.995],[56.04,81.024],[56.652,80.954],[56.724,80.918]],[[58.164,80.934],[58.344,80.902],[57.948,80.853],[57.84,80.812],[57.516,80.828],[57.3,80.869],[57.336,80.897],[57.048,80.938],[56.796,81.019],[56.652,81.028],[56.112,81.089],[56.184,81.105],[56.436,81.08],[56.868,81.072],[56.976,81.044],[57.3,81.048],[57.588,81.028],[57.588,81.007],[57.984,80.934],[58.164,80.934]],[[58.092,81.072],[58.344,81.072],[58.776,81.003],[58.596,80.93],[58.344,80.934],[57.912,81.024],[57.876,81.048],[58.092,81.052],[58.092,81.072]],[[58.632,81.121],[58.524,81.105],[58.236,81.105],[58.164,81.129],[58.452,81.146],[58.632,81.121]],[[56.94,81.146],[57.372,81.202],[57.912,81.223],[58.056,81.207],[57.876,81.162],[57.84,81.113],[57.516,81.097],[57.3,81.097],[56.94,81.146]],[[57.66,81.316],[57.948,81.292],[57.3,81.264],[56.796,81.198],[56.58,81.158],[56.364,81.162],[56.4,81.198],[56.22,81.207],[55.86,81.182],[55.572,81.202],[55.608,81.255],[55.464,81.264],[55.572,81.296],[55.5,81.32],[55.932,81.308],[56.112,81.284],[56.58,81.247],[56.652,81.264],[56.4,81.304],[56.508,81.333],[56.364,81.398],[56.652,81.41],[56.904,81.381],[57.012,81.39],[57.3,81.341],[57.408,81.349],[57.516,81.308],[57.66,81.316]],[[54.311,81.308],[54.275,81.341],[54.527,81.272],[54.311,81.308]],[[58.2,81.373],[57.84,81.373],[57.624,81.398],[57.408,81.438],[56.904,81.447],[56.94,81.532],[57.336,81.532],[57.48,81.56],[57.66,81.564],[57.84,81.552],[57.804,81.524],[58.056,81.483],[58.344,81.475],[58.596,81.422],[58.524,81.398],[58.2,81.373]],[[58.956,74.357],[59.064,74.37],[59.064,74.333],[58.956,74.357]],[[59.136,74.398],[59.064,74.37],[59.064,74.39],[59.136,74.398]],[[59.244,74.426],[59.352,74.435],[59.316,74.39],[59.244,74.426]],[[59.208,74.561],[59.28,74.577],[59.244,74.516],[59.208,74.561]],[[60.972,76.24],[61.188,76.273],[61.152,76.253],[61.476,76.273],[61.62,76.273],[61.656,76.297],[61.836,76.269],[62.268,76.249],[62.412,76.253],[62.376,76.179],[62.52,76.163],[62.664,76.196],[62.772,76.261],[62.988,76.188],[63.204,76.24],[63.564,76.281],[63.528,76.297],[63.708,76.322],[63.924,76.322],[63.996,76.297],[64.14,76.297],[64.32,76.35],[64.428,76.338],[64.464,76.383],[64.752,76.342],[64.644,76.379],[64.68,76.423],[64.788,76.423],[64.788,76.464],[64.896,76.484],[65.077,76.48],[65.113,76.448],[65.257,76.464],[65.401,76.525],[65.365,76.541],[65.473,76.566],[65.617,76.541],[66.049,76.509],[65.977,76.582],[65.797,76.647],[65.869,76.7],[66.049,76.745],[66.121,76.733],[66.337,76.785],[66.553,76.851],[66.697,76.879],[66.949,76.895],[67.057,76.944],[67.165,76.928],[67.309,76.944],[67.525,76.993],[67.669,77.001],[68.137,76.993],[68.497,76.952],[68.533,76.916],[68.821,76.859],[68.785,76.81],[68.965,76.785],[68.929,76.733],[69.073,76.7],[68.893,76.651],[68.821,76.541],[68.893,76.533],[68.713,76.489],[68.569,76.407],[68.425,76.391],[68.461,76.367],[68.209,76.281],[68.281,76.249],[68.137,76.253],[67.921,76.232],[67.813,76.204],[67.453,76.147],[67.165,76.082],[66.985,76.07],[66.553,76.013],[66.517,75.988],[66.301,75.972],[66.049,75.927],[65.941,75.935],[65.617,75.895],[65.365,75.85],[65.257,75.842],[65.185,75.801],[64.716,75.769],[64.608,75.744],[64.32,75.716],[64.104,75.716],[63.96,75.667],[63.78,75.659],[63.672,75.675],[63.672,75.708],[63.456,75.61],[63.204,75.573],[63.024,75.586],[62.988,75.557],[62.808,75.508],[62.556,75.492],[62.34,75.451],[62.016,75.443],[61.836,75.338],[61.728,75.374],[61.656,75.325],[61.692,75.289],[61.548,75.256],[61.512,75.216],[61.404,75.207],[61.404,75.313],[61.224,75.248],[61.188,75.199],[60.972,75.167],[60.792,75.122],[60.828,75.045],[60.756,75.012],[60.612,75.032],[60.648,75.089],[60.54,75.089],[60.468,75.041],[60.468,75.004],[60.252,74.971],[60.036,74.988],[60.0,74.971],[60.216,74.939],[60.576,74.947],[60.648,74.906],[60.576,74.845],[60.396,74.837],[60.144,74.854],[60.324,74.793],[60.324,74.736],[60.036,74.711],[59.892,74.711],[59.748,74.727],[59.676,74.719],[59.496,74.793],[59.568,74.719],[59.748,74.711],[59.748,74.679],[59.856,74.65],[59.856,74.593],[59.712,74.561],[59.604,74.569],[59.46,74.614],[59.352,74.679],[59.172,74.695],[59.172,74.736],[59.1,74.703],[59.244,74.646],[59.172,74.609],[59.136,74.5],[59.064,74.459],[59.172,74.418],[58.92,74.435],[58.272,74.561],[58.236,74.524],[58.452,74.5],[58.596,74.443],[58.632,74.402],[58.596,74.374],[58.668,74.341],[58.668,74.26],[58.632,74.243],[58.74,74.219],[58.56,74.223],[58.488,74.191],[58.524,74.142],[58.38,74.182],[58.272,74.191],[58.272,74.15],[58.344,74.121],[58.344,74.073],[58.272,74.077],[58.308,74.117],[58.092,74.134],[58.2,74.093],[58.2,74.04],[58.272,73.991],[58.164,73.975],[57.876,74.003],[57.732,74.04],[57.66,74.113],[57.48,74.182],[57.408,74.166],[57.552,74.081],[57.444,74.064],[57.372,74.085],[57.264,74.064],[57.552,74.056],[57.66,73.991],[57.84,73.938],[57.876,73.89],[57.732,73.881],[57.84,73.861],[57.912,73.763],[57.66,73.711],[57.66,73.735],[57.552,73.796],[57.408,73.833],[56.76,73.857],[57.264,73.796],[57.336,73.804],[57.516,73.747],[57.516,73.711],[57.624,73.629],[57.588,73.589],[57.336,73.568],[57.372,73.536],[57.228,73.544],[56.94,73.585],[56.832,73.637],[56.796,73.678],[56.616,73.719],[56.58,73.711],[56.724,73.662],[56.76,73.629],[56.904,73.589],[56.94,73.556],[57.084,73.536],[57.228,73.487],[57.228,73.446],[57.084,73.385],[56.904,73.288],[56.796,73.353],[56.76,73.332],[56.76,73.235],[56.688,73.227],[56.436,73.251],[56.148,73.259],[56.076,73.275],[56.076,73.361],[55.968,73.393],[55.936864864864866,73.409],[55.968,73.377],[55.968,73.304],[55.86,73.308],[55.752,73.336],[55.608,73.345],[55.572,73.324],[55.392,73.324],[55.284,73.345],[55.248,73.385],[55.068,73.422],[54.887,73.438],[54.707,73.418],[54.599,73.385],[54.491,73.385],[54.455,73.361],[54.239,73.316],[54.059,73.336],[54.023,73.377],[54.131,73.402],[54.275,73.402],[54.347,73.45],[54.491,73.471],[54.491,73.495],[54.311,73.458],[54.203,73.487],[54.275,73.503],[54.383,73.564],[54.707,73.613],[54.779,73.646],[54.923,73.646],[54.959,73.662],[55.248,73.69],[55.32,73.707],[55.5,73.654],[55.68,73.646],[55.392,73.69],[55.32,73.719],[55.248,73.702],[54.995,73.698],[54.851,73.67],[54.779,73.69],[54.563,73.694],[54.419,73.662],[54.347,73.621],[54.203,73.593],[54.131,73.621],[53.951,73.621],[53.879,73.686],[53.699,73.719],[53.627,73.747],[53.699,73.772],[53.915,73.763],[54.023,73.788],[54.023,73.825],[54.167,73.881],[54.311,73.914],[54.599,73.93],[54.707,73.959],[54.851,73.942],[54.851,73.975],[54.599,73.991],[54.599,74.016],[54.887,74.117],[54.995,74.142],[55.176,74.158],[55.428,74.113],[55.536,74.121],[55.788,74.089],[56.004,74.032],[56.22,74.04],[56.364,74.003],[56.328,74.032],[56.184,74.056],[56.04,74.04],[55.86,74.081],[55.968,74.105],[55.644,74.13],[55.644,74.166],[55.104,74.239],[55.284,74.284],[55.284,74.252],[55.428,74.268],[55.716,74.252],[55.824,74.284],[55.644,74.317],[55.572,74.309],[55.572,74.345],[55.284,74.345],[55.356,74.41],[55.464,74.402],[55.608,74.435],[55.896,74.435],[56.22,74.467],[56.04,74.475],[56.04,74.52],[55.788,74.528],[55.68,74.512],[55.68,74.536],[55.536,74.544],[55.572,74.626],[55.824,74.687],[55.896,74.654],[56.04,74.65],[56.04,74.67],[56.4,74.703],[56.58,74.658],[56.976,74.679],[56.868,74.703],[56.76,74.679],[56.616,74.687],[56.616,74.703],[56.436,74.748],[56.58,74.768],[56.328,74.784],[55.968,74.764],[55.86,74.793],[56.148,74.87],[56.436,74.89],[56.724,74.939],[56.616,74.955],[56.4,74.931],[56.292,74.939],[56.4,74.98],[56.4,75.008],[56.112,74.996],[56.04,74.963],[55.932,74.98],[55.968,75.061],[55.824,75.089],[55.824,75.122],[55.968,75.187],[56.076,75.195],[56.076,75.167],[56.22,75.183],[56.22,75.15],[56.364,75.171],[56.508,75.049],[56.652,75.073],[56.652,75.13],[56.76,75.15],[56.796,75.195],[56.904,75.199],[56.94,75.24],[56.868,75.264],[56.724,75.285],[56.868,75.342],[57.048,75.374],[57.372,75.342],[57.588,75.309],[57.876,75.309],[57.876,75.35],[57.732,75.342],[57.732,75.423],[57.588,75.443],[57.588,75.492],[57.876,75.533],[57.984,75.557],[58.128,75.557],[58.272,75.598],[58.236,75.618],[58.02,75.61],[57.948,75.626],[58.056,75.667],[58.128,75.651],[58.344,75.687],[58.668,75.72],[58.668,75.752],[58.56,75.752],[58.956,75.858],[59.136,75.842],[59.208,75.874],[59.388,75.878],[59.352,75.919],[59.496,75.927],[59.712,75.903],[59.82,75.927],[60.0,75.927],[60.0,75.96],[60.18,75.96],[60.36,75.988],[60.252,76.021],[60.108,76.021],[60.288,76.094],[60.54,76.122],[60.828,76.106],[60.684,76.078],[60.504,76.005],[60.504,75.972],[60.72,75.988],[60.792,75.988],[60.792,76.037],[61.116,76.061],[61.188,76.106],[61.116,76.139],[60.936,76.135],[61.044,76.196],[60.972,76.24]],[[55.932,73.414],[55.92051063829787,73.41740425531916],[55.936864864864866,73.409],[55.932,73.414]],[[55.824,73.467],[55.824,73.503],[55.752,73.511],[55.824,73.446],[55.92051063829787,73.41740425531916],[55.824,73.467]],[[59.28,75.887],[59.028,75.878],[59.172,75.911],[59.28,75.887]],[[58.884,75.895],[59.136,75.96],[59.244,75.964],[59.244,75.935],[58.884,75.895]],[[59.352,76.021],[59.46,76.061],[59.496,76.037],[59.352,76.021]],[[60.504,76.171],[60.468,76.147],[60.324,76.135],[60.288,76.106],[60.144,76.082],[60.108,76.102],[59.928,76.086],[59.964,76.122],[60.504,76.171]],[[59.856,79.889],[59.964,79.929],[60.072,79.913],[59.964,79.881],[59.856,79.889]],[[58.74,79.958],[58.992,79.913],[58.812,79.889],[58.632,79.938],[58.308,79.95],[58.632,79.986],[58.74,79.958]],[[59.568,80.088],[59.856,80.056],[59.964,79.999],[59.712,79.938],[59.532,79.938],[59.352,79.913],[58.812,80.015],[59.28,80.08],[59.568,80.088]],[[59.244,80.129],[59.064,80.108],[59.1,80.137],[59.244,80.129]],[[59.928,80.173],[60.108,80.182],[60.252,80.141],[60.036,80.141],[59.928,80.173]],[[58.488,80.576],[58.884,80.625],[58.776,80.56],[58.488,80.576]],[[61.584,80.507],[61.656,80.466],[61.44,80.442],[61.296,80.385],[61.08,80.361],[60.612,80.393],[60.36,80.45],[59.676,80.381],[59.532,80.45],[59.352,80.487],[59.46,80.519],[59.388,80.544],[59.46,80.686],[59.676,80.751],[59.604,80.78],[59.784,80.804],[60.108,80.828],[60.288,80.812],[60.216,80.796],[60.468,80.775],[60.648,80.796],[61.188,80.82],[61.368,80.812],[61.62,80.861],[62.052,80.861],[62.124,80.828],[62.232,80.767],[62.196,80.662],[62.088,80.649],[62.016,80.576],[61.692,80.552],[61.584,80.507]],[[65.293,80.971],[65.401,80.914],[65.221,80.845],[64.896,80.763],[64.716,80.751],[64.392,80.702],[64.14,80.702],[63.744,80.67],[63.744,80.686],[63.168,80.637],[63.06,80.649],[62.772,80.739],[62.52,80.78],[62.808,80.861],[63.06,80.893],[63.312,80.946],[64.032,80.954],[64.176,80.995],[64.14,81.068],[64.176,81.137],[64.572,81.19],[65.005,81.17],[65.149,81.146],[65.329,81.08],[65.401,81.015],[65.185,80.971],[65.293,80.971]],[[60.684,80.889],[60.36,80.914],[60.288,80.938],[60.0,80.971],[60.216,80.995],[60.468,81.048],[61.152,81.113],[61.476,81.105],[61.656,81.089],[61.512,81.072],[61.548,81.003],[61.116,80.906],[60.684,80.889]],[[58.776,81.052],[58.632,81.044],[58.524,81.097],[58.848,81.089],[58.776,81.052]],[[59.244,81.215],[59.64,81.202],[59.82,81.17],[59.712,81.158],[59.46,81.182],[59.064,81.186],[58.992,81.202],[59.244,81.215]],[[60.432,81.239],[59.856,81.288],[60.0,81.308],[60.468,81.296],[60.576,81.276],[60.432,81.239]],[[58.92,81.426],[59.028,81.422],[59.172,81.414],[59.352,81.333],[59.136,81.296],[58.92,81.296],[58.596,81.32],[58.56,81.373],[58.92,81.426]],[[61.908,81.589],[62.196,81.569],[62.304,81.54],[62.16,81.516],[61.944,81.524],[61.908,81.589]],[[58.344,81.581],[58.38,81.625],[58.668,81.634],[58.74,81.609],[58.56,81.577],[58.344,81.581]],[[62.628,81.642],[62.196,81.666],[62.268,81.691],[62.844,81.711],[62.736,81.686],[63.276,81.711],[63.528,81.703],[63.78,81.666],[63.852,81.642],[63.744,81.601],[63.456,81.569],[62.772,81.589],[62.628,81.642]],[[58.056,81.76],[57.912,81.813],[58.2,81.833],[58.416,81.829],[58.848,81.857],[59.1,81.857],[59.388,81.825],[59.352,81.76],[59.1,81.727],[58.524,81.723],[58.164,81.686],[57.984,81.715],[58.056,81.76]],[[47.579,45.439],[47.507,45.5],[47.507,45.541],[47.579,45.561],[47.579,45.59],[47.507,45.586],[47.471,45.598],[47.363,45.61],[47.255,45.573],[47.183,45.565],[47.075,45.577],[46.895,45.569],[47.039,45.695],[47.111,45.854],[47.183,45.956],[47.255,46.004],[47.255,46.053],[47.219,46.094],[47.147,46.09],[46.967,46.053],[46.895,46.07],[46.895,46.179],[46.859,46.22],[46.751,46.228],[46.607,46.277],[46.715,46.383],[46.787,46.403],[47.003,46.411],[46.967,46.456],[47.039,46.586],[47.183,46.606],[47.219,46.635],[47.219,46.667],[47.255,46.72],[47.219,46.765],[47.111,46.855],[47.075,46.85],[47.003,46.863],[46.967,46.932],[46.931,46.968],[46.859,46.989],[46.715,47.164],[46.571,47.306],[46.535,47.4],[46.643,47.505],[46.823,47.562],[46.787,47.607],[46.643,47.615],[46.607,47.579],[46.463,47.469],[46.427,47.428],[46.391,47.408],[46.283,47.452],[46.067,47.574],[45.959,47.684],[45.887,47.717],[45.815,47.806],[45.743,47.839],[45.743,47.879],[45.779,47.928],[45.779,47.997],[45.671,48.018],[45.563,47.993],[45.491,48.054],[45.347,48.128],[45.203,48.217],[45.131,48.229],[45.023,48.274],[45.059,48.363],[45.203,48.473],[45.239,48.486],[45.347,48.441],[45.383,48.445],[45.383,48.494],[45.275,48.51],[45.239,48.53],[45.275,48.542],[45.419,48.559],[45.527,48.579],[45.599,48.571],[45.815,48.664],[45.887,48.693],[45.923,48.734],[46.067,48.856],[46.247,48.848],[46.391,48.799],[46.571,48.713],[46.607,48.681],[46.607,48.656],[46.571,48.616],[46.535,48.498],[46.499,48.49],[46.499,48.445],[46.571,48.408],[46.679,48.388],[46.859,48.331],[46.931,48.335],[46.931,48.323],[47.003,48.262],[47.003,48.25],[47.075,48.209],[47.111,48.209],[47.111,48.124],[47.075,48.115],[47.219,48.071],[47.147,48.058],[47.147,48.038],[47.003,47.997],[47.039,47.989],[47.111,47.896],[47.147,47.863],[47.147,47.831],[47.111,47.798],[47.147,47.79],[47.183,47.745],[47.255,47.717],[47.291,47.717],[47.399,47.676],[47.399,47.81],[47.651,47.745],[47.795,47.741],[48.047,47.766],[48.155,47.692],[48.227,47.611],[48.263,47.591],[48.263,47.542],[48.335,47.509],[48.335,47.477],[48.371,47.457],[48.371,47.432],[48.479,47.416],[48.623,47.416],[48.623,47.314],[48.659,47.253],[48.659,47.204],[48.695,47.168],[48.695,47.123],[48.803,46.989],[48.911,46.891],[48.983,46.834],[48.983,46.785],[49.019,46.757],[48.911,46.692],[48.767,46.68],[48.695,46.72],[48.695,46.753],[48.659,46.773],[48.587,46.773],[48.515,46.737],[48.515,46.712],[48.479,46.708],[48.479,46.655],[48.551,46.647],[48.551,46.602],[48.659,46.602],[48.659,46.562],[48.767,46.541],[48.803,46.509],[48.803,46.476],[48.875,46.472],[48.911,46.444],[49.019,46.415],[49.019,46.395],[49.163,46.371],[49.163,46.33],[49.235,46.297],[49.199,46.257],[49.163,46.253],[49.199,46.204],[49.055,46.074],[49.091,46.049],[48.983,46.0],[48.947,45.972],[48.911,45.984],[48.839,45.968],[48.875,45.939],[48.875,45.85],[48.839,45.846],[48.839,45.903],[48.803,45.923],[48.731,46.004],[48.731,46.074],[48.659,46.07],[48.767,45.931],[48.767,45.854],[48.839,45.826],[48.839,45.793],[48.767,45.777],[48.731,45.821],[48.587,45.923],[48.551,45.903],[48.623,45.854],[48.587,45.846],[48.479,45.842],[48.479,45.809],[48.515,45.769],[48.479,45.76],[48.407,45.789],[48.335,45.74],[48.335,45.675],[48.263,45.614],[48.191,45.602],[48.119,45.643],[48.047,45.655],[47.939,45.63],[47.939,45.606],[47.867,45.561],[47.795,45.569],[47.795,45.643],[47.723,45.675],[47.687,45.712],[47.615,45.695],[47.579,45.659],[47.579,45.61],[47.651,45.59],[47.687,45.557],[47.687,45.512],[47.615,45.525],[47.615,45.5],[47.651,45.472],[47.651,45.427],[47.579,45.439]],[[57.408,56.343],[57.444,56.287],[57.552,56.221],[57.516,56.173],[57.552,56.132],[57.696,56.173],[57.804,56.169],[57.948,56.112],[58.02,56.103],[58.128,56.144],[58.272,56.132],[58.308,56.108],[58.452,56.128],[58.488,56.173],[58.56,56.185],[58.632,56.173],[58.704,56.124],[58.776,56.116],[58.812,56.091],[58.92,56.079],[58.992,56.108],[59.028,56.152],[59.1,56.181],[59.172,56.16],[59.316,56.181],[59.352,56.116],[59.208,56.051],[59.244,56.002],[59.244,55.957],[59.136,55.835],[59.208,55.794],[59.28,55.794],[59.316,55.77],[59.28,55.725],[59.316,55.693],[59.316,55.64],[59.424,55.656],[59.496,55.607],[59.64,55.603],[59.532,55.497],[59.496,55.477],[59.316,55.473],[59.208,55.461],[59.136,55.424],[59.172,55.367],[59.136,55.323],[59.064,55.298],[58.992,55.286],[58.884,55.327],[58.848,55.327],[58.74,55.286],[58.74,55.249],[58.632,55.188],[58.668,55.168],[58.776,55.152],[58.848,55.062],[58.74,54.993],[58.596,54.973],[58.524,55.058],[58.488,55.046],[58.416,55.066],[58.416,55.107],[58.272,55.205],[58.164,55.152],[58.164,55.07],[58.092,55.026],[58.092,54.989],[58.02,54.948],[57.948,54.961],[58.02,54.993],[58.056,55.034],[57.984,55.099],[57.984,55.148],[58.056,55.188],[58.092,55.233],[58.056,55.278],[57.912,55.29],[57.768,55.319],[57.624,55.323],[57.552,55.339],[57.48,55.327],[57.264,55.249],[57.192,55.168],[57.12,55.123],[57.12,55.083],[57.228,55.022],[57.264,54.985],[57.264,54.948],[57.192,54.896],[57.228,54.834],[57.408,54.765],[57.516,54.729],[57.732,54.615],[57.768,54.538],[57.912,54.436],[57.984,54.42],[58.056,54.436],[58.164,54.485],[58.236,54.529],[58.308,54.546],[58.452,54.562],[58.56,54.529],[58.632,54.497],[58.704,54.497],[58.74,54.521],[58.74,54.562],[58.812,54.586],[59.028,54.623],[59.1,54.651],[59.172,54.623],[59.244,54.635],[59.46,54.749],[59.532,54.855],[59.64,54.875],[59.64,54.904],[59.712,54.932],[59.712,54.896],[59.748,54.875],[59.82,54.867],[59.892,54.891],[59.928,54.875],[59.856,54.826],[59.928,54.761],[59.82,54.586],[59.676,54.529],[59.748,54.456],[59.712,54.416],[59.64,54.387],[59.712,54.334],[59.784,54.326],[59.712,54.241],[59.712,54.167],[59.568,54.2],[59.496,54.192],[59.388,54.204],[59.316,54.188],[59.208,54.025],[59.1,53.972],[58.956,53.956],[58.956,53.899],[58.92,53.858],[58.92,53.7],[58.812,53.602],[58.884,53.549],[58.884,53.391],[58.848,53.366],[58.884,53.309],[58.812,53.281],[58.884,53.228],[58.92,53.122],[58.956,53.061],[58.848,52.972],[58.812,52.894],[58.812,52.724],[58.776,52.646],[58.884,52.573],[58.812,52.516],[58.884,52.463],[58.848,52.439],[58.92,52.325],[58.884,52.272],[58.776,52.292],[58.74,52.26],[58.668,52.17],[58.668,52.13],[58.776,52.077],[58.74,52.04],[58.704,51.943],[58.668,51.878],[58.668,51.825],[58.596,51.772],[58.524,51.772],[58.38,51.739],[58.272,51.707],[58.236,51.711],[58.128,51.792],[58.056,51.792],[57.912,51.829],[57.84,51.821],[57.768,51.853],[57.696,51.8],[57.66,51.731],[57.588,51.686],[57.552,51.682],[57.48,51.719],[57.444,51.715],[57.444,51.658],[57.336,51.589],[57.264,51.56],[57.228,51.568],[57.156,51.642],[57.084,51.691],[56.976,51.739],[56.904,51.723],[56.94,51.682],[56.94,51.613],[56.904,51.577],[56.796,51.585],[56.832,51.621],[56.832,51.678],[56.76,51.792],[56.688,51.829],[56.688,51.878],[56.76,51.935],[56.652,52.085],[56.472,52.195],[56.436,52.195],[56.364,52.122],[56.292,52.146],[56.256,52.183],[56.328,52.248],[56.4,52.26],[56.472,52.353],[56.436,52.455],[56.364,52.496],[56.4,52.573],[56.364,52.602],[56.292,52.573],[56.184,52.622],[56.148,52.659],[56.076,52.667],[56.04,52.565],[55.932,52.516],[55.932,52.463],[55.824,52.374],[55.752,52.37],[55.644,52.402],[55.536,52.427],[55.536,52.488],[55.464,52.524],[55.464,52.61],[55.356,52.659],[55.284,52.65],[55.248,52.675],[55.284,52.728],[55.356,52.715],[55.392,52.748],[55.356,52.768],[55.32,52.866],[55.248,52.858],[55.176,52.837],[55.104,52.866],[55.104,52.903],[55.032,52.98],[54.959,53.037],[54.959,53.13],[54.887,53.244],[54.851,53.265],[54.635,53.24],[54.491,53.354],[54.311,53.411],[54.203,53.399],[54.095,53.456],[54.023,53.513],[53.915,53.618],[53.735,53.749],[53.735,53.769],[53.627,53.814],[53.591,53.866],[53.519,53.923],[53.447,54.033],[53.375,54.058],[53.411,54.098],[53.375,54.204],[53.375,54.33],[53.411,54.395],[53.411,54.452],[53.447,54.489],[53.447,54.525],[53.483,54.542],[53.555,54.615],[53.627,54.704],[53.627,54.765],[53.591,54.802],[53.699,54.896],[53.627,54.928],[53.519,54.924],[53.483,54.977],[53.303,55.054],[53.267,55.083],[53.159,55.107],[53.195,55.16],[53.267,55.18],[53.375,55.188],[53.411,55.213],[53.519,55.209],[53.627,55.249],[53.699,55.323],[53.843,55.38],[53.915,55.388],[53.951,55.445],[53.951,55.485],[54.023,55.522],[54.023,55.591],[54.203,55.689],[54.203,55.77],[54.167,55.79],[54.059,55.803],[54.095,55.823],[54.023,55.851],[53.951,55.937],[53.843,55.953],[53.807,55.981],[53.843,56.026],[54.059,56.108],[54.239,56.27],[54.383,56.307],[54.419,56.372],[54.419,56.392],[54.491,56.449],[54.527,56.514],[54.563,56.539],[54.635,56.559],[54.707,56.539],[54.743,56.47],[54.851,56.457],[54.959,56.4],[55.068,56.404],[55.104,56.449],[55.176,56.445],[55.356,56.388],[55.464,56.4],[55.572,56.465],[55.788,56.506],[55.86,56.502],[55.896,56.453],[55.968,56.388],[56.04,56.356],[56.04,56.307],[56.112,56.287],[56.148,56.307],[56.256,56.315],[56.4,56.38],[56.508,56.384],[56.58,56.356],[56.58,56.315],[56.724,56.242],[56.724,56.225],[56.868,56.116],[56.94,56.116],[57.048,56.148],[57.12,56.152],[57.192,56.189],[57.264,56.262],[57.408,56.343]],[[38.362,51.28],[38.434,51.255],[38.542,51.247],[38.578,51.207],[38.578,51.162],[38.47,51.125],[38.47,51.076],[38.542,51.044],[38.722,51.011],[38.758,51.056],[38.83,51.08],[38.938,51.032],[38.938,50.979],[38.902,50.962],[38.974,50.926],[38.938,50.885],[38.866,50.91],[38.83,50.853],[38.83,50.816],[38.938,50.788],[38.902,50.739],[38.938,50.706],[39.01,50.661],[39.082,50.674],[39.118,50.617],[39.262,50.596],[39.298,50.556],[39.262,50.544],[39.19,50.564],[39.154,50.527],[39.226,50.487],[39.154,50.446],[39.154,50.393],[39.226,50.332],[39.19,50.312],[39.19,50.263],[39.226,50.239],[39.226,50.141],[39.37,50.047],[39.37,49.99],[39.298,49.925],[39.298,49.848],[39.226,49.824],[39.226,49.856],[39.19,49.877],[39.118,49.86],[39.118,49.832],[39.082,49.82],[39.01,49.828],[39.01,49.811],[38.938,49.811],[38.938,49.86],[38.83,49.868],[38.83,49.885],[38.758,49.901],[38.686,49.95],[38.722,49.966],[38.614,49.978],[38.542,49.97],[38.434,49.999],[38.398,49.986],[38.362,49.999],[38.362,50.08],[38.182,50.068],[38.218,50.055],[38.182,50.043],[38.182,49.999],[38.218,49.999],[38.218,49.97],[38.146,49.933],[38.038,49.929],[38.038,49.974],[37.966,49.99],[37.966,50.019],[37.93,50.06],[37.822,50.08],[37.822,50.1],[37.75,50.096],[37.642,50.177],[37.642,50.308],[37.57,50.3],[37.462,50.365],[37.498,50.438],[37.426,50.422],[37.426,50.405],[37.354,50.417],[37.282,50.377],[37.21,50.369],[37.174,50.348],[37.066,50.332],[36.922,50.348],[36.85,50.332],[36.85,50.316],[36.778,50.3],[36.778,50.279],[36.706,50.271],[36.67,50.23],[36.598,50.23],[36.598,50.304],[36.562,50.283],[36.526,50.316],[36.454,50.328],[36.382,50.316],[36.382,50.295],[36.31,50.287],[36.274,50.312],[36.274,50.365],[36.238,50.365],[36.166,50.409],[36.166,50.45],[36.094,50.45],[36.022,50.462],[35.878,50.442],[35.806,50.446],[35.806,50.393],[35.734,50.361],[35.626,50.361],[35.59,50.381],[35.59,50.466],[35.518,50.47],[35.482,50.495],[35.482,50.523],[35.446,50.523],[35.446,50.592],[35.41,50.657],[35.518,50.661],[35.482,50.694],[35.482,50.779],[35.446,50.784],[35.446,50.84],[35.41,50.845],[35.41,50.934],[35.338,50.938],[35.338,51.015],[35.41,51.019],[35.482,51.003],[35.482,50.971],[35.518,50.942],[35.662,50.962],[35.77,50.999],[35.842,50.975],[35.878,50.991],[35.878,51.028],[35.986,51.056],[36.022,51.105],[35.95,51.125],[35.95,51.15],[36.058,51.178],[36.13,51.129],[36.274,51.158],[36.31,51.129],[36.382,51.117],[36.418,51.125],[36.526,51.084],[36.598,51.08],[36.67,51.097],[36.778,51.178],[36.814,51.19],[36.994,51.19],[37.102,51.235],[37.138,51.259],[37.138,51.296],[37.174,51.316],[37.354,51.341],[37.426,51.377],[37.534,51.373],[37.642,51.385],[37.786,51.361],[37.858,51.373],[37.93,51.422],[38.038,51.426],[38.182,51.333],[38.326,51.304],[38.362,51.28]],[[35.122,53.285],[35.122,53.195],[35.158,53.171],[35.086,53.151],[35.194,53.11],[35.266,53.094],[35.23,53.025],[35.158,53.025],[35.158,52.972],[35.014,52.947],[34.977,52.996],[34.977,52.947],[34.869,52.959],[34.869,52.911],[34.761,52.89],[34.869,52.793],[34.905,52.821],[34.977,52.781],[35.05,52.789],[35.014,52.744],[35.05,52.699],[35.014,52.667],[34.941,52.679],[35.014,52.63],[34.941,52.593],[35.014,52.561],[34.941,52.528],[34.941,52.504],[34.869,52.5],[34.905,52.471],[34.833,52.463],[34.833,52.406],[34.905,52.414],[34.941,52.378],[34.905,52.325],[34.833,52.284],[34.833,52.252],[34.761,52.215],[34.689,52.24],[34.617,52.199],[34.689,52.166],[34.653,52.097],[34.581,52.085],[34.509,52.105],[34.437,52.105],[34.329,52.044],[34.329,52.004],[34.293,51.963],[34.401,51.935],[34.401,51.922],[34.329,51.869],[34.257,51.857],[34.257,51.906],[34.221,51.906],[34.221,51.943],[34.149,51.955],[34.149,51.987],[34.077,51.991],[34.077,52.105],[34.113,52.109],[34.113,52.146],[34.077,52.154],[34.077,52.191],[34.005,52.191],[34.005,52.231],[33.933,52.248],[33.933,52.301],[33.861,52.305],[33.861,52.333],[33.789,52.362],[33.681,52.325],[33.609,52.321],[33.573,52.292],[33.501,52.292],[33.537,52.349],[33.465,52.353],[33.465,52.329],[33.393,52.362],[33.357,52.333],[33.213,52.374],[33.177,52.337],[33.033,52.305],[33.033,52.28],[32.889,52.244],[32.889,52.268],[32.817,52.272],[32.781,52.256],[32.673,52.252],[32.637,52.301],[32.565,52.305],[32.565,52.325],[32.457,52.321],[32.385,52.337],[32.349,52.317],[32.385,52.305],[32.385,52.24],[32.313,52.236],[32.349,52.203],[32.349,52.134],[32.313,52.134],[32.313,52.093],[32.169,52.065],[32.133,52.04],[32.061,52.028],[31.989,52.04],[31.917,52.028],[31.953,52.052],[31.953,52.085],[31.845,52.109],[31.809,52.097],[31.809,52.126],[31.773,52.134],[31.773,52.187],[31.665,52.191],[31.701,52.211],[31.701,52.272],[31.629,52.272],[31.593,52.297],[31.629,52.325],[31.629,52.41],[31.593,52.406],[31.593,52.459],[31.629,52.488],[31.593,52.508],[31.593,52.541],[31.629,52.528],[31.665,52.561],[31.557,52.589],[31.557,52.646],[31.521,52.659],[31.521,52.699],[31.593,52.711],[31.593,52.789],[31.521,52.813],[31.557,52.858],[31.485,52.858],[31.449,52.89],[31.377,52.915],[31.377,52.976],[31.233,53.037],[31.341,53.037],[31.341,53.082],[31.413,53.094],[31.413,53.191],[31.485,53.199],[31.593,53.191],[31.629,53.232],[31.773,53.199],[31.809,53.175],[31.809,53.126],[31.845,53.11],[31.917,53.114],[31.917,53.082],[32.097,53.073],[32.169,53.082],[32.169,53.106],[32.241,53.098],[32.241,53.122],[32.349,53.143],[32.349,53.179],[32.457,53.191],[32.529,53.256],[32.529,53.289],[32.601,53.289],[32.637,53.326],[32.745,53.326],[32.745,53.411],[32.853,53.443],[32.925,53.423],[32.925,53.496],[32.961,53.529],[32.961,53.574],[32.997,53.61],[33.105,53.647],[33.105,53.683],[33.177,53.724],[33.249,53.716],[33.249,53.801],[33.321,53.785],[33.357,53.818],[33.285,53.866],[33.357,53.919],[33.357,53.968],[33.429,53.923],[33.501,53.956],[33.465,53.984],[33.537,54.005],[33.717,54.017],[33.825,53.972],[33.969,53.85],[34.005,53.862],[34.041,53.834],[34.221,53.866],[34.257,53.826],[34.329,53.814],[34.329,53.785],[34.401,53.761],[34.401,53.72],[34.437,53.696],[34.509,53.683],[34.509,53.557],[34.545,53.505],[34.545,53.443],[34.617,53.395],[34.725,53.395],[34.761,53.374],[34.869,53.35],[35.014,53.362],[35.05,53.326],[35.122,53.285]],[[115.77,56.945],[115.734,56.921],[115.59,56.864],[115.59,56.819],[115.626,56.775],[115.626,56.722],[115.59,56.697],[115.446,56.636],[115.518,56.596],[115.698,56.567],[115.698,56.51],[115.806,56.425],[115.698,56.409],[115.698,56.352],[115.734,56.335],[115.842,56.193],[115.842,56.16],[115.878,56.124],[115.806,56.079],[115.806,56.006],[115.878,55.904],[115.878,55.859],[115.842,55.835],[115.842,55.774],[115.914,55.656],[115.914,55.457],[115.95,55.371],[116.094,55.347],[116.202,55.323],[116.418,55.335],[116.526,55.249],[116.598,55.205],[116.67,55.131],[116.814,55.074],[116.85,55.038],[116.85,54.989],[116.958,54.875],[116.922,54.794],[116.85,54.696],[116.814,54.668],[116.814,54.615],[116.706,54.534],[116.526,54.521],[116.49,54.501],[116.382,54.497],[116.274,54.513],[115.842,54.444],[115.698,54.432],[115.554,54.391],[115.518,54.33],[115.446,54.265],[115.374,54.233],[115.23,54.192],[115.158,54.147],[114.941,54.05],[114.869,53.997],[114.617,53.948],[114.473,53.842],[114.473,53.814],[114.365,53.814],[114.329,53.781],[114.077,53.732],[113.969,53.712],[113.825,53.61],[113.825,53.525],[113.825,53.496],[113.825,53.452],[113.825,53.411],[113.897,53.35],[113.897,53.277],[114.005,53.26],[114.041,53.232],[114.113,53.199],[114.149,53.204],[114.149,53.147],[114.113,53.106],[114.149,53.077],[114.329,53.061],[114.293,53.045],[114.293,52.927],[114.221,52.923],[114.221,52.817],[114.041,52.659],[113.897,52.646],[113.789,52.626],[113.681,52.573],[113.573,52.471],[113.465,52.484],[113.357,52.471],[113.141,52.447],[113.069,52.427],[112.925,52.345],[112.817,52.349],[112.709,52.366],[112.601,52.353],[112.529,52.329],[112.457,52.244],[112.421,52.231],[112.277,52.231],[112.277,52.256],[112.205,52.256],[112.133,52.297],[112.025,52.276],[112.025,52.24],[111.953,52.215],[111.845,52.114],[111.701,52.048],[111.629,51.935],[111.557,51.922],[111.449,51.882],[111.269,51.861],[111.233,51.837],[111.053,51.796],[110.981,51.743],[110.981,51.719],[110.837,51.658],[110.837,51.593],[110.729,51.536],[110.729,51.512],[110.657,51.495],[110.549,51.487],[110.405,51.516],[110.333,51.544],[110.333,51.585],[110.225,51.585],[109.973,51.593],[109.901,51.585],[109.685,51.507],[109.649,51.426],[109.433,51.39],[109.253,51.345],[109.037,51.41],[109.037,51.446],[108.965,51.426],[108.713,51.434],[108.641,51.455],[108.605,51.479],[108.605,51.43],[108.569,51.39],[108.461,51.39],[108.461,51.345],[108.461,51.28],[108.389,51.215],[108.389,51.182],[108.389,51.15],[108.461,51.133],[108.533,51.089],[108.461,51.052],[108.389,51.019],[108.281,51.003],[108.281,50.93],[108.245,50.845],[108.245,50.751],[108.209,50.727],[108.065,50.706],[108.065,50.657],[108.209,50.592],[108.281,50.592],[108.317,50.552],[108.461,50.527],[108.461,50.495],[108.461,50.462],[108.641,50.458],[108.641,50.422],[108.605,50.385],[108.569,50.397],[108.461,50.405],[108.317,50.344],[108.209,50.328],[108.065,50.259],[107.993,50.263],[107.921,50.198],[107.921,50.141],[107.741,50.112],[107.741,50.08],[107.705,50.064],[107.705,50.007],[107.741,49.982],[107.705,49.962],[107.705,49.954],[107.597,49.958],[107.489,49.982],[107.381,49.982],[107.309,50.011],[107.273,49.99],[107.165,50.015],[107.057,50.064],[107.021,50.112],[107.021,50.161],[106.985,50.19],[106.985,50.222],[106.913,50.247],[106.805,50.308],[106.733,50.324],[106.517,50.348],[106.265,50.304],[106.085,50.352],[106.085,50.401],[105.869,50.405],[105.833,50.434],[105.689,50.43],[105.545,50.434],[105.545,50.454],[105.473,50.458],[105.365,50.483],[105.293,50.462],[105.185,50.405],[105.113,50.389],[104.896,50.393],[104.824,50.356],[104.716,50.356],[104.644,50.324],[104.572,50.312],[104.5,50.32],[104.32,50.295],[104.32,50.259],[104.248,50.255],[104.248,50.226],[104.248,50.19],[104.068,50.149],[103.816,50.21],[103.744,50.19],[103.672,50.133],[103.6,50.137],[103.492,50.202],[103.42,50.218],[103.348,50.198],[103.276,50.218],[103.276,50.255],[103.24,50.308],[103.168,50.316],[102.952,50.304],[102.88,50.324],[102.808,50.381],[102.628,50.43],[102.628,50.454],[102.556,50.483],[102.556,50.519],[102.52,50.535],[102.448,50.539],[102.304,50.584],[102.304,50.674],[102.304,50.694],[102.304,50.727],[102.376,50.735],[102.304,50.767],[102.232,50.816],[102.232,50.91],[102.268,50.926],[102.268,50.979],[102.232,50.999],[102.196,51.056],[102.196,51.121],[102.16,51.137],[102.16,51.186],[102.196,51.207],[102.16,51.243],[102.16,51.28],[102.232,51.316],[102.196,51.341],[102.124,51.353],[102.052,51.39],[101.98,51.394],[101.944,51.426],[101.836,51.426],[101.728,51.459],[101.656,51.451],[101.62,51.483],[101.548,51.503],[101.404,51.483],[101.404,51.455],[101.332,51.467],[101.296,51.524],[101.224,51.548],[101.152,51.544],[101.08,51.568],[101.044,51.581],[100.936,51.617],[100.72,51.682],[100.684,51.715],[100.612,51.715],[100.504,51.747],[100.432,51.735],[100.108,51.76],[100.0,51.747],[99.928,51.768],[99.784,51.853],[99.712,51.91],[99.532,51.918],[99.46,51.943],[99.352,51.955],[99.28,51.975],[99.28,52.016],[99.136,52.036],[99.028,52.077],[98.992,52.122],[98.992,52.187],[98.884,52.227],[98.884,52.199],[98.812,52.227],[98.812,52.292],[98.74,52.297],[98.632,52.276],[98.632,52.313],[98.668,52.353],[98.668,52.394],[98.632,52.435],[98.704,52.443],[98.74,52.496],[98.812,52.536],[98.812,52.585],[98.884,52.683],[98.956,52.732],[98.956,52.801],[98.884,52.793],[98.812,52.817],[98.884,52.858],[98.884,52.898],[98.884,52.923],[98.992,52.939],[99.1,52.894],[99.208,52.878],[99.208,52.931],[99.208,52.959],[99.208,53.016],[99.316,53.033],[99.352,53.057],[99.352,53.122],[99.424,53.147],[99.532,53.13],[99.676,53.167],[99.712,53.191],[99.856,53.236],[99.856,53.334],[99.928,53.342],[100.036,53.321],[100.108,53.326],[100.108,53.387],[100.18,53.415],[100.288,53.391],[100.288,53.362],[100.36,53.281],[100.36,53.143],[100.432,53.057],[100.504,53.029],[100.612,52.996],[100.648,52.959],[100.756,52.927],[100.828,52.854],[100.9,52.817],[101.08,52.76],[101.08,52.72],[101.224,52.687],[101.368,52.634],[101.404,52.585],[101.62,52.492],[101.656,52.398],[101.656,52.37],[101.908,52.305],[101.944,52.256],[101.98,52.236],[102.052,52.248],[102.124,52.272],[102.196,52.256],[102.304,52.244],[102.376,52.26],[102.556,52.227],[102.556,52.15],[102.592,52.126],[102.628,52.109],[102.772,52.008],[102.844,51.971],[102.844,51.935],[103.024,51.898],[103.024,51.869],[103.132,51.857],[103.24,51.699],[103.24,51.65],[103.204,51.617],[103.204,51.589],[103.24,51.556],[103.24,51.495],[103.276,51.479],[103.348,51.442],[103.348,51.438],[103.564,51.455],[103.672,51.442],[103.744,51.418],[103.816,51.377],[103.816,51.263],[103.78,51.202],[103.78,51.162],[103.816,51.117],[103.924,51.133],[103.996,51.19],[104.104,51.194],[104.212,51.259],[104.392,51.268],[104.428,51.296],[104.5,51.308],[104.536,51.284],[104.572,51.324],[104.572,51.455],[104.644,51.451],[104.644,51.544],[105.365,51.776],[106.049,52.268],[106.517,52.589],[107.561,52.972],[108.065,53.293],[108.461,54.025],[108.533,54.493],[108.605,54.538],[108.533,54.538],[108.569,54.578],[108.605,54.647],[108.677,54.676],[108.677,54.879],[108.713,54.912],[108.713,54.944],[108.677,54.969],[108.677,55.062],[108.713,55.103],[108.713,55.18],[108.713,55.233],[108.641,55.262],[108.641,55.493],[108.677,55.518],[108.641,55.558],[108.713,55.603],[108.785,55.721],[108.785,55.778],[108.893,55.916],[108.965,55.929],[109.109,55.92],[109.217,55.969],[109.109,55.99],[109.037,56.026],[108.965,56.018],[108.965,56.055],[108.893,56.087],[108.893,56.148],[108.785,56.221],[108.677,56.25],[108.569,56.315],[108.569,56.372],[108.641,56.441],[108.713,56.465],[108.713,56.522],[108.677,56.563],[108.785,56.563],[108.929,56.583],[108.929,56.6],[109.001,56.62],[109.037,56.665],[109.217,56.661],[109.325,56.677],[109.433,56.722],[109.577,56.722],[109.685,56.701],[109.757,56.722],[109.865,56.783],[109.865,56.868],[109.937,56.917],[109.973,56.97],[110.009,56.974],[110.189,56.937],[110.333,56.925],[110.405,56.905],[110.549,56.844],[110.657,56.852],[110.729,56.868],[110.801,56.852],[110.909,56.852],[110.981,56.86],[111.053,56.815],[111.125,56.815],[111.197,56.876],[111.305,56.917],[111.305,56.962],[111.377,57.01],[111.377,57.055],[111.521,57.124],[111.593,57.112],[111.593,57.08],[111.809,56.925],[111.845,56.921],[111.917,56.958],[112.097,56.941],[112.205,56.876],[112.349,56.868],[112.421,56.856],[112.601,56.962],[112.709,56.941],[112.673,56.901],[112.673,56.86],[112.709,56.783],[112.853,56.714],[113.105,56.673],[113.177,56.653],[113.321,56.644],[113.465,56.673],[113.573,56.677],[113.645,56.648],[113.753,56.62],[113.789,56.563],[113.825,56.547],[113.969,56.559],[114.005,56.62],[114.077,56.636],[114.149,56.701],[114.221,56.701],[114.365,56.681],[114.473,56.677],[114.545,56.714],[114.761,56.718],[114.797,56.742],[114.797,56.791],[114.869,56.848],[114.941,56.897],[114.977,56.949],[115.05,56.978],[115.086,57.015],[115.05,57.039],[115.086,57.067],[115.086,57.116],[115.158,57.128],[115.302,57.112],[115.41,57.112],[115.554,57.128],[115.626,57.12],[115.806,57.226],[115.914,57.234],[116.058,57.222],[116.094,57.238],[116.166,57.21],[116.238,57.145],[116.13,57.12],[115.986,57.043],[115.914,57.031],[115.842,56.978],[115.77,56.945]],[[45.779,42.458],[45.779,42.478],[45.707,42.482],[45.671,42.507],[45.527,42.547],[45.491,42.535],[45.311,42.535],[45.311,42.588],[45.239,42.612],[45.239,42.641],[45.167,42.702],[45.095,42.698],[45.167,42.763],[45.167,42.799],[45.131,42.828],[45.203,42.865],[45.203,42.922],[45.167,42.934],[45.167,43.048],[45.275,43.141],[45.275,43.174],[45.311,43.186],[45.311,43.32],[45.203,43.32],[45.203,43.438],[45.131,43.45],[45.059,43.495],[44.95,43.511],[44.914,43.532],[44.95,43.548],[44.95,43.645],[45.023,43.629],[45.131,43.686],[45.131,43.723],[45.167,43.751],[45.167,43.841],[45.131,43.869],[45.275,43.898],[45.275,43.824],[45.311,43.804],[45.455,43.808],[45.527,43.849],[45.527,43.885],[45.491,43.922],[45.563,43.975],[45.635,43.955],[45.671,43.926],[45.779,43.902],[45.887,43.93],[45.959,43.906],[46.103,43.902],[46.103,43.853],[46.067,43.829],[46.067,43.78],[46.139,43.796],[46.175,43.837],[46.283,43.845],[46.283,43.922],[46.355,43.93],[46.355,43.967],[46.427,43.991],[46.463,43.983],[46.463,43.946],[46.499,43.934],[46.499,43.869],[46.607,43.833],[46.607,43.706],[46.535,43.658],[46.499,43.625],[46.499,43.593],[46.463,43.58],[46.463,43.515],[46.355,43.414],[46.427,43.332],[46.427,43.3],[46.463,43.255],[46.463,43.068],[46.535,43.048],[46.535,43.011],[46.499,42.987],[46.535,42.962],[46.535,42.93],[46.571,42.922],[46.535,42.893],[46.427,42.84],[46.391,42.848],[46.391,42.897],[46.319,42.861],[46.247,42.861],[46.139,42.783],[46.211,42.743],[46.247,42.714],[46.175,42.69],[46.067,42.682],[46.031,42.653],[46.031,42.576],[45.923,42.576],[45.887,42.503],[45.779,42.458]],[[62.016,56.181],[62.124,56.128],[62.124,56.103],[62.196,56.051],[62.196,56.002],[62.232,55.945],[62.376,55.937],[62.304,55.892],[62.448,55.811],[62.556,55.774],[62.52,55.713],[62.556,55.693],[62.556,55.619],[62.484,55.571],[62.592,55.558],[62.592,55.522],[62.556,55.485],[62.376,55.441],[62.196,55.461],[62.16,55.453],[62.16,55.408],[62.232,55.363],[62.196,55.335],[62.088,55.327],[62.052,55.282],[62.16,55.217],[62.268,55.115],[62.196,55.07],[62.196,55.022],[62.124,55.022],[62.124,55.046],[62.052,55.062],[61.944,55.05],[61.944,54.989],[62.016,54.896],[62.088,54.814],[62.052,54.794],[62.052,54.765],[62.088,54.725],[62.196,54.68],[62.304,54.696],[62.376,54.717],[62.412,54.745],[62.484,54.753],[62.556,54.725],[62.52,54.676],[62.7,54.664],[62.772,54.668],[62.88,54.712],[63.06,54.729],[63.132,54.729],[63.204,54.717],[63.24,54.664],[63.204,54.651],[63.276,54.562],[63.276,54.529],[63.204,54.493],[63.132,54.464],[63.168,54.416],[63.096,54.371],[63.168,54.33],[63.24,54.322],[63.312,54.261],[63.348,54.257],[63.384,54.192],[63.24,54.2],[63.168,54.192],[63.168,54.123],[63.132,54.106],[63.024,54.102],[62.916,54.115],[62.808,54.115],[62.808,54.082],[62.736,54.062],[62.736,54.045],[62.664,54.029],[62.664,54.001],[62.592,53.984],[62.556,53.956],[62.556,53.899],[62.448,53.923],[62.412,53.964],[62.412,53.993],[62.484,54.009],[62.448,54.054],[62.34,54.033],[62.196,54.033],[62.088,54.058],[62.016,54.037],[62.016,53.989],[62.052,53.956],[61.944,53.948],[61.872,53.964],[61.908,54.005],[61.836,54.005],[61.8,53.984],[61.728,54.017],[61.656,54.009],[61.62,53.956],[61.584,53.956],[61.584,53.997],[61.476,54.025],[61.476,54.082],[61.404,54.09],[61.296,54.07],[61.26,54.033],[61.26,53.915],[61.188,53.919],[61.152,53.956],[61.044,53.952],[60.972,53.899],[61.044,53.879],[61.152,53.879],[61.152,53.854],[61.224,53.834],[61.224,53.793],[61.116,53.716],[61.044,53.704],[61.044,53.639],[61.008,53.667],[60.9,53.659],[60.9,53.614],[61.044,53.606],[61.152,53.586],[61.152,53.57],[61.368,53.557],[61.404,53.59],[61.512,53.59],[61.584,53.557],[61.584,53.5],[61.476,53.456],[61.404,53.456],[61.404,53.48],[61.26,53.505],[61.224,53.423],[61.152,53.391],[61.152,53.317],[61.188,53.289],[61.26,53.269],[61.404,53.265],[61.44,53.232],[61.512,53.212],[61.62,53.212],[61.62,53.24],[61.692,53.248],[61.764,53.175],[61.908,53.13],[62.016,53.13],[62.124,53.118],[62.124,52.992],[62.016,52.947],[61.944,52.959],[61.908,53.012],[61.836,52.992],[61.728,52.992],[61.656,52.964],[61.62,52.972],[61.548,53.021],[61.44,53.033],[61.404,52.992],[61.296,52.992],[61.296,53.012],[61.224,53.033],[61.116,52.988],[61.116,52.972],[61.044,52.968],[61.044,52.923],[61.08,52.911],[60.936,52.837],[60.864,52.789],[60.864,52.772],[60.72,52.752],[60.72,52.654],[60.828,52.626],[60.828,52.52],[60.972,52.508],[60.972,52.459],[61.08,52.325],[60.972,52.268],[60.864,52.236],[60.792,52.231],[60.756,52.183],[60.648,52.154],[60.54,52.17],[60.396,52.093],[60.288,52.008],[60.108,51.991],[60.072,52.028],[60.0,52.052],[60.036,52.081],[60.036,52.154],[60.144,52.227],[60.252,52.272],[60.216,52.313],[60.216,52.39],[60.18,52.427],[60.072,52.439],[60.036,52.419],[59.928,52.419],[59.82,52.467],[59.784,52.451],[59.748,52.471],[59.676,52.488],[59.604,52.459],[59.532,52.467],[59.532,52.504],[59.388,52.459],[59.28,52.447],[59.244,52.39],[59.28,52.366],[59.28,52.305],[59.208,52.325],[59.1,52.374],[59.028,52.443],[59.028,52.463],[58.92,52.451],[58.884,52.463],[58.812,52.516],[58.884,52.573],[58.776,52.646],[58.812,52.724],[58.812,52.894],[58.848,52.972],[58.956,53.061],[58.92,53.122],[58.884,53.228],[58.812,53.281],[58.884,53.309],[58.848,53.366],[58.884,53.391],[58.884,53.549],[58.812,53.602],[58.92,53.7],[58.92,53.858],[58.956,53.899],[58.956,53.956],[59.1,53.972],[59.208,54.025],[59.316,54.188],[59.388,54.204],[59.496,54.192],[59.568,54.2],[59.712,54.167],[59.712,54.241],[59.784,54.326],[59.712,54.334],[59.64,54.387],[59.712,54.416],[59.748,54.456],[59.676,54.529],[59.82,54.586],[59.928,54.761],[59.856,54.826],[59.928,54.875],[59.892,54.891],[59.82,54.867],[59.748,54.875],[59.712,54.896],[59.712,54.932],[59.64,54.904],[59.64,54.875],[59.532,54.855],[59.46,54.749],[59.244,54.635],[59.172,54.623],[59.1,54.651],[59.028,54.623],[58.812,54.586],[58.74,54.562],[58.74,54.521],[58.704,54.497],[58.632,54.497],[58.56,54.529],[58.452,54.562],[58.308,54.546],[58.236,54.529],[58.164,54.485],[58.056,54.436],[57.984,54.42],[57.912,54.436],[57.768,54.538],[57.732,54.615],[57.516,54.729],[57.408,54.765],[57.228,54.834],[57.192,54.896],[57.264,54.948],[57.264,54.985],[57.228,55.022],[57.12,55.083],[57.12,55.123],[57.192,55.168],[57.264,55.249],[57.48,55.327],[57.552,55.339],[57.624,55.323],[57.768,55.319],[57.912,55.29],[58.056,55.278],[58.092,55.233],[58.056,55.188],[57.984,55.148],[57.984,55.099],[58.056,55.034],[58.02,54.993],[57.948,54.961],[58.02,54.948],[58.092,54.989],[58.092,55.026],[58.164,55.07],[58.164,55.152],[58.272,55.205],[58.416,55.107],[58.416,55.066],[58.488,55.046],[58.524,55.058],[58.596,54.973],[58.74,54.993],[58.848,55.062],[58.776,55.152],[58.668,55.168],[58.632,55.188],[58.74,55.249],[58.74,55.286],[58.848,55.327],[58.884,55.327],[58.992,55.286],[59.064,55.298],[59.136,55.323],[59.172,55.367],[59.136,55.424],[59.208,55.461],[59.316,55.473],[59.496,55.477],[59.532,55.497],[59.64,55.603],[59.496,55.607],[59.424,55.656],[59.316,55.64],[59.316,55.693],[59.28,55.725],[59.316,55.77],[59.28,55.794],[59.208,55.794],[59.136,55.835],[59.244,55.957],[59.244,56.002],[59.208,56.051],[59.352,56.116],[59.316,56.181],[59.172,56.16],[59.1,56.181],[59.028,56.152],[59.064,56.221],[59.172,56.242],[59.172,56.356],[59.28,56.388],[59.316,56.364],[59.46,56.343],[59.64,56.335],[59.64,56.307],[59.712,56.25],[59.784,56.25],[59.82,56.27],[59.964,56.278],[60.072,56.254],[60.252,56.262],[60.324,56.295],[60.468,56.282],[60.576,56.238],[60.648,56.254],[60.792,56.234],[60.864,56.242],[61.08,56.242],[61.152,56.254],[61.152,56.282],[61.08,56.323],[61.08,56.348],[61.152,56.4],[61.188,56.404],[61.296,56.38],[61.404,56.4],[61.476,56.38],[61.476,56.36],[61.548,56.335],[61.584,56.352],[61.692,56.343],[61.728,56.307],[61.836,56.282],[61.872,56.213],[62.016,56.181]],[[178.3344705882353,64.34364705882354],[178.344,64.332],[178.3410810810811,64.32932432432432],[178.3344705882353,64.34364705882354]],[[178.236,64.405],[178.236,64.433],[178.308,64.401],[178.3344705882353,64.34364705882354],[178.308,64.376],[178.236,64.405]],[[181.872,65.442],[181.584,65.438],[181.368,65.446],[181.26,65.462],[181.512,65.45],[181.692,65.442],[181.908,65.45],[182.124,65.438],[181.872,65.442]],[[174.131,62.066],[174.059,62.09],[174.059,62.151],[174.023,62.208],[173.915,62.237],[173.987,62.29],[174.095,62.33],[174.059,62.4],[173.951,62.436],[173.843,62.44],[173.771,62.485],[173.663,62.501],[173.519,62.477],[173.411,62.469],[173.087,62.404],[172.943,62.359],[172.835,62.347],[172.763,62.31],[172.655,62.359],[172.475,62.391],[172.331,62.379],[172.259,62.351],[172.115,62.347],[172.043,62.387],[171.935,62.408],[171.683,62.335],[171.683,62.306],[171.467,62.278],[171.395,62.253],[171.215,62.233],[171.251,62.274],[171.215,62.282],[171.179,62.253],[171.107,62.249],[171.107,62.318],[171.035,62.306],[170.999,62.261],[170.891,62.257],[170.891,62.217],[170.711,62.204],[170.711,62.172],[170.603,62.172],[170.495,62.212],[170.207,62.249],[170.171,62.212],[170.099,62.196],[170.027,62.221],[170.027,62.261],[169.991,62.318],[169.919,62.363],[169.919,62.4],[169.847,62.452],[169.847,62.526],[169.811,62.583],[169.703,62.587],[169.631,62.623],[169.523,62.619],[169.415,62.717],[169.235,62.774],[169.163,62.814],[168.947,62.875],[168.803,62.859],[168.623,62.892],[168.551,62.932],[168.443,62.953],[168.299,63.006],[168.299,63.05],[168.407,63.063],[168.443,63.103],[168.551,63.115],[168.623,63.164],[168.695,63.176],[168.695,63.25],[168.767,63.274],[168.803,63.327],[168.947,63.347],[169.019,63.42],[169.127,63.453],[169.271,63.469],[169.379,63.514],[169.379,63.538],[169.451,63.579],[169.343,63.709],[169.343,63.77],[169.199,63.811],[169.199,63.864],[169.091,63.884],[168.875,63.9],[168.839,63.933],[168.731,63.974],[168.659,64.047],[168.659,64.144],[168.443,64.165],[168.371,64.21],[168.335,64.287],[168.155,64.266],[168.083,64.283],[168.011,64.25],[167.831,64.23],[167.759,64.246],[167.723,64.291],[167.579,64.271],[167.507,64.332],[167.507,64.384],[167.363,64.417],[167.255,64.47],[167.147,64.535],[167.111,64.584],[167.039,64.576],[166.931,64.515],[166.751,64.486],[166.643,64.494],[166.463,64.47],[166.319,64.547],[166.139,64.559],[166.031,64.584],[165.923,64.523],[165.815,64.51],[165.743,64.527],[165.779,64.584],[165.707,64.637],[165.707,64.681],[165.671,64.71],[165.491,64.71],[165.275,64.718],[165.275,64.759],[165.203,64.795],[165.095,64.807],[164.95,64.791],[164.914,64.755],[164.95,64.71],[164.95,64.665],[164.878,64.645],[164.842,64.657],[164.77,64.73],[164.698,64.763],[164.59,64.763],[164.554,64.791],[164.194,64.889],[164.05,64.889],[163.978,64.852],[163.798,64.852],[163.726,64.885],[163.582,64.889],[163.546,64.913],[163.438,64.828],[163.33,64.783],[163.222,64.791],[163.15,64.775],[163.15,64.742],[163.222,64.71],[163.222,64.665],[162.79,64.661],[162.646,64.734],[162.574,64.755],[162.466,64.755],[162.106,64.791],[161.89,64.844],[161.674,65.043],[161.53,65.056],[161.314,65.121],[161.098,65.153],[160.81,65.153],[160.63,65.173],[160.45,65.247],[160.234,65.381],[160.198,65.462],[160.126,65.499],[159.838,65.523],[159.766,65.58],[159.622,65.601],[159.406,65.621],[159.118,65.674],[158.974,65.747],[158.974,65.991],[159.046,66.064],[159.226,66.162],[159.262,66.202],[158.974,66.211],[158.758,66.263],[158.722,66.312],[158.578,66.312],[158.506,66.361],[158.47,66.422],[158.578,66.455],[158.614,66.524],[158.686,66.573],[158.794,66.63],[158.794,66.674],[158.83,66.731],[159.01,66.764],[158.974,66.796],[158.83,66.878],[158.866,66.967],[158.83,67.032],[158.506,67.089],[158.362,67.101],[158.29,67.146],[158.218,67.162],[158.146,67.199],[157.966,67.223],[157.93,67.252],[157.966,67.305],[157.966,67.37],[157.858,67.451],[157.822,67.545],[157.894,67.679],[158.038,67.695],[158.182,67.687],[158.29,67.707],[158.362,67.764],[158.218,67.789],[158.182,67.842],[158.326,67.915],[158.326,67.964],[158.398,68.041],[158.578,68.094],[158.794,68.098],[158.974,68.086],[159.118,68.147],[159.262,68.175],[159.334,68.212],[159.442,68.175],[159.586,68.191],[159.73,68.159],[159.802,68.224],[159.874,68.252],[159.982,68.26],[160.306,68.256],[160.738,68.236],[160.954,68.265],[161.278,68.374],[161.422,68.387],[161.602,68.362],[162.034,68.317],[162.394,68.252],[162.466,68.301],[162.466,68.387],[162.538,68.419],[162.538,68.521],[162.646,68.545],[162.61,68.586],[162.682,68.639],[162.574,68.667],[162.538,68.728],[162.682,68.757],[162.79,68.814],[162.718,68.846],[162.682,68.899],[162.502,68.923],[162.43,68.964],[162.466,69.07],[162.502,69.115],[162.718,69.131],[162.718,69.159],[162.394,69.294],[162.43,69.334],[162.394,69.367],[162.25,69.391],[162.286,69.444],[162.178,69.493],[162.286,69.509],[162.358,69.586],[162.358,69.627],[162.394,69.66],[162.502,69.651],[162.646,69.66],[162.718,69.635],[162.898,69.635],[163.186,69.692],[163.33,69.7],[163.51,69.668],[163.654,69.664],[163.87,69.68],[164.014,69.741],[164.158,69.737],[164.194,69.688],[164.446,69.595],[164.554,69.578],[164.734,69.562],[164.986,69.554],[165.203,69.582],[165.419,69.566],[165.779,69.566],[165.959,69.546],[166.031,69.517],[166.247,69.501],[166.535,69.489],[166.679,69.509],[166.751,69.477],[166.967,69.468],[167.399,69.615],[167.507,69.676],[167.687,69.745],[167.759,69.761],[167.903,69.733],[167.975,69.704],[168.083,69.7],[167.975,69.651],[167.975,69.627],[168.119,69.574],[168.263,69.558],[168.263,69.416],[168.227,69.412],[168.227,69.285],[168.299,69.216],[168.443,69.2],[168.731,69.196],[168.911,69.163],[169.127,69.082],[169.271,69.07],[169.343,69.078],[169.415,69.058],[169.451,69.021],[169.451,68.952],[169.487,68.915],[169.451,68.895],[169.451,68.838],[169.523,68.789],[169.631,68.761],[169.739,68.757],[170.207,68.789],[170.423,68.818],[170.459,68.854],[170.819,68.932],[170.963,68.989],[170.999,69.037],[171.071,69.05],[171.071,69.106],[171.035,69.139],[170.891,69.172],[170.927,69.188],[170.927,69.298],[170.891,69.338],[170.783,69.367],[170.783,69.46],[170.711,69.473],[170.747,69.493],[170.675,69.566],[170.567,69.59],[170.423,69.59],[170.351,69.574],[170.207,69.586],[170.243,69.676],[170.423,69.721],[170.531,69.721],[170.639,69.745],[170.603,69.786],[170.603,69.875],[170.567,69.896],[170.567,70.005],[170.603,70.03],[170.603,70.087],[170.459,70.115],[170.567,70.123],[170.855,70.079],[171.035,70.087],[171.179,70.066],[171.467,70.046],[171.647,70.013],[171.755,70.009],[171.863,69.989],[172.259,69.969],[172.403,69.94],[172.547,69.932],[172.763,69.961],[172.835,69.932],[172.835,69.896],[172.943,69.879],[173.123,69.835],[173.195,69.839],[173.195,69.875],[173.267,69.904],[173.483,69.936],[173.591,69.896],[173.699,69.871],[173.699,69.843],[173.771,69.806],[173.951,69.835],[174.023,69.859],[174.311,69.867],[174.491,69.847],[174.815,69.839],[175.104,69.839],[175.356,69.851],[175.428,69.859],[175.824,69.875],[175.932,69.859],[176.112,69.871],[176.328,69.786],[176.4,69.733],[176.508,69.725],[176.904,69.635],[177.156,69.599],[177.408,69.59],[177.552,69.57],[177.948,69.464],[178.092,69.448],[178.272,69.444],[178.272,69.42],[178.416,69.448],[178.632,69.424],[178.848,69.383],[178.956,69.342],[179.208,69.29],[179.604,69.151],[179.748,69.074],[180.0,68.98],[180.0,68.972],[180.216,68.911],[180.36,68.895],[180.504,68.919],[180.648,68.846],[181.08,68.757],[181.26,68.704],[181.26,68.675],[181.512,68.578],[181.692,68.525],[181.836,68.484],[182.16,68.391],[182.232,68.358],[182.556,68.244],[182.628,68.236],[182.808,68.183],[183.276,68.049],[183.492,67.98],[183.636,67.947],[183.816,67.899],[183.924,67.858],[184.14,67.838],[184.14,67.805],[184.428,67.728],[184.536,67.699],[184.752,67.646],[184.68,67.622],[184.752,67.581],[184.752,67.545],[184.968,67.455],[185.113,67.415],[185.185,67.362],[185.293,67.244],[185.221,67.244],[185.185,67.305],[185.113,67.292],[185.113,67.236],[185.113,67.032],[185.113,66.975],[185.185,66.926],[185.293,66.918],[185.185,66.902],[185.293,66.825],[185.293,66.747],[185.185,66.752],[185.113,66.723],[185.113,66.699],[185.077,66.686],[185.077,66.642],[185.113,66.601],[185.329,66.589],[185.437,66.548],[185.545,66.528],[185.545,66.471],[185.509,66.463],[185.509,66.361],[185.653,66.345],[185.761,66.369],[185.761,66.39],[185.833,66.414],[185.797,66.455],[185.977,66.471],[186.049,66.455],[186.049,66.381],[186.049,66.337],[185.977,66.296],[186.157,66.296],[186.085,66.312],[186.085,66.341],[186.157,66.333],[186.301,66.357],[186.301,66.438],[186.265,66.467],[186.157,66.471],[186.157,66.503],[185.797,66.528],[185.761,66.573],[185.941,66.617],[186.049,66.658],[186.049,66.78],[186.049,66.784],[186.049,66.833],[185.977,66.902],[185.977,66.975],[185.761,66.983],[185.797,67.016],[185.761,67.057],[185.617,67.028],[185.473,67.032],[185.653,67.061],[185.797,67.073],[185.689,67.073],[185.509,67.061],[185.437,67.036],[185.365,67.061],[185.473,67.073],[186.013,67.081],[186.121,67.073],[186.337,67.081],[186.337,67.118],[186.625,67.073],[187.021,67.04],[187.273,67.032],[187.561,66.996],[187.381,67.0],[187.381,67.012],[187.273,67.012],[187.777,66.955],[187.957,66.947],[187.597,66.983],[187.633,66.983],[187.957,66.951],[188.029,66.967],[188.281,66.951],[188.317,66.931],[188.317,66.874],[188.353,66.825],[188.497,66.792],[188.641,66.772],[188.641,66.752],[188.605,66.699],[188.713,66.621],[188.857,66.581],[188.929,66.556],[189.217,66.455],[189.325,66.406],[189.361,66.369],[189.505,66.333],[189.757,66.296],[189.901,66.223],[189.901,66.178],[190.153,66.141],[190.189,66.162],[190.297,66.133],[190.297,66.052],[190.261,66.011],[190.189,66.007],[190.081,66.044],[189.937,66.036],[189.865,66.011],[189.685,65.954],[189.613,65.942],[189.469,65.861],[189.361,65.84],[189.505,65.845],[189.505,65.792],[189.469,65.775],[189.469,65.731],[189.505,65.727],[189.505,65.649],[189.433,65.601],[189.145,65.617],[189.145,65.649],[188.929,65.69],[188.821,65.702],[188.821,65.731],[188.713,65.784],[188.605,65.816],[188.569,65.784],[188.713,65.718],[188.641,65.723],[188.641,65.694],[188.713,65.657],[188.929,65.621],[189.001,65.584],[188.965,65.474],[188.929,65.462],[188.857,65.478],[188.677,65.523],[188.533,65.507],[188.353,65.507],[188.245,65.478],[188.245,65.507],[187.993,65.515],[187.993,65.531],[187.921,65.552],[187.777,65.531],[187.741,65.588],[187.669,65.613],[187.705,65.657],[187.597,65.682],[187.453,65.67],[187.417,65.69],[187.237,65.657],[187.345,65.657],[187.345,65.617],[187.345,65.605],[187.525,65.605],[187.633,65.576],[187.597,65.535],[187.669,65.507],[187.669,65.462],[187.597,65.47],[187.561,65.458],[187.669,65.413],[187.741,65.422],[187.885,65.454],[187.741,65.312],[187.777,65.304],[187.777,65.169],[187.921,65.104],[187.777,65.112],[187.849,65.064],[187.921,65.084],[187.921,65.06],[187.849,65.039],[187.705,64.978],[187.705,64.95],[187.633,64.917],[187.345,64.877],[187.273,64.844],[187.165,64.844],[187.021,64.872],[186.913,64.836],[186.949,64.803],[186.913,64.787],[186.769,64.783],[186.913,64.767],[187.057,64.844],[187.165,64.791],[187.273,64.771],[187.237,64.734],[187.129,64.734],[187.129,64.689],[187.021,64.685],[186.949,64.665],[186.949,64.645],[187.057,64.673],[187.129,64.657],[187.093,64.62],[187.021,64.567],[187.093,64.567],[187.129,64.616],[187.237,64.616],[187.309,64.567],[187.381,64.567],[187.453,64.539],[187.597,64.543],[187.633,64.478],[187.741,64.401],[187.561,64.401],[187.525,64.384],[187.381,64.376],[187.273,64.397],[187.273,64.449],[187.237,64.466],[187.237,64.51],[187.021,64.494],[186.985,64.47],[186.985,64.441],[187.093,64.458],[187.165,64.449],[187.129,64.368],[187.165,64.356],[187.129,64.299],[187.057,64.287],[187.021,64.262],[186.913,64.246],[186.805,64.25],[186.697,64.283],[186.625,64.291],[186.625,64.368],[186.733,64.388],[186.805,64.449],[186.697,64.421],[186.733,64.458],[186.733,64.523],[186.697,64.523],[186.697,64.576],[186.661,64.596],[186.661,64.543],[186.697,64.494],[186.697,64.433],[186.589,64.372],[186.445,64.34],[186.373,64.332],[186.049,64.393],[186.013,64.417],[185.977,64.474],[185.977,64.535],[185.725,64.624],[185.761,64.641],[185.761,64.657],[185.689,64.641],[185.365,64.71],[185.365,64.734],[185.221,64.755],[185.113,64.791],[185.041,64.795],[184.968,64.771],[184.788,64.779],[184.68,64.795],[184.536,64.787],[184.536,64.807],[184.644,64.828],[184.572,64.852],[184.5,64.844],[184.5,64.889],[184.212,64.942],[184.212,64.97],[184.14,64.986],[184.14,65.007],[184.212,65.043],[184.176,65.064],[184.248,65.145],[184.14,65.239],[184.068,65.332],[184.14,65.275],[184.14,65.34],[184.104,65.413],[183.924,65.438],[183.996,65.458],[183.852,65.446],[183.492,65.515],[183.492,65.535],[183.384,65.552],[183.06,65.596],[182.88,65.584],[182.736,65.523],[182.664,65.483],[182.556,65.458],[182.448,65.458],[182.232,65.442],[182.16,65.458],[181.944,65.45],[181.872,65.462],[181.692,65.446],[181.548,65.47],[181.476,65.491],[181.548,65.572],[181.548,65.613],[181.584,65.625],[181.584,65.731],[181.512,65.747],[181.368,65.727],[181.296,65.784],[181.296,65.832],[181.188,65.877],[181.188,65.967],[181.152,65.995],[181.26,65.975],[181.332,66.019],[181.296,66.076],[181.512,66.113],[181.512,66.178],[181.548,66.202],[181.512,66.251],[181.584,66.272],[181.548,66.284],[181.548,66.39],[181.476,66.39],[181.476,66.341],[181.368,66.349],[181.332,66.263],[181.26,66.247],[181.26,66.186],[181.152,66.15],[181.044,66.146],[180.936,66.178],[180.972,66.202],[180.9,66.243],[180.936,66.259],[180.936,66.365],[180.9,66.345],[180.9,66.268],[180.684,66.276],[180.648,66.304],[180.612,66.276],[180.684,66.251],[180.72,66.202],[180.828,66.186],[180.684,66.121],[180.612,66.109],[180.324,66.105],[180.432,66.113],[180.396,66.162],[180.288,66.162],[180.324,66.141],[180.252,66.085],[180.252,65.999],[180.216,65.979],[180.216,65.885],[180.288,65.759],[180.504,65.698],[180.576,65.657],[180.684,65.633],[180.648,65.552],[180.72,65.531],[180.504,65.389],[180.54,65.352],[180.432,65.3],[180.432,65.23],[180.396,65.194],[180.324,65.173],[180.288,65.133],[180.216,65.121],[180.18,65.08],[180.0,65.031],[180.0,65.023],[179.856,64.986],[179.748,64.909],[179.604,64.86],[179.604,64.836],[179.532,64.795],[179.352,64.791],[179.244,64.775],[179.028,64.718],[179.028,64.71],[178.776,64.616],[178.56,64.555],[178.524,64.576],[178.632,64.576],[178.74,64.624],[178.812,64.637],[178.776,64.665],[178.632,64.661],[178.524,64.645],[178.272,64.633],[178.308,64.653],[178.164,64.665],[178.056,64.649],[177.984,64.677],[177.84,64.677],[177.624,64.689],[177.66,64.734],[177.552,64.759],[177.552,64.795],[177.408,64.807],[177.552,64.836],[177.48,64.852],[177.516,64.909],[177.264,64.909],[177.264,64.836],[177.336,64.82],[177.336,64.791],[177.084,64.755],[177.084,64.771],[176.976,64.779],[176.976,64.82],[176.868,64.82],[176.796,64.844],[176.652,64.844],[176.58,64.795],[176.472,64.795],[176.472,64.836],[176.292,64.881],[176.22,64.909],[176.148,64.913],[176.112,64.942],[175.968,64.897],[175.932,64.828],[175.86,64.787],[175.716,64.742],[175.608,64.775],[175.392,64.734],[175.248,64.746],[175.212,64.71],[175.392,64.694],[175.428,64.718],[175.536,64.742],[175.716,64.726],[175.86,64.755],[176.004,64.828],[176.004,64.889],[176.184,64.889],[176.292,64.783],[176.364,64.73],[176.472,64.669],[176.364,64.633],[176.256,64.628],[176.184,64.584],[176.292,64.6],[176.364,64.592],[176.472,64.628],[176.472,64.661],[176.58,64.657],[176.688,64.633],[176.76,64.584],[176.76,64.531],[176.868,64.567],[176.904,64.62],[177.012,64.653],[177.048,64.689],[177.192,64.689],[177.264,64.702],[177.372,64.746],[177.552,64.726],[177.48,64.673],[177.516,64.62],[177.444,64.6],[177.408,64.551],[177.408,64.494],[177.444,64.482],[177.48,64.417],[177.588,64.376],[177.804,64.262],[177.804,64.25],[177.948,64.226],[178.056,64.189],[178.2,64.189],[178.128,64.23],[178.164,64.258],[178.308,64.299],[178.3410810810811,64.32932432432432],[178.344,64.323],[178.416,64.275],[178.416,64.242],[178.524,64.124],[178.56,64.112],[178.668,64.018],[178.74,63.811],[178.812,63.685],[178.812,63.51],[178.884,63.42],[178.956,63.372],[178.992,63.323],[179.172,63.233],[179.244,63.221],[179.316,63.193],[179.388,63.136],[179.46,63.115],[179.46,63.054],[179.352,63.058],[179.28,63.018],[179.28,62.949],[179.316,62.888],[179.352,62.875],[179.532,62.859],[179.568,62.839],[179.568,62.774],[179.604,62.766],[179.604,62.701],[179.64,62.676],[179.604,62.656],[179.604,62.615],[179.496,62.607],[179.46,62.587],[179.46,62.526],[179.388,62.477],[179.208,62.481],[179.136,62.452],[179.1,62.408],[179.172,62.396],[179.136,62.33],[179.172,62.29],[179.064,62.265],[179.028,62.33],[178.92,62.343],[178.776,62.375],[178.668,62.387],[178.38,62.444],[178.308,62.448],[178.164,62.481],[178.092,62.522],[177.876,62.534],[177.552,62.55],[177.48,62.542],[177.192,62.534],[176.976,62.513],[176.76,62.457],[176.58,62.416],[176.436,62.367],[176.328,62.298],[176.256,62.269],[176.112,62.261],[175.68,62.18],[175.464,62.119],[175.32,62.062],[175.284,62.021],[175.104,61.981],[174.923,61.948],[174.743,61.883],[174.743,61.859],[174.491,61.81],[174.455,61.826],[174.455,61.867],[174.383,61.903],[174.347,61.964],[174.275,61.997],[174.275,62.046],[174.239,62.078],[174.131,62.066]],[[170.243,69.753],[170.171,69.708],[170.063,69.737],[170.207,69.769],[170.243,69.753]],[[168.659,69.952],[168.767,69.944],[168.947,69.904],[169.163,69.896],[169.415,69.859],[169.451,69.798],[169.415,69.753],[169.307,69.753],[169.271,69.708],[169.307,69.688],[169.307,69.619],[169.199,69.55],[169.055,69.562],[168.911,69.554],[168.515,69.599],[168.371,69.627],[168.119,69.7],[168.119,69.729],[168.011,69.761],[167.795,69.794],[167.795,69.839],[167.903,69.912],[168.047,69.936],[168.227,70.001],[168.371,70.009],[168.515,70.001],[168.551,69.973],[168.623,69.981],[168.659,69.952]],[[179.46,70.843],[179.46,70.88],[179.244,70.876],[178.992,70.835],[178.776,70.782],[178.704,70.929],[178.632,70.969],[178.596,71.071],[178.74,71.12],[178.848,71.169],[178.884,71.217],[179.1,71.254],[179.208,71.291],[179.208,71.311],[179.316,71.331],[179.424,71.404],[179.604,71.441],[179.748,71.445],[179.856,71.47],[179.892,71.522],[180.0,71.531],[180.18,71.522],[180.072,71.539],[180.252,71.555],[180.432,71.559],[180.648,71.539],[180.828,71.551],[180.9,71.588],[181.08,71.571],[181.188,71.579],[181.43617021276583,71.55755319148938],[181.188,71.588],[181.296,71.579],[181.48499999999987,71.55333333333334],[181.512,71.551],[181.53111504424785,71.54707079646016],[181.62,71.535],[181.54518435754196,71.54417877094971],[181.692,71.514],[181.62,71.506],[181.908,71.445],[181.944,71.445],[181.944,71.409],[182.05919999999998,71.3922],[182.088,71.381],[182.088,71.364],[182.232,71.307],[182.21815384615385,71.31930769230769],[182.304,71.274],[182.484,71.27],[182.556,71.213],[182.52,71.156],[182.448,71.152],[182.412,71.104],[182.088,71.026],[181.836,71.014],[181.764,70.998],[181.584,70.986],[181.332,70.961],[181.224,70.953],[180.864,70.904],[180.54,70.9],[180.504,70.925],[180.36,70.925],[180.288,70.941],[180.0,70.977],[180.0,70.969],[179.892,70.961],[179.82,70.925],[179.676,70.884],[179.46,70.843]],[[181.98,71.445],[182.08799999999997,71.388],[182.05919999999998,71.3922],[182.016,71.409],[181.98,71.445]],[[187.345,64.604],[187.273,64.624],[187.345,64.649],[187.453,64.653],[187.561,64.624],[187.525,64.596],[187.345,64.604]],[[187.669,64.71],[187.345,64.694],[187.381,64.763],[187.525,64.828],[187.669,64.828],[187.705,64.824],[187.921,64.763],[187.741,64.75],[187.669,64.71]],[[182.772,65.491],[182.808,65.531],[182.844,65.515],[182.772,65.491]],[[185.293,67.012],[185.293,67.101],[185.329,67.061],[185.329,67.016],[185.293,67.012]],[[182.21815384615385,71.31930769230769],[182.13839999999996,71.36140000000002],[182.196,71.339],[182.21815384615385,71.31930769230769]],[[182.088,71.381],[182.088,71.38799999999999],[182.13839999999996,71.36140000000002],[182.088,71.381]],[[184.464,71.38],[184.392,71.364],[184.212,71.409],[184.32,71.404],[184.464,71.38]],[[182.08799999999997,71.388],[182.088,71.388],[182.088,71.38799999999999],[182.08799999999997,71.388]],[[48.443,55.835],[48.443,55.778],[48.335,55.77],[48.227,55.725],[48.227,55.697],[48.119,55.685],[48.047,55.656],[48.047,55.603],[48.155,55.587],[48.155,55.563],[48.011,55.506],[47.939,55.449],[47.867,55.363],[47.759,55.343],[47.723,55.327],[47.723,55.233],[47.759,55.217],[47.831,55.27],[47.903,55.266],[47.903,55.323],[47.975,55.31],[47.975,55.257],[48.047,55.229],[48.083,55.188],[48.083,55.152],[48.011,55.148],[47.939,55.111],[47.939,55.054],[47.975,55.009],[48.119,55.042],[48.119,55.009],[48.047,54.989],[47.903,54.977],[47.795,54.981],[47.795,54.944],[47.831,54.924],[47.831,54.891],[47.723,54.879],[47.759,54.843],[47.723,54.818],[47.687,54.839],[47.579,54.834],[47.507,54.859],[47.471,54.9],[47.435,54.896],[47.435,54.859],[47.363,54.83],[47.399,54.794],[47.471,54.765],[47.291,54.725],[47.255,54.717],[47.183,54.664],[47.075,54.717],[46.967,54.692],[46.931,54.639],[46.859,54.635],[46.787,54.676],[46.679,54.676],[46.571,54.712],[46.499,54.749],[46.499,54.765],[46.463,54.778],[46.427,54.818],[46.427,54.891],[46.355,54.928],[46.283,54.94],[46.283,54.989],[46.355,55.018],[46.319,55.062],[46.247,55.079],[46.211,55.058],[46.211,55.001],[46.139,54.989],[46.139,55.03],[46.103,55.054],[46.103,55.103],[46.067,55.123],[46.067,55.192],[46.139,55.241],[46.247,55.282],[46.247,55.327],[46.319,55.388],[46.427,55.424],[46.427,55.461],[46.391,55.477],[46.247,55.51],[46.175,55.53],[46.031,55.607],[45.959,55.68],[45.995,55.709],[46.031,55.77],[46.103,55.798],[46.139,55.839],[46.139,55.884],[46.103,55.92],[46.103,55.965],[46.139,55.986],[46.139,56.018],[46.175,56.047],[46.283,56.059],[46.391,56.112],[46.571,56.164],[46.643,56.124],[46.715,56.132],[46.823,56.197],[46.967,56.254],[47.075,56.278],[47.183,56.335],[47.255,56.331],[47.363,56.348],[47.399,56.331],[47.399,56.282],[47.471,56.242],[47.471,56.197],[47.543,56.189],[47.615,56.152],[47.867,56.136],[47.939,56.103],[47.939,56.059],[47.975,56.002],[48.047,55.957],[48.119,55.92],[48.299,55.864],[48.443,55.835]],[[30.117,59.89],[30.082894736842103,59.90168421052632],[30.1386,59.8924],[30.117,59.89]],[[30.009,59.914],[29.96442857142858,59.92947619047619],[30.009,59.927],[30.082894736842103,59.90168421052632],[30.009,59.914]],[[30.153,59.862],[30.153,59.89],[30.1386,59.8924],[30.225,59.902],[30.225,59.939],[30.189,59.955],[30.261,59.967],[30.045,59.996],[29.973,60.008],[29.973,60.061],[29.937,60.073],[29.937,60.142],[29.721,60.191],[29.613,60.199],[29.469,60.167],[29.397,60.159],[29.505,60.24],[29.577,60.264],[29.649,60.264],[29.829,60.236],[29.901,60.211],[30.117,60.154],[30.405,60.122],[30.333,60.073],[30.369,60.032],[30.513,59.996],[30.513,59.849],[30.765,59.776],[30.765,59.723],[30.693,59.695],[30.585,59.703],[30.513,59.654],[30.513,59.626],[30.369,59.597],[30.225,59.609],[30.153,59.658],[30.045,59.687],[30.009,59.727],[29.865,59.805],[29.865,59.829],[29.793,59.825],[29.685,59.862],[29.685,59.931],[29.793,59.931],[29.793,59.914],[29.973,59.882],[30.009,59.862],[30.153,59.862]],[[29.937,59.931],[29.840999999999973,59.95233333333334],[29.937,59.939],[29.96442857142858,59.92947619047619],[29.937,59.931]],[[29.793,59.963],[29.840999999999973,59.95233333333334],[29.793,59.959],[29.757,59.984],[29.685,59.984],[29.721,60.0],[29.649,60.037],[29.793,60.0],[29.793,59.963]],[[46.895,44.833],[46.895,44.768],[46.859,44.768],[46.859,44.695],[46.787,44.699],[46.787,44.634],[46.823,44.634],[46.823,44.597],[46.787,44.573],[46.859,44.565],[46.823,44.536],[46.751,44.536],[46.751,44.504],[46.787,44.487],[46.895,44.487],[46.895,44.455],[47.003,44.439],[47.039,44.386],[47.039,44.304],[47.111,44.207],[47.147,44.203],[47.183,44.231],[47.255,44.195],[47.255,44.125],[47.327,44.06],[47.327,44.04],[47.399,43.987],[47.399,43.938],[47.471,43.898],[47.471,43.865],[47.543,43.837],[47.543,43.78],[47.507,43.731],[47.471,43.719],[47.471,43.601],[47.399,43.564],[47.435,43.568],[47.435,43.511],[47.471,43.499],[47.471,43.544],[47.507,43.589],[47.507,43.645],[47.579,43.763],[47.579,43.792],[47.615,43.853],[47.615,43.885],[47.687,43.914],[47.759,43.91],[47.759,43.873],[47.723,43.853],[47.651,43.768],[47.651,43.723],[47.579,43.629],[47.579,43.584],[47.543,43.544],[47.543,43.507],[47.471,43.414],[47.471,43.361],[47.507,43.32],[47.543,43.324],[47.543,43.373],[47.615,43.324],[47.615,43.312],[47.543,43.288],[47.507,43.243],[47.507,43.186],[47.471,43.161],[47.471,43.072],[47.435,43.039],[47.543,42.974],[47.723,42.877],[47.687,42.852],[47.687,42.816],[47.723,42.783],[47.723,42.653],[47.795,42.608],[47.795,42.592],[47.867,42.547],[47.903,42.503],[47.903,42.458],[47.939,42.425],[48.047,42.377],[48.119,42.275],[48.119,42.246],[48.191,42.173],[48.299,42.043],[48.299,41.998],[48.335,41.974],[48.335,41.933],[48.407,41.897],[48.479,41.892],[48.515,41.86],[48.515,41.827],[48.479,41.823],[48.479,41.787],[48.443,41.726],[48.443,41.661],[48.407,41.653],[48.407,41.608],[48.371,41.583],[48.263,41.543],[48.263,41.518],[48.191,41.502],[48.155,41.506],[48.047,41.49],[48.047,41.453],[48.011,41.433],[48.011,41.392],[47.939,41.372],[47.939,41.295],[47.903,41.274],[47.903,41.225],[47.795,41.213],[47.759,41.189],[47.615,41.238],[47.615,41.217],[47.543,41.201],[47.507,41.213],[47.507,41.258],[47.399,41.262],[47.255,41.319],[47.255,41.396],[47.219,41.396],[47.219,41.449],[47.183,41.453],[47.183,41.506],[47.147,41.518],[47.147,41.543],[47.111,41.551],[47.111,41.583],[47.075,41.579],[47.075,41.551],[47.003,41.551],[47.003,41.636],[46.931,41.653],[46.931,41.714],[46.823,41.73],[46.823,41.766],[46.787,41.779],[46.787,41.811],[46.751,41.827],[46.751,41.856],[46.715,41.831],[46.535,41.807],[46.535,41.88],[46.427,41.884],[46.391,41.917],[46.391,41.958],[46.283,41.949],[46.247,41.998],[46.175,41.986],[46.103,42.015],[46.067,42.002],[46.067,42.035],[46.031,42.043],[45.923,42.027],[45.923,42.084],[45.887,42.108],[45.815,42.112],[45.743,42.132],[45.743,42.161],[45.599,42.206],[45.635,42.246],[45.635,42.291],[45.707,42.283],[45.743,42.299],[45.743,42.385],[45.779,42.425],[45.779,42.458],[45.887,42.503],[45.923,42.576],[46.031,42.576],[46.031,42.653],[46.067,42.682],[46.175,42.69],[46.247,42.714],[46.211,42.743],[46.139,42.783],[46.247,42.861],[46.319,42.861],[46.391,42.897],[46.391,42.848],[46.427,42.84],[46.535,42.893],[46.571,42.922],[46.535,42.93],[46.535,42.962],[46.499,42.987],[46.535,43.011],[46.535,43.048],[46.463,43.068],[46.463,43.255],[46.427,43.3],[46.427,43.332],[46.355,43.414],[46.463,43.515],[46.463,43.58],[46.499,43.593],[46.499,43.625],[46.535,43.658],[46.607,43.706],[46.607,43.833],[46.499,43.869],[46.499,43.934],[46.463,43.946],[46.463,43.983],[46.427,43.991],[46.355,43.967],[46.355,43.93],[46.283,43.922],[46.283,43.845],[46.175,43.837],[46.139,43.796],[46.067,43.78],[46.067,43.829],[46.103,43.853],[46.103,43.902],[45.959,43.906],[45.887,43.93],[45.779,43.902],[45.671,43.926],[45.635,43.955],[45.563,43.975],[45.563,44.073],[45.599,44.097],[45.563,44.129],[45.491,44.15],[45.347,44.113],[45.275,44.146],[45.203,44.142],[45.203,44.186],[45.383,44.247],[45.455,44.256],[45.491,44.304],[45.491,44.382],[45.455,44.414],[45.311,44.41],[45.311,44.447],[45.347,44.459],[45.311,44.508],[45.311,44.536],[45.383,44.565],[45.455,44.573],[45.491,44.593],[45.635,44.736],[45.635,44.797],[45.599,44.837],[45.599,44.878],[45.707,44.988],[45.815,45.012],[46.139,44.98],[46.283,44.959],[46.391,44.947],[46.463,44.923],[46.535,44.849],[46.607,44.841],[46.751,44.788],[46.823,44.801],[46.895,44.833]],[[87.111,52.593],[87.147,52.569],[87.219,52.589],[87.291,52.589],[87.291,52.541],[87.291,52.508],[87.507,52.467],[87.615,52.431],[87.687,52.435],[87.759,52.496],[87.867,52.541],[87.939,52.52],[88.011,52.484],[88.083,52.455],[88.155,52.406],[88.227,52.41],[88.263,52.435],[88.407,52.414],[88.407,52.374],[88.443,52.333],[88.407,52.292],[88.407,52.183],[88.407,52.138],[88.263,52.109],[88.263,52.065],[88.155,52.065],[88.011,52.036],[88.011,51.983],[88.011,51.947],[87.939,51.874],[87.903,51.804],[87.939,51.768],[88.011,51.747],[88.083,51.768],[88.119,51.723],[88.011,51.642],[88.011,51.601],[87.903,51.589],[87.903,51.532],[87.939,51.487],[88.083,51.463],[88.155,51.39],[88.263,51.377],[88.335,51.349],[88.335,51.324],[88.407,51.292],[88.515,51.304],[88.587,51.333],[88.659,51.402],[88.659,51.459],[88.659,51.507],[88.731,51.548],[88.803,51.536],[88.911,51.434],[88.983,51.418],[88.983,51.353],[88.911,51.324],[88.911,51.288],[88.983,51.19],[89.055,51.137],[88.983,51.101],[89.055,51.056],[89.127,50.999],[89.199,50.983],[89.199,50.918],[89.307,50.857],[89.379,50.861],[89.379,50.812],[89.415,50.788],[89.559,50.723],[89.559,50.645],[89.631,50.625],[89.631,50.605],[89.703,50.552],[89.847,50.503],[89.883,50.458],[89.811,50.373],[89.703,50.348],[89.559,50.373],[89.559,50.45],[89.487,50.458],[89.487,50.409],[89.523,50.336],[89.451,50.324],[89.379,50.275],[89.307,50.234],[89.307,50.194],[89.487,50.177],[89.523,50.129],[89.559,50.096],[89.559,50.011],[89.559,49.99],[89.559,49.946],[89.631,49.917],[89.631,49.82],[89.739,49.799],[89.739,49.754],[89.703,49.742],[89.703,49.718],[89.451,49.657],[89.379,49.592],[89.307,49.62],[89.235,49.653],[89.199,49.632],[89.199,49.576],[89.235,49.547],[89.163,49.527],[89.127,49.502],[88.911,49.482],[88.911,49.527],[88.911,49.555],[88.911,49.559],[88.839,49.527],[88.839,49.498],[88.875,49.494],[88.875,49.449],[88.803,49.466],[88.659,49.462],[88.659,49.482],[88.659,49.527],[88.587,49.527],[88.515,49.486],[88.443,49.474],[88.443,49.494],[88.335,49.506],[88.191,49.478],[88.191,49.425],[88.119,49.393],[88.083,49.368],[88.155,49.34],[88.191,49.311],[88.191,49.279],[88.155,49.254],[88.011,49.262],[88.011,49.234],[88.011,49.185],[87.903,49.169],[87.867,49.177],[87.687,49.169],[87.615,49.148],[87.543,49.124],[87.507,49.136],[87.507,49.1],[87.435,49.079],[87.363,49.079],[87.291,49.1],[87.291,49.153],[87.291,49.209],[87.183,49.25],[87.039,49.254],[86.967,49.295],[86.931,49.303],[86.931,49.332],[86.895,49.348],[86.931,49.372],[86.931,49.401],[86.823,49.445],[86.823,49.515],[86.787,49.519],[86.787,49.547],[86.715,49.563],[86.643,49.567],[86.607,49.608],[86.607,49.641],[86.643,49.669],[86.715,49.669],[86.787,49.71],[86.715,49.73],[86.823,49.791],[86.787,49.799],[86.607,49.799],[86.607,49.742],[86.463,49.677],[86.391,49.641],[86.319,49.604],[86.247,49.588],[86.247,49.547],[86.211,49.535],[86.211,49.466],[86.175,49.462],[86.139,49.498],[86.067,49.519],[85.995,49.506],[85.995,49.482],[85.923,49.498],[85.959,49.539],[85.887,49.555],[85.815,49.547],[85.743,49.571],[85.671,49.555],[85.635,49.559],[85.635,49.584],[85.527,49.6],[85.419,49.592],[85.419,49.563],[85.347,49.571],[85.347,49.588],[85.275,49.588],[85.203,49.628],[85.203,49.734],[85.167,49.746],[85.095,49.832],[85.095,49.86],[85.095,49.877],[84.986,49.901],[84.986,49.999],[85.023,49.994],[85.023,50.043],[84.914,50.092],[84.842,50.092],[84.842,50.121],[84.734,50.141],[84.662,50.186],[84.554,50.198],[84.518,50.234],[84.446,50.251],[84.446,50.23],[84.338,50.218],[84.194,50.287],[84.266,50.344],[84.266,50.381],[84.194,50.385],[84.194,50.434],[84.194,50.454],[84.194,50.478],[84.194,50.527],[84.122,50.556],[84.122,50.605],[84.05,50.649],[84.122,50.653],[84.338,50.686],[84.374,50.718],[84.446,50.706],[84.518,50.731],[84.446,50.784],[84.59,50.816],[84.59,50.857],[84.446,50.885],[84.518,50.922],[84.446,50.967],[84.374,50.975],[84.302,50.991],[84.194,50.999],[84.122,51.044],[84.086,51.056],[84.05,51.04],[83.978,51.052],[83.978,51.113],[84.086,51.145],[84.122,51.113],[84.122,51.182],[84.122,51.239],[84.194,51.263],[84.374,51.28],[84.446,51.292],[84.446,51.324],[84.59,51.345],[84.734,51.43],[84.914,51.438],[84.95,51.471],[85.095,51.507],[85.239,51.507],[85.311,51.544],[85.347,51.564],[85.491,51.573],[85.419,51.634],[85.527,51.682],[85.635,51.731],[85.671,51.735],[85.743,51.792],[85.743,51.857],[85.851,51.886],[85.815,51.926],[85.815,52.008],[85.743,52.04],[85.887,52.057],[85.995,52.069],[86.139,52.065],[86.283,52.028],[86.319,52.032],[86.391,52.097],[86.391,52.126],[86.571,52.138],[86.607,52.122],[86.715,52.126],[86.715,52.276],[86.643,52.305],[86.643,52.374],[86.643,52.471],[86.643,52.516],[86.715,52.532],[86.715,52.569],[86.895,52.634],[86.967,52.646],[87.039,52.63],[87.111,52.593]],[[44.914,43.532],[44.95,43.511],[45.059,43.495],[45.131,43.45],[45.203,43.438],[45.203,43.32],[45.311,43.32],[45.311,43.186],[45.275,43.174],[45.275,43.141],[45.167,43.048],[45.167,42.934],[45.203,42.922],[45.203,42.865],[45.131,42.828],[45.167,42.799],[45.167,42.763],[45.095,42.698],[45.023,42.702],[44.986,42.743],[44.878,42.747],[44.842,42.73],[44.842,42.702],[44.806,42.661],[44.806,42.633],[44.77,42.625],[44.734,42.645],[44.734,42.722],[44.662,42.743],[44.662,42.787],[44.734,42.848],[44.734,42.804],[44.842,42.787],[44.914,42.812],[44.914,42.836],[44.986,42.881],[44.95,42.934],[44.95,43.015],[44.878,43.08],[44.77,43.129],[44.77,43.161],[44.698,43.182],[44.626,43.182],[44.662,43.202],[44.662,43.34],[44.59,43.377],[44.59,43.523],[44.698,43.536],[44.734,43.519],[44.734,43.479],[44.806,43.471],[44.842,43.507],[44.806,43.56],[44.878,43.572],[44.878,43.54],[44.914,43.532]],[[43.726,57.45],[43.69,57.438],[43.762,57.389],[43.834,57.385],[43.87,57.336],[43.798,57.352],[43.798,57.311],[43.726,57.336],[43.654,57.311],[43.69,57.279],[43.546,57.246],[43.474,57.128],[43.51,57.112],[43.618,57.096],[43.618,57.071],[43.69,57.055],[43.69,57.031],[43.618,57.019],[43.582,56.937],[43.51,56.884],[43.438,56.888],[43.402,56.864],[43.258,56.856],[43.114,56.856],[43.114,56.832],[43.042,56.811],[42.97,56.836],[42.934,56.807],[42.862,56.807],[42.79,56.771],[42.862,56.726],[42.79,56.693],[42.79,56.657],[42.934,56.62],[42.898,56.583],[42.898,56.539],[42.934,56.514],[42.898,56.457],[42.754,56.47],[42.682,56.461],[42.61,56.4],[42.538,56.388],[42.466,56.396],[42.43,56.437],[42.286,56.457],[42.25,56.437],[42.178,56.441],[42.178,56.396],[42.106,56.38],[42.07,56.335],[41.926,56.368],[41.926,56.445],[41.89,56.498],[41.782,56.457],[41.602,56.449],[41.53,56.413],[41.458,56.461],[41.278,56.465],[41.242,56.498],[41.134,56.47],[41.098,56.445],[41.026,56.478],[40.918,56.498],[40.918,56.478],[40.846,56.502],[40.846,56.535],[40.81,56.579],[40.738,56.592],[40.63,56.571],[40.522,56.563],[40.486,56.531],[40.378,56.526],[40.378,56.502],[40.306,56.51],[40.234,56.449],[40.234,56.404],[40.126,56.449],[40.018,56.461],[39.982,56.49],[39.982,56.531],[39.91,56.608],[39.838,56.612],[39.91,56.697],[39.874,56.766],[39.694,56.803],[39.55,56.787],[39.478,56.754],[39.442,56.762],[39.406,56.836],[39.478,56.836],[39.514,56.864],[39.478,56.905],[39.55,56.901],[39.55,56.929],[39.622,56.925],[39.55,56.99],[39.586,57.027],[39.658,57.027],[39.658,57.055],[39.874,57.12],[39.91,57.157],[39.982,57.161],[39.982,57.185],[40.09,57.21],[40.162,57.177],[40.234,57.189],[40.198,57.21],[40.27,57.21],[40.27,57.238],[40.162,57.271],[40.234,57.279],[40.306,57.255],[40.378,57.271],[40.414,57.255],[40.486,57.283],[40.558,57.287],[40.594,57.316],[40.702,57.303],[40.738,57.328],[40.774,57.324],[40.918,57.34],[41.026,57.307],[41.026,57.336],[41.098,57.336],[41.17,57.385],[41.17,57.425],[41.242,57.405],[41.35,57.433],[41.602,57.466],[41.638,57.523],[41.638,57.592],[41.602,57.653],[41.602,57.714],[41.71,57.694],[41.818,57.694],[41.962,57.653],[41.962,57.616],[42.034,57.608],[42.142,57.572],[42.178,57.588],[42.25,57.576],[42.358,57.584],[42.394,57.621],[42.466,57.645],[42.502,57.616],[42.682,57.637],[42.718,57.69],[42.826,57.665],[42.826,57.616],[42.79,57.576],[42.862,57.519],[42.862,57.49],[42.79,57.45],[42.826,57.417],[42.898,57.389],[43.042,57.385],[43.114,57.389],[43.186,57.454],[43.15,57.511],[43.15,57.56],[43.222,57.625],[43.222,57.433],[43.258,57.47],[43.366,57.523],[43.474,57.547],[43.582,57.543],[43.726,57.49],[43.726,57.45]],[[44.41,43.727],[44.41,43.654],[44.518,43.613],[44.518,43.454],[44.482,43.422],[44.518,43.393],[44.518,43.345],[44.482,43.324],[44.41,43.357],[44.338,43.345],[44.266,43.304],[44.23,43.32],[44.23,43.345],[44.158,43.32],[44.158,43.178],[44.122,43.157],[44.05,43.161],[44.086,43.19],[44.05,43.227],[43.978,43.198],[43.978,43.231],[43.942,43.259],[43.906,43.255],[43.906,43.206],[43.798,43.072],[43.69,42.962],[43.582,42.901],[43.51,42.934],[43.438,42.922],[43.402,42.897],[43.33,42.889],[43.294,42.917],[43.186,42.93],[43.114,42.995],[43.042,43.015],[43.042,43.092],[42.934,43.113],[42.934,43.141],[42.898,43.17],[42.79,43.178],[42.682,43.174],[42.682,43.137],[42.646,43.141],[42.538,43.186],[42.502,43.235],[42.538,43.275],[42.538,43.377],[42.574,43.389],[42.61,43.438],[42.61,43.462],[42.574,43.503],[42.574,43.536],[42.646,43.589],[42.79,43.625],[42.862,43.662],[42.862,43.747],[42.97,43.759],[43.078,43.8],[43.114,43.792],[43.33,43.849],[43.33,43.865],[43.402,43.869],[43.438,43.82],[43.438,43.768],[43.474,43.739],[43.618,43.784],[43.69,43.784],[43.798,43.763],[43.87,43.735],[43.942,43.776],[43.942,43.833],[44.014,43.894],[44.086,43.922],[44.158,43.894],[44.266,43.881],[44.338,43.841],[44.41,43.837],[44.482,43.922],[44.518,43.946],[44.518,43.861],[44.446,43.837],[44.41,43.796],[44.41,43.727]],[[19.856,54.631],[19.892,54.639],[19.892,54.603],[19.856,54.595],[19.856,54.631]],[[19.892,54.676],[19.928,54.676],[19.928,54.647],[19.892,54.639],[19.892,54.676]],[[19.928,54.725],[19.964,54.725],[19.964,54.68],[19.928,54.68],[19.928,54.725]],[[21.944,55.074],[22.052,55.083],[22.052,55.026],[22.124,55.026],[22.124,55.05],[22.34,55.062],[22.448,55.05],[22.52,55.054],[22.592,55.07],[22.592,55.026],[22.628,55.026],[22.628,54.989],[22.7,54.989],[22.772,54.916],[22.844,54.912],[22.844,54.863],[22.88,54.863],[22.88,54.786],[22.844,54.761],[22.736,54.729],[22.736,54.603],[22.7,54.603],[22.7,54.456],[22.736,54.452],[22.736,54.407],[22.772,54.399],[22.772,54.359],[22.592,54.35],[22.304,54.346],[22.088,54.33],[21.692,54.326],[21.44,54.322],[21.188,54.33],[21.044,54.346],[20.576,54.367],[20.216,54.403],[19.928,54.42],[19.82,54.436],[19.82,54.468],[19.928,54.489],[19.964,54.505],[19.964,54.57],[20.036,54.578],[20.036,54.546],[20.108,54.55],[20.144,54.595],[20.288,54.623],[20.288,54.651],[20.396,54.656],[20.36,54.684],[20.18,54.692],[20.144,54.66],[20.072,54.651],[20.072,54.712],[19.964,54.725],[19.964,54.851],[19.928,54.851],[19.928,54.924],[19.964,54.924],[19.964,54.961],[20.0,54.944],[20.144,54.94],[20.288,54.965],[20.288,54.936],[20.396,54.932],[20.54,54.977],[20.54,54.94],[20.576,54.932],[20.828,54.932],[20.864,54.9],[21.044,54.896],[21.152,54.908],[21.26,54.936],[21.26,54.977],[21.224,54.977],[21.224,55.079],[21.188,55.079],[21.188,55.201],[21.26,55.192],[21.296,55.205],[21.296,55.262],[21.404,55.29],[21.44,55.262],[21.44,55.217],[21.512,55.188],[21.584,55.196],[21.764,55.119],[21.836,55.119],[21.836,55.099],[21.944,55.074]],[[20.54,54.981],[20.550105263157906,54.98212280701755],[20.54,54.977],[20.54,54.981]],[[20.612,54.989],[20.550105263157906,54.98212280701755],[20.684,55.05],[20.756,55.099],[20.756,55.127],[20.792,55.127],[20.864,55.186],[20.864,55.144],[20.612,54.989]],[[20.864,55.186],[20.864,55.192],[20.871322033898306,55.192],[20.864,55.186]],[[20.9,55.2155],[20.9,55.192],[20.871322033898306,55.192],[20.9,55.2155]],[[20.936,55.245],[20.9,55.2155],[20.9,55.229],[20.936,55.253],[20.936,55.245]],[[20.936,55.253],[20.936,55.278],[21.008,55.257],[20.936,55.253]],[[45.347,48.128],[45.491,48.054],[45.563,47.993],[45.671,48.018],[45.779,47.997],[45.779,47.928],[45.743,47.879],[45.743,47.839],[45.815,47.806],[45.887,47.717],[45.959,47.684],[46.067,47.574],[46.283,47.452],[46.391,47.408],[46.427,47.428],[46.463,47.469],[46.607,47.579],[46.643,47.615],[46.787,47.607],[46.823,47.562],[46.643,47.505],[46.535,47.4],[46.571,47.306],[46.715,47.164],[46.859,46.989],[46.931,46.968],[46.967,46.932],[47.003,46.863],[47.075,46.85],[47.111,46.855],[47.219,46.765],[47.255,46.72],[47.219,46.667],[47.219,46.635],[47.183,46.606],[47.039,46.586],[46.967,46.456],[47.003,46.411],[46.787,46.403],[46.715,46.383],[46.607,46.277],[46.751,46.228],[46.859,46.22],[46.895,46.179],[46.895,46.07],[46.967,46.053],[47.147,46.09],[47.219,46.094],[47.255,46.053],[47.255,46.004],[47.183,45.956],[47.111,45.854],[47.039,45.695],[46.895,45.569],[47.075,45.577],[47.183,45.565],[47.255,45.573],[47.363,45.61],[47.471,45.598],[47.507,45.586],[47.579,45.59],[47.579,45.561],[47.507,45.541],[47.507,45.5],[47.579,45.439],[47.579,45.342],[47.543,45.289],[47.543,45.203],[47.507,45.102],[47.471,45.106],[47.435,45.167],[47.363,45.211],[47.363,45.167],[47.435,45.081],[47.363,45.065],[47.399,45.02],[47.327,44.935],[47.291,44.963],[47.255,44.951],[47.183,44.841],[47.111,44.788],[47.039,44.833],[47.003,44.792],[46.967,44.788],[46.967,44.825],[46.895,44.833],[46.823,44.801],[46.751,44.788],[46.607,44.841],[46.535,44.849],[46.463,44.923],[46.391,44.947],[46.283,44.959],[46.139,44.98],[45.815,45.012],[45.707,44.988],[45.563,45.126],[45.419,45.199],[45.203,45.268],[45.023,45.337],[44.95,45.35],[44.914,45.374],[44.914,45.398],[44.878,45.411],[44.662,45.439],[44.518,45.464],[44.374,45.525],[44.302,45.573],[44.194,45.699],[44.158,45.724],[44.158,45.769],[44.122,45.826],[44.05,45.874],[43.942,45.911],[43.726,45.964],[43.582,45.96],[43.438,46.004],[43.366,46.061],[43.258,46.106],[43.114,46.131],[43.006,46.179],[43.006,46.196],[42.934,46.224],[42.862,46.171],[42.826,46.122],[42.826,46.09],[42.682,46.07],[42.682,46.045],[42.61,46.017],[42.574,45.988],[42.322,45.972],[42.322,46.074],[42.358,46.118],[42.25,46.135],[42.214,46.131],[42.178,46.098],[42.214,46.045],[42.178,46.017],[42.178,45.943],[42.142,45.931],[42.07,45.939],[41.998,45.988],[41.89,46.004],[41.71,46.004],[41.746,46.049],[41.746,46.074],[41.674,46.122],[41.674,46.151],[41.746,46.208],[41.782,46.208],[41.818,46.179],[41.89,46.167],[41.998,46.22],[41.998,46.249],[41.962,46.269],[41.962,46.314],[42.07,46.35],[42.178,46.326],[42.25,46.362],[42.178,46.436],[42.106,46.476],[42.07,46.529],[42.106,46.574],[42.25,46.533],[42.466,46.468],[42.574,46.391],[42.646,46.362],[42.754,46.338],[42.826,46.379],[42.934,46.395],[43.006,46.391],[43.042,46.362],[43.114,46.338],[43.258,46.228],[43.33,46.179],[43.51,46.139],[43.654,46.151],[43.726,46.232],[43.726,46.297],[43.762,46.322],[43.762,46.354],[43.798,46.391],[43.87,46.354],[43.87,46.277],[43.978,46.322],[43.978,46.375],[43.906,46.44],[43.906,46.497],[43.942,46.529],[43.834,46.578],[43.942,46.655],[43.942,46.692],[44.014,46.753],[44.122,46.826],[44.23,46.85],[44.266,46.895],[44.302,46.911],[44.302,46.96],[44.266,46.985],[44.302,47.029],[44.302,47.062],[44.374,47.172],[44.374,47.444],[44.338,47.481],[44.266,47.485],[44.302,47.526],[44.266,47.542],[44.158,47.522],[44.158,47.436],[44.05,47.408],[43.978,47.359],[43.978,47.298],[43.906,47.278],[43.798,47.322],[43.834,47.359],[43.726,47.465],[43.726,47.635],[43.798,47.713],[43.87,47.737],[43.978,47.77],[44.05,47.802],[44.05,47.879],[44.158,47.916],[44.23,47.875],[44.302,47.863],[44.41,47.867],[44.518,47.957],[44.554,48.002],[44.518,48.03],[44.338,48.067],[44.374,48.111],[44.374,48.144],[44.41,48.189],[44.482,48.209],[44.626,48.176],[44.626,48.124],[44.59,48.071],[44.626,48.05],[44.698,48.054],[44.806,48.095],[44.842,48.054],[44.914,48.054],[44.986,48.083],[44.986,48.111],[44.95,48.128],[44.986,48.164],[45.059,48.168],[45.203,48.115],[45.275,48.107],[45.347,48.128]],[[37.246,54.782],[37.21,54.721],[37.21,54.676],[37.174,54.615],[37.102,54.529],[36.994,54.586],[36.886,54.57],[36.922,54.521],[36.85,54.489],[36.886,54.432],[36.958,54.416],[36.958,54.314],[36.994,54.277],[36.922,54.269],[36.814,54.273],[36.706,54.265],[36.634,54.298],[36.562,54.265],[36.49,54.269],[36.418,54.212],[36.346,54.204],[36.31,54.224],[36.202,54.172],[36.202,54.143],[36.13,54.167],[36.058,54.163],[36.166,54.123],[36.13,54.098],[36.058,54.094],[36.13,54.078],[36.202,54.09],[36.238,54.078],[36.166,54.05],[36.13,54.013],[36.166,53.993],[36.13,53.984],[36.13,53.928],[36.058,53.936],[35.986,53.899],[36.022,53.866],[35.914,53.834],[35.986,53.793],[35.914,53.761],[35.986,53.724],[36.022,53.724],[36.058,53.688],[35.986,53.639],[35.842,53.57],[35.806,53.525],[35.698,53.521],[35.662,53.553],[35.626,53.521],[35.59,53.521],[35.554,53.439],[35.482,53.427],[35.518,53.484],[35.446,53.472],[35.374,53.362],[35.338,53.366],[35.266,53.33],[35.266,53.289],[35.23,53.309],[35.122,53.285],[35.05,53.326],[35.014,53.362],[34.869,53.35],[34.761,53.374],[34.725,53.395],[34.617,53.395],[34.545,53.443],[34.545,53.505],[34.509,53.557],[34.509,53.683],[34.437,53.696],[34.401,53.72],[34.401,53.761],[34.329,53.785],[34.329,53.814],[34.257,53.826],[34.221,53.866],[34.041,53.834],[34.005,53.862],[33.969,53.85],[33.825,53.972],[33.717,54.017],[33.537,54.005],[33.501,54.062],[33.573,54.07],[33.609,54.098],[33.573,54.111],[33.609,54.167],[33.681,54.188],[33.645,54.228],[33.717,54.249],[33.753,54.31],[33.645,54.35],[33.717,54.42],[33.645,54.444],[33.717,54.501],[33.753,54.493],[33.861,54.55],[33.897,54.525],[33.933,54.55],[34.005,54.554],[34.041,54.534],[34.149,54.521],[34.221,54.529],[34.257,54.485],[34.329,54.509],[34.509,54.497],[34.509,54.578],[34.545,54.59],[34.545,54.643],[34.473,54.66],[34.509,54.696],[34.617,54.664],[34.689,54.656],[34.761,54.692],[34.833,54.696],[34.977,54.773],[34.905,54.794],[34.905,54.855],[34.941,54.875],[34.941,54.92],[35.05,54.94],[35.122,54.993],[35.158,54.948],[35.194,54.981],[35.266,55.066],[35.302,55.083],[35.374,55.16],[35.374,55.229],[35.41,55.229],[35.446,55.192],[35.518,55.188],[35.554,55.217],[35.59,55.201],[35.662,55.253],[35.734,55.249],[35.77,55.27],[35.806,55.257],[35.842,55.209],[35.986,55.213],[36.058,55.176],[36.13,55.192],[36.166,55.16],[36.31,55.188],[36.418,55.286],[36.562,55.286],[36.634,55.298],[36.634,55.225],[36.778,55.225],[36.814,55.176],[36.886,55.172],[36.922,55.209],[36.994,55.184],[37.066,55.099],[37.174,55.062],[37.138,55.03],[37.102,55.046],[37.102,54.981],[37.174,54.924],[37.174,54.859],[37.246,54.826],[37.246,54.782]],[[48.335,60.854],[48.407,60.826],[48.479,60.655],[48.515,60.594],[48.515,60.537],[48.479,60.5],[48.551,60.423],[48.623,60.403],[48.695,60.366],[48.659,60.305],[48.551,60.264],[48.443,60.207],[48.407,60.171],[48.443,60.13],[48.443,60.077],[48.479,60.041],[48.479,59.98],[48.443,59.919],[48.479,59.862],[48.479,59.723],[48.767,59.695],[49.019,59.675],[49.055,59.646],[49.019,59.593],[49.019,59.5],[49.055,59.483],[49.127,59.52],[49.307,59.479],[49.343,59.451],[49.307,59.426],[49.523,59.418],[49.559,59.394],[49.523,59.304],[49.487,59.26],[49.667,59.219],[49.811,59.264],[49.847,59.321],[49.847,59.378],[49.811,59.406],[49.847,59.487],[49.775,59.52],[49.811,59.67],[49.955,59.683],[50.027,59.703],[49.955,59.772],[50.063,59.809],[50.207,59.792],[50.279,59.841],[50.351,59.858],[50.711,59.902],[50.855,59.898],[50.855,59.935],[50.927,59.976],[51.035,60.069],[51.107,60.089],[51.251,60.085],[51.323,60.073],[51.395,60.0],[51.431,59.947],[51.503,59.951],[51.575,59.984],[51.575,60.016],[51.791,60.175],[51.971,60.325],[52.079,60.342],[52.295,60.264],[52.367,60.236],[52.583,60.199],[52.763,60.191],[53.339,60.138],[53.375,60.215],[53.447,60.232],[53.519,60.187],[53.519,60.15],[53.627,60.11],[53.663,60.069],[53.663,59.91],[53.627,59.874],[53.627,59.833],[53.555,59.74],[53.555,59.711],[53.447,59.699],[53.411,59.561],[53.375,59.512],[53.303,59.463],[53.303,59.435],[53.195,59.357],[53.267,59.264],[53.375,59.158],[53.519,59.158],[53.555,59.138],[53.663,59.113],[53.735,59.13],[53.843,59.093],[53.843,59.069],[53.735,59.007],[53.771,58.861],[53.879,58.804],[53.879,58.788],[53.735,58.747],[53.735,58.702],[53.771,58.662],[53.735,58.633],[53.735,58.58],[53.771,58.532],[53.771,58.491],[53.663,58.483],[53.627,58.454],[53.555,58.467],[53.483,58.442],[53.447,58.467],[53.375,58.414],[53.231,58.422],[53.123,58.54],[52.979,58.528],[52.907,58.503],[52.907,58.426],[52.835,58.397],[52.691,58.418],[52.619,58.41],[52.439,58.414],[52.187,58.475],[51.971,58.45],[51.863,58.365],[51.791,58.349],[51.791,58.292],[51.755,58.247],[51.683,58.19],[51.719,58.141],[51.755,58.137],[51.863,58.06],[51.827,58.023],[51.863,58.003],[51.935,58.007],[51.863,57.869],[51.935,57.84],[51.935,57.743],[51.863,57.706],[51.863,57.645],[51.755,57.596],[51.755,57.555],[51.611,57.511],[51.611,57.466],[51.539,57.454],[51.431,57.466],[51.287,57.458],[51.215,57.429],[51.143,57.352],[51.107,57.295],[51.179,57.242],[51.251,57.12],[51.251,57.092],[51.359,57.002],[51.395,56.929],[51.539,56.876],[51.503,56.811],[51.395,56.766],[51.395,56.701],[51.323,56.661],[51.251,56.681],[51.179,56.673],[51.143,56.624],[51.179,56.587],[51.179,56.531],[51.143,56.51],[51.179,56.478],[51.323,56.429],[51.323,56.372],[51.431,56.319],[51.503,56.307],[51.395,56.258],[51.395,56.246],[51.503,56.197],[51.431,56.14],[51.395,56.099],[51.251,56.116],[51.215,56.144],[51.107,56.136],[51.035,56.177],[50.999,56.221],[50.927,56.262],[50.927,56.307],[50.963,56.331],[50.927,56.372],[50.927,56.417],[50.855,56.457],[50.783,56.437],[50.819,56.404],[50.819,56.372],[50.639,56.392],[50.639,56.449],[50.567,56.478],[50.567,56.559],[50.495,56.612],[50.423,56.636],[50.423,56.685],[50.351,56.71],[50.315,56.657],[50.207,56.677],[50.171,56.648],[50.099,56.648],[50.063,56.665],[50.099,56.71],[50.099,56.758],[50.135,56.795],[50.099,56.86],[50.027,56.897],[49.955,56.88],[49.739,56.913],[49.775,56.921],[49.811,56.986],[49.739,57.027],[49.775,57.055],[49.667,57.071],[49.631,57.104],[49.559,57.08],[49.487,57.08],[49.379,57.043],[49.307,57.043],[49.235,57.096],[49.235,57.141],[49.199,57.165],[49.199,57.25],[49.235,57.271],[49.235,57.32],[49.199,57.336],[49.127,57.336],[49.019,57.295],[49.019,57.259],[49.091,57.21],[48.983,57.173],[48.983,57.108],[48.947,57.096],[48.839,57.1],[48.839,57.153],[48.875,57.173],[48.839,57.189],[48.731,57.194],[48.659,57.165],[48.623,57.189],[48.551,57.189],[48.479,57.132],[48.407,57.141],[48.371,57.173],[48.299,57.173],[48.263,57.112],[48.155,57.096],[48.191,57.063],[48.083,57.027],[47.939,57.01],[47.831,57.035],[47.831,57.059],[47.759,57.076],[47.723,57.063],[47.615,56.97],[47.543,56.941],[47.543,56.88],[47.507,56.864],[47.435,56.893],[47.291,56.884],[47.219,56.848],[47.147,56.848],[47.183,56.897],[47.111,56.933],[47.039,56.949],[46.895,56.933],[46.751,56.958],[46.787,56.998],[46.751,57.031],[46.787,57.067],[46.787,57.12],[46.751,57.173],[46.823,57.198],[46.787,57.287],[46.715,57.316],[46.715,57.425],[46.787,57.507],[46.823,57.523],[47.039,57.507],[47.183,57.547],[47.255,57.588],[47.291,57.584],[47.399,57.523],[47.471,57.543],[47.543,57.621],[47.543,57.678],[47.579,57.73],[47.579,57.787],[47.651,57.877],[47.723,57.901],[47.795,57.946],[47.723,57.954],[47.435,58.003],[47.327,58.015],[46.715,58.044],[46.607,58.039],[46.463,58.052],[46.391,58.023],[46.391,58.08],[46.319,58.129],[46.391,58.198],[46.463,58.198],[46.499,58.235],[46.463,58.243],[46.427,58.312],[46.499,58.361],[46.427,58.385],[46.535,58.418],[46.607,58.426],[46.643,58.467],[46.607,58.507],[46.607,58.544],[46.679,58.609],[46.715,58.593],[46.823,58.605],[46.895,58.633],[46.931,58.621],[47.039,58.633],[47.039,58.707],[47.147,58.776],[47.255,58.763],[47.363,58.796],[47.291,58.849],[47.363,58.869],[47.291,58.91],[47.327,58.922],[47.471,58.902],[47.615,58.906],[47.651,58.934],[47.579,58.987],[47.579,59.028],[47.543,59.069],[47.471,59.105],[47.471,59.166],[47.435,59.13],[47.327,59.154],[47.255,59.219],[47.291,59.235],[47.255,59.272],[47.255,59.308],[47.291,59.337],[47.075,59.357],[47.111,59.605],[47.147,59.662],[47.147,59.711],[47.075,59.756],[46.895,59.78],[46.967,59.882],[46.967,59.927],[47.003,59.963],[47.003,60.02],[47.039,60.073],[47.039,60.15],[46.967,60.126],[46.859,60.057],[46.715,60.041],[46.535,60.077],[46.427,60.118],[46.391,60.171],[46.319,60.228],[46.355,60.256],[46.535,60.252],[46.643,60.264],[46.751,60.252],[46.823,60.321],[46.859,60.403],[46.859,60.46],[46.967,60.541],[47.039,60.557],[47.075,60.594],[47.003,60.699],[47.003,60.76],[47.075,60.862],[47.111,60.931],[47.183,61.021],[47.183,61.057],[47.399,61.045],[47.471,61.07],[47.543,61.07],[47.759,61.025],[47.903,61.021],[47.975,60.952],[47.939,60.915],[47.975,60.887],[48.155,60.874],[48.335,60.854]],[[65.473,68.403],[65.473,68.362],[65.329,68.281],[65.329,68.069],[65.365,67.976],[65.473,67.951],[65.581,67.907],[65.725,67.907],[65.869,67.943],[66.085,67.947],[66.121,67.854],[66.013,67.809],[66.193,67.744],[66.265,67.707],[66.265,67.671],[66.193,67.646],[65.977,67.667],[65.905,67.654],[65.905,67.622],[65.833,67.593],[66.013,67.577],[66.157,67.496],[66.121,67.451],[66.049,67.41],[65.905,67.378],[65.761,67.362],[65.725,67.321],[65.617,67.305],[65.581,67.268],[65.329,67.191],[65.221,67.138],[65.185,67.093],[65.041,67.065],[65.113,66.975],[65.113,66.902],[64.896,66.817],[64.752,66.817],[64.608,66.792],[64.572,66.723],[64.356,66.686],[64.284,66.642],[64.212,66.634],[64.032,66.642],[63.852,66.573],[63.816,66.532],[63.6,66.479],[63.456,66.471],[63.384,66.455],[63.312,66.381],[63.312,66.357],[63.24,66.32],[63.312,66.268],[63.312,66.227],[63.24,66.247],[63.168,66.235],[63.06,66.186],[63.024,66.113],[62.952,66.101],[62.916,66.036],[62.844,66.024],[62.88,65.967],[62.772,65.91],[62.772,65.857],[62.196,65.727],[62.052,65.702],[61.908,65.666],[61.836,65.617],[61.728,65.592],[61.728,65.572],[61.62,65.556],[61.476,65.446],[61.332,65.356],[61.368,65.23],[61.224,65.161],[61.152,65.161],[61.08,65.104],[61.08,65.072],[60.828,65.019],[60.756,64.986],[60.756,64.942],[60.612,64.905],[60.576,64.962],[60.468,64.978],[60.468,65.027],[60.432,65.043],[60.18,65.068],[60.108,65.06],[60.036,65.015],[60.036,64.929],[59.928,64.925],[59.928,64.897],[59.784,64.877],[59.748,64.811],[59.64,64.795],[59.64,64.734],[59.748,64.673],[59.676,64.661],[59.604,64.576],[59.496,64.506],[59.496,64.482],[59.64,64.441],[59.676,64.38],[59.64,64.323],[59.64,64.189],[59.676,64.144],[59.856,64.14],[59.892,64.075],[59.784,64.022],[59.748,63.965],[59.604,63.917],[59.532,63.827],[59.46,63.807],[59.496,63.738],[59.496,63.64],[59.424,63.49],[59.424,63.416],[59.388,63.376],[59.388,63.323],[59.316,63.298],[59.352,63.237],[59.28,63.18],[59.28,63.14],[59.316,63.075],[59.244,63.05],[59.244,62.981],[59.316,62.92],[59.46,62.871],[59.496,62.843],[59.496,62.758],[59.352,62.701],[59.424,62.599],[59.424,62.554],[59.496,62.501],[59.568,62.497],[59.64,62.424],[59.604,62.363],[59.64,62.306],[59.496,62.261],[59.496,62.192],[59.46,62.164],[59.46,62.107],[59.424,62.058],[59.46,62.001],[59.46,61.948],[59.424,61.891],[59.352,61.855],[59.352,61.814],[59.388,61.753],[59.388,61.7],[59.352,61.676],[59.136,61.631],[59.136,61.582],[59.028,61.545],[58.92,61.545],[58.848,61.517],[58.452,61.517],[58.02,61.509],[57.624,61.513],[57.372,61.533],[57.228,61.533],[57.12,61.501],[56.832,61.541],[56.76,61.562],[56.688,61.521],[56.652,61.525],[56.58,61.452],[56.472,61.46],[56.292,61.249],[55.896,61.297],[55.788,61.143],[55.32,61.159],[55.212,61.037],[55.104,61.049],[54.995,60.903],[53.879,60.988],[53.843,60.858],[53.339,60.899],[53.447,61.053],[52.871,61.086],[52.763,60.968],[52.475,60.98],[52.331,60.858],[51.899,60.899],[51.899,60.878],[51.755,60.614],[52.151,60.537],[52.151,60.492],[52.331,60.455],[52.331,60.394],[52.367,60.337],[52.295,60.264],[52.079,60.342],[51.971,60.325],[51.791,60.175],[51.575,60.016],[51.575,59.984],[51.503,59.951],[51.431,59.947],[51.395,60.0],[51.323,60.073],[51.251,60.085],[51.107,60.089],[51.035,60.069],[50.927,59.976],[50.855,59.935],[50.855,59.898],[50.711,59.902],[50.351,59.858],[50.279,59.841],[50.207,59.792],[50.063,59.809],[49.955,59.772],[50.027,59.703],[49.955,59.683],[49.811,59.67],[49.775,59.52],[49.847,59.487],[49.811,59.406],[49.847,59.378],[49.847,59.321],[49.811,59.264],[49.667,59.219],[49.487,59.26],[49.523,59.304],[49.559,59.394],[49.523,59.418],[49.307,59.426],[49.343,59.451],[49.307,59.479],[49.127,59.52],[49.055,59.483],[49.019,59.5],[49.019,59.593],[49.055,59.646],[49.019,59.675],[48.767,59.695],[48.479,59.723],[48.479,59.862],[48.443,59.919],[48.479,59.98],[48.479,60.041],[48.443,60.077],[48.443,60.13],[48.407,60.171],[48.443,60.207],[48.551,60.264],[48.659,60.305],[48.695,60.366],[48.623,60.403],[48.551,60.423],[48.479,60.5],[48.515,60.537],[48.515,60.594],[48.479,60.655],[48.407,60.826],[48.335,60.854],[48.335,60.931],[48.407,61.021],[48.659,61.106],[48.767,61.151],[48.875,61.139],[49.055,61.196],[49.199,61.171],[49.235,61.179],[49.379,61.419],[49.523,61.606],[49.055,61.676],[49.235,62.131],[49.307,62.139],[49.595,62.77],[48.731,62.835],[48.623,62.729],[48.335,62.725],[48.191,62.481],[48.263,62.42],[48.263,62.326],[47.939,62.343],[47.651,62.33],[47.579,62.217],[47.363,62.217],[47.363,62.347],[47.183,62.347],[47.219,62.554],[47.219,62.66],[47.039,62.888],[47.183,62.92],[47.435,63.034],[47.543,63.124],[47.471,63.172],[47.327,63.201],[47.255,63.237],[47.003,63.294],[47.003,63.319],[46.931,63.412],[46.859,63.445],[46.895,63.498],[47.003,63.555],[47.039,63.648],[46.967,63.697],[46.859,63.734],[46.715,63.811],[46.391,63.933],[46.211,63.945],[46.031,63.994],[45.851,63.99],[45.779,63.998],[45.563,64.083],[45.527,64.128],[45.455,64.157],[45.455,64.205],[45.419,64.23],[45.527,64.246],[45.707,64.299],[45.923,64.323],[46.211,64.287],[46.355,64.291],[46.535,64.368],[47.219,64.388],[47.435,64.376],[47.579,64.393],[47.795,64.393],[48.083,64.376],[48.083,64.323],[48.119,64.271],[48.407,64.242],[48.443,64.287],[48.443,64.36],[48.803,64.364],[48.911,64.498],[49.163,64.506],[49.307,64.494],[49.415,64.474],[49.559,64.608],[49.883,64.584],[50.063,64.543],[50.279,64.523],[50.423,64.852],[50.315,64.86],[50.099,64.897],[49.991,64.954],[49.811,65.121],[49.703,65.198],[49.631,65.32],[49.199,65.295],[49.055,65.275],[49.019,65.446],[49.019,65.641],[48.983,65.796],[49.019,65.942],[49.019,66.019],[48.947,66.109],[49.487,66.259],[50.711,66.581],[51.251,66.715],[51.539,66.78],[51.503,66.825],[51.539,66.906],[51.647,66.91],[51.719,66.939],[51.791,66.947],[51.899,66.996],[51.971,67.004],[52.151,67.073],[53.591,67.032],[54.599,66.992],[55.968,66.975],[57.012,66.983],[58.74,66.992],[58.992,66.983],[60.216,66.992],[60.936,66.992],[61.188,66.996],[61.26,67.004],[61.368,66.983],[61.548,67.028],[61.692,67.016],[61.764,67.036],[61.764,67.065],[61.836,67.101],[62.592,67.297],[62.88,67.386],[62.952,67.402],[62.988,67.451],[62.952,67.541],[63.06,67.606],[63.132,67.675],[63.276,67.711],[63.384,67.772],[63.528,67.789],[63.744,67.748],[63.744,67.805],[63.996,67.915],[63.996,67.968],[63.924,68.025],[64.14,68.086],[64.356,68.118],[64.464,68.147],[64.464,68.175],[64.608,68.195],[64.644,68.228],[64.572,68.301],[64.572,68.334],[64.752,68.383],[64.86,68.395],[64.968,68.391],[65.077,68.407],[65.221,68.374],[65.329,68.37],[65.473,68.403]],[[47.111,59.605],[47.075,59.357],[47.291,59.337],[47.255,59.308],[47.255,59.272],[47.291,59.235],[47.255,59.219],[47.327,59.154],[47.435,59.13],[47.471,59.166],[47.471,59.105],[47.543,59.069],[47.579,59.028],[47.579,58.987],[47.651,58.934],[47.615,58.906],[47.471,58.902],[47.327,58.922],[47.291,58.91],[47.363,58.869],[47.291,58.849],[47.363,58.796],[47.255,58.763],[47.147,58.776],[47.039,58.707],[47.039,58.633],[46.931,58.621],[46.895,58.633],[46.823,58.605],[46.715,58.593],[46.679,58.609],[46.607,58.544],[46.607,58.507],[46.643,58.467],[46.607,58.426],[46.535,58.418],[46.427,58.385],[46.499,58.361],[46.427,58.312],[46.463,58.243],[46.499,58.235],[46.463,58.198],[46.391,58.198],[46.319,58.129],[46.391,58.08],[46.319,58.064],[46.175,58.064],[46.139,58.052],[46.031,58.056],[45.923,58.035],[45.851,58.044],[45.851,58.011],[45.779,58.015],[45.743,57.946],[45.707,57.922],[45.599,57.938],[45.527,58.011],[45.455,58.035],[45.347,58.011],[45.311,58.044],[45.239,58.052],[45.239,58.076],[45.059,58.072],[45.023,58.056],[44.878,58.068],[44.842,58.027],[44.842,57.97],[44.878,57.913],[44.878,57.844],[44.842,57.836],[44.842,57.787],[44.77,57.759],[44.77,57.694],[44.626,57.702],[44.518,57.633],[44.482,57.56],[44.374,57.515],[44.266,57.515],[44.23,57.478],[44.122,57.466],[44.086,57.442],[43.978,57.446],[43.942,57.429],[43.726,57.45],[43.726,57.49],[43.582,57.543],[43.474,57.547],[43.366,57.523],[43.258,57.47],[43.222,57.433],[43.222,57.625],[43.15,57.56],[43.15,57.511],[43.186,57.454],[43.114,57.389],[43.042,57.385],[42.898,57.389],[42.826,57.417],[42.79,57.45],[42.862,57.49],[42.862,57.519],[42.79,57.576],[42.826,57.616],[42.826,57.665],[42.718,57.69],[42.682,57.637],[42.502,57.616],[42.466,57.645],[42.394,57.621],[42.358,57.584],[42.25,57.576],[42.178,57.588],[42.142,57.572],[42.034,57.608],[41.962,57.616],[41.962,57.653],[41.818,57.694],[41.71,57.694],[41.602,57.714],[41.602,57.653],[41.638,57.592],[41.638,57.523],[41.602,57.466],[41.35,57.433],[41.242,57.405],[41.17,57.425],[41.17,57.385],[41.098,57.336],[41.026,57.336],[41.026,57.307],[40.918,57.34],[40.774,57.324],[40.738,57.328],[40.702,57.303],[40.594,57.316],[40.558,57.287],[40.486,57.283],[40.45,57.324],[40.45,57.393],[40.414,57.474],[40.486,57.499],[40.45,57.539],[40.522,57.551],[40.522,57.596],[40.558,57.576],[40.594,57.604],[40.666,57.588],[40.702,57.612],[40.594,57.698],[40.702,57.787],[40.63,57.852],[40.63,57.889],[40.774,57.954],[40.774,58.06],[40.918,58.125],[40.882,58.178],[40.954,58.198],[41.026,58.275],[41.134,58.292],[41.206,58.349],[41.098,58.414],[41.098,58.499],[40.99,58.528],[41.134,58.637],[41.206,58.646],[41.278,58.719],[41.17,58.788],[41.242,58.849],[41.278,58.837],[41.278,58.894],[41.206,58.918],[41.278,58.951],[41.278,58.983],[41.35,58.999],[41.35,58.959],[41.386,58.938],[41.422,58.983],[41.674,59.06],[41.818,59.085],[41.926,59.069],[41.998,59.081],[41.962,59.101],[41.998,59.121],[42.034,59.101],[42.106,59.109],[42.106,59.235],[42.034,59.247],[41.962,59.284],[41.998,59.292],[42.07,59.426],[42.178,59.402],[42.214,59.406],[42.214,59.365],[42.286,59.28],[42.322,59.264],[42.394,59.3],[42.502,59.304],[42.61,59.325],[42.682,59.28],[42.682,59.235],[42.754,59.235],[42.826,59.146],[42.898,59.154],[42.898,59.203],[42.934,59.191],[43.078,59.207],[43.078,59.235],[43.15,59.268],[43.258,59.219],[43.294,59.235],[43.366,59.215],[43.366,59.276],[43.438,59.276],[43.51,59.304],[43.51,59.26],[43.546,59.223],[43.51,59.199],[43.546,59.182],[43.618,59.199],[43.618,59.231],[43.798,59.28],[43.834,59.264],[43.798,59.219],[43.906,59.223],[44.014,59.195],[44.158,59.219],[44.194,59.178],[44.302,59.166],[44.302,59.138],[44.518,59.158],[44.554,59.146],[44.734,59.146],[44.986,59.121],[45.059,59.191],[45.275,59.186],[45.311,59.219],[45.635,59.199],[45.671,59.195],[45.707,59.219],[45.779,59.195],[45.923,59.186],[46.067,59.329],[46.139,59.321],[46.175,59.353],[46.391,59.369],[46.427,59.463],[46.391,59.492],[46.427,59.593],[46.643,59.597],[46.643,59.569],[46.751,59.577],[46.787,59.609],[47.111,59.605]],[[38.758,46.834],[38.794,46.85],[38.902,46.834],[38.866,46.798],[38.866,46.745],[38.794,46.696],[38.794,46.627],[38.83,46.639],[38.866,46.68],[39.01,46.663],[39.082,46.667],[39.082,46.684],[39.19,46.733],[39.19,46.798],[39.226,46.818],[39.298,46.834],[39.37,46.875],[39.442,46.863],[39.442,46.838],[39.73,46.83],[39.874,46.814],[39.982,46.777],[40.018,46.753],[40.018,46.72],[39.982,46.684],[39.982,46.647],[39.946,46.611],[39.946,46.586],[40.018,46.558],[40.126,46.537],[40.162,46.521],[40.162,46.488],[40.234,46.456],[40.234,46.415],[40.198,46.379],[40.27,46.326],[40.27,46.297],[40.378,46.297],[40.486,46.277],[40.594,46.305],[40.702,46.293],[40.702,46.261],[40.81,46.244],[40.954,46.293],[40.99,46.253],[40.954,46.22],[40.954,46.188],[40.99,46.143],[41.098,46.11],[41.17,45.984],[41.17,45.887],[41.206,45.878],[41.278,45.838],[41.314,45.793],[41.278,45.765],[41.206,45.765],[41.17,45.744],[41.206,45.708],[41.134,45.671],[41.098,45.671],[41.062,45.708],[40.918,45.699],[40.846,45.659],[40.846,45.565],[40.882,45.537],[40.954,45.52],[40.954,45.455],[41.026,45.435],[41.062,45.386],[41.062,45.232],[41.206,45.203],[41.35,45.228],[41.422,45.199],[41.422,45.118],[41.458,45.089],[41.53,44.992],[41.566,44.971],[41.674,44.951],[41.746,44.919],[41.746,44.817],[41.674,44.768],[41.674,44.736],[41.602,44.707],[41.494,44.675],[41.53,44.622],[41.602,44.585],[41.746,44.491],[41.854,44.443],[41.854,44.406],[41.782,44.386],[41.71,44.345],[41.71,44.321],[41.818,44.247],[41.818,44.186],[41.782,44.15],[41.782,44.121],[41.71,44.056],[41.638,44.056],[41.638,44.012],[41.566,43.942],[41.494,43.946],[41.422,43.987],[41.422,44.012],[41.386,44.048],[41.314,44.044],[41.206,44.081],[41.134,44.077],[41.026,44.117],[40.954,44.109],[40.918,44.064],[40.954,44.04],[40.954,43.975],[40.918,43.922],[40.81,43.91],[40.81,43.857],[40.774,43.829],[40.774,43.759],[40.738,43.727],[40.738,43.58],[40.702,43.528],[40.666,43.56],[40.558,43.515],[40.486,43.54],[40.378,43.544],[40.27,43.576],[40.09,43.568],[40.09,43.511],[40.054,43.507],[40.054,43.454],[40.018,43.45],[40.018,43.385],[39.91,43.41],[39.91,43.471],[39.874,43.471],[39.874,43.511],[39.838,43.511],[39.73,43.564],[39.73,43.589],[39.694,43.589],[39.694,43.641],[39.658,43.641],[39.586,43.67],[39.586,43.715],[39.514,43.735],[39.514,43.768],[39.442,43.788],[39.442,43.829],[39.406,43.829],[39.406,43.861],[39.37,43.861],[39.37,43.894],[39.298,43.918],[39.298,43.946],[39.262,43.975],[39.154,44.007],[39.154,44.04],[39.118,44.04],[39.118,44.068],[39.046,44.093],[39.046,44.125],[39.01,44.125],[39.01,44.162],[38.938,44.17],[38.938,44.186],[38.866,44.186],[38.866,44.223],[38.83,44.223],[38.83,44.26],[38.794,44.26],[38.758,44.3],[38.614,44.321],[38.578,44.345],[38.434,44.374],[38.326,44.378],[38.326,44.398],[38.218,44.406],[38.182,44.418],[38.182,44.455],[38.146,44.455],[38.146,44.5],[38.11,44.5],[38.11,44.524],[38.074,44.524],[38.074,44.581],[38.038,44.565],[37.966,44.573],[37.93,44.589],[37.93,44.662],[37.894,44.662],[37.786,44.723],[37.786,44.654],[37.678,44.654],[37.678,44.662],[37.534,44.67],[37.426,44.715],[37.426,44.74],[37.39,44.74],[37.39,44.792],[37.354,44.792],[37.354,44.853],[37.318,44.853],[37.318,44.939],[37.282,44.939],[37.282,44.975],[37.246,44.975],[37.102,45.053],[36.958,45.077],[36.886,45.114],[36.706,45.118],[36.634,45.13],[36.634,45.167],[36.598,45.167],[36.598,45.207],[36.742,45.215],[36.778,45.244],[36.886,45.248],[36.922,45.272],[36.994,45.276],[36.994,45.321],[36.886,45.321],[36.778,45.309],[36.778,45.354],[36.85,45.366],[36.85,45.382],[36.778,45.39],[36.778,45.443],[36.886,45.447],[36.958,45.398],[37.066,45.362],[37.174,45.333],[37.282,45.325],[37.39,45.329],[37.39,45.35],[37.462,45.342],[37.57,45.39],[37.57,45.435],[37.606,45.435],[37.606,45.667],[37.642,45.691],[37.75,45.708],[37.858,45.765],[37.858,45.834],[37.894,45.834],[37.894,45.931],[37.93,45.931],[37.93,46.004],[37.966,46.004],[37.966,46.037],[38.002,46.049],[38.11,46.057],[38.11,46.017],[38.074,46.017],[38.074,45.964],[38.146,45.988],[38.146,46.053],[38.182,46.053],[38.182,46.122],[38.254,46.147],[38.254,46.151],[38.254,46.228],[38.254,46.257],[38.29,46.257],[38.29,46.277],[38.254,46.277],[38.254,46.31],[38.218,46.31],[38.218,46.334],[38.182,46.334],[38.11,46.395],[38.002,46.403],[38.002,46.366],[37.93,46.387],[37.894,46.407],[37.894,46.444],[37.858,46.444],[37.858,46.497],[37.822,46.497],[37.822,46.558],[37.786,46.558],[37.786,46.635],[37.75,46.635],[37.75,46.663],[37.786,46.651],[37.894,46.635],[38.002,46.635],[38.074,46.647],[38.11,46.684],[38.254,46.704],[38.29,46.724],[38.29,46.676],[38.326,46.659],[38.506,46.643],[38.542,46.659],[38.614,46.667],[38.614,46.704],[38.578,46.704],[38.578,46.728],[38.542,46.741],[38.398,46.753],[38.398,46.81],[38.434,46.81],[38.434,46.855],[38.47,46.867],[38.578,46.855],[38.65,46.867],[38.686,46.83],[38.758,46.834]],[[39.586,45.154],[39.478,45.097],[39.406,45.077],[39.37,45.053],[39.262,45.012],[39.01,44.988],[38.938,44.992],[38.902,45.02],[38.794,45.057],[38.722,45.041],[38.65,45.061],[38.65,45.089],[38.578,45.045],[38.578,45.0],[38.614,44.98],[38.722,44.975],[38.722,44.947],[38.794,44.906],[38.866,44.902],[39.01,44.849],[39.154,44.858],[39.262,44.837],[39.37,44.825],[39.442,44.829],[39.586,44.858],[39.586,44.914],[39.622,44.947],[39.622,45.012],[39.694,45.053],[39.766,44.996],[39.838,45.012],[39.946,44.988],[39.91,44.963],[39.91,44.923],[39.982,44.914],[39.982,44.878],[40.018,44.853],[39.946,44.817],[40.054,44.78],[40.054,44.76],[39.91,44.711],[39.91,44.626],[39.838,44.597],[39.838,44.548],[39.874,44.52],[39.874,44.475],[39.91,44.451],[39.91,44.414],[39.874,44.386],[39.874,44.357],[39.91,44.329],[39.982,44.329],[39.982,44.304],[40.018,44.268],[40.09,44.272],[40.09,44.146],[40.018,44.097],[39.946,44.089],[39.91,44.105],[39.91,44.158],[39.802,44.231],[39.73,44.211],[39.73,44.138],[39.802,44.113],[39.802,44.097],[39.694,44.056],[39.73,44.016],[39.658,43.987],[39.73,43.934],[39.91,43.946],[40.09,43.861],[40.162,43.861],[40.234,43.824],[40.234,43.8],[40.306,43.788],[40.414,43.857],[40.45,43.898],[40.45,43.955],[40.486,43.975],[40.486,43.999],[40.45,44.04],[40.45,44.113],[40.414,44.158],[40.414,44.247],[40.486,44.296],[40.486,44.398],[40.414,44.475],[40.414,44.532],[40.342,44.589],[40.378,44.609],[40.378,44.666],[40.414,44.699],[40.414,44.74],[40.45,44.756],[40.522,44.744],[40.594,44.703],[40.63,44.658],[40.63,44.65],[40.702,44.703],[40.63,44.748],[40.594,44.797],[40.594,44.866],[40.522,44.927],[40.522,44.951],[40.45,44.996],[40.378,45.024],[40.378,45.049],[40.306,45.093],[40.126,45.102],[40.09,45.073],[40.018,45.057],[39.91,45.081],[39.838,45.118],[39.766,45.167],[39.658,45.163],[39.622,45.183],[39.586,45.154]],[[40.63,44.63],[40.666,44.581],[40.683454545454545,44.57130303030303],[40.63,44.65],[40.63,44.63]],[[40.702,44.544000000000004],[40.702,44.561],[40.683454545454545,44.57130303030303],[40.702,44.544000000000004]],[[40.702,44.508],[40.666,44.487],[40.702,44.459],[40.774,44.447],[40.81,44.459],[40.81,44.5],[40.774,44.536],[40.774,44.601],[40.702,44.67],[40.702,44.638],[40.738,44.581],[40.738,44.491],[40.702,44.544000000000004],[40.702,44.508]],[[64.968,56.791],[64.968,56.742],[65.005,56.701],[65.005,56.632],[64.968,56.62],[65.005,56.575],[65.005,56.535],[65.077,56.494],[65.149,56.425],[65.113,56.38],[65.185,56.331],[65.545,56.335],[65.653,56.303],[65.689,56.246],[65.761,56.189],[65.905,56.103],[65.941,56.059],[66.013,56.047],[66.265,56.112],[66.301,56.103],[66.409,56.014],[66.481,55.981],[66.553,55.998],[66.625,56.055],[66.697,56.075],[66.733,56.059],[66.733,56.01],[66.841,55.99],[66.949,56.026],[67.021,55.973],[67.165,55.961],[67.237,55.973],[67.309,55.876],[67.309,55.827],[67.381,55.758],[67.597,55.725],[67.741,55.762],[67.777,55.762],[67.885,55.693],[67.993,55.697],[68.101,55.737],[68.173,55.729],[68.173,55.668],[68.209,55.615],[68.317,55.571],[68.353,55.526],[68.425,55.514],[68.461,55.473],[68.605,55.416],[68.677,55.327],[68.641,55.257],[68.641,55.201],[68.497,55.188],[68.389,55.188],[68.353,55.176],[68.317,55.192],[68.173,55.188],[68.209,55.164],[68.209,55.119],[68.281,55.062],[68.209,55.022],[68.209,54.952],[67.993,54.94],[67.921,54.969],[67.849,54.973],[67.777,54.936],[67.777,54.883],[67.561,54.839],[67.489,54.851],[67.381,54.851],[67.309,54.863],[67.309,54.826],[67.093,54.798],[67.057,54.773],[66.841,54.773],[66.769,54.761],[66.733,54.725],[66.697,54.729],[66.589,54.725],[66.337,54.684],[66.121,54.635],[65.977,54.615],[65.941,54.631],[65.977,54.672],[65.977,54.708],[65.905,54.708],[65.833,54.692],[65.833,54.656],[65.761,54.599],[65.617,54.639],[65.509,54.651],[65.437,54.631],[65.473,54.611],[65.473,54.57],[65.365,54.582],[65.293,54.566],[65.185,54.521],[65.221,54.489],[65.185,54.44],[65.221,54.432],[65.221,54.387],[65.257,54.355],[65.221,54.342],[65.113,54.334],[65.041,54.395],[64.968,54.416],[64.824,54.367],[64.752,54.359],[64.752,54.399],[64.644,54.391],[64.536,54.355],[64.464,54.363],[64.464,54.33],[64.212,54.322],[64.14,54.306],[64.068,54.318],[64.032,54.277],[63.888,54.281],[63.78,54.265],[63.636,54.228],[63.492,54.2],[63.384,54.192],[63.348,54.257],[63.312,54.261],[63.24,54.322],[63.168,54.33],[63.096,54.371],[63.168,54.416],[63.132,54.464],[63.204,54.493],[63.276,54.529],[63.276,54.562],[63.204,54.651],[63.24,54.664],[63.204,54.717],[63.132,54.729],[63.06,54.729],[62.88,54.712],[62.772,54.668],[62.7,54.664],[62.52,54.676],[62.556,54.725],[62.484,54.753],[62.412,54.745],[62.376,54.717],[62.304,54.696],[62.196,54.68],[62.088,54.725],[62.052,54.765],[62.052,54.794],[62.088,54.814],[62.016,54.896],[61.944,54.989],[61.944,55.05],[62.052,55.062],[62.124,55.046],[62.124,55.022],[62.196,55.022],[62.196,55.07],[62.268,55.115],[62.16,55.217],[62.052,55.282],[62.088,55.327],[62.196,55.335],[62.232,55.363],[62.16,55.408],[62.16,55.453],[62.196,55.461],[62.376,55.441],[62.556,55.485],[62.592,55.522],[62.592,55.558],[62.484,55.571],[62.556,55.619],[62.556,55.693],[62.52,55.713],[62.556,55.774],[62.448,55.811],[62.304,55.892],[62.376,55.937],[62.232,55.945],[62.196,56.002],[62.196,56.051],[62.124,56.103],[62.124,56.128],[62.016,56.181],[62.052,56.189],[62.052,56.303],[62.16,56.348],[62.196,56.388],[62.304,56.486],[62.412,56.551],[62.52,56.6],[62.556,56.596],[62.592,56.547],[62.664,56.518],[62.736,56.583],[62.808,56.587],[62.88,56.628],[62.988,56.648],[63.132,56.592],[63.24,56.608],[63.312,56.6],[63.348,56.575],[63.384,56.624],[63.492,56.648],[63.6,56.616],[63.708,56.547],[63.78,56.522],[63.96,56.514],[64.068,56.522],[64.104,56.502],[64.176,56.51],[64.248,56.539],[64.212,56.579],[64.248,56.64],[64.356,56.681],[64.32,56.722],[64.32,56.775],[64.392,56.791],[64.428,56.787],[64.572,56.86],[64.716,56.856],[64.86,56.86],[64.896,56.827],[64.968,56.791]],[[37.786,52.052],[37.822,52.032],[37.822,51.979],[37.93,51.922],[38.002,51.914],[38.074,51.918],[38.146,51.935],[38.254,51.922],[38.326,51.959],[38.362,51.935],[38.47,51.922],[38.506,51.898],[38.506,51.857],[38.542,51.833],[38.506,51.792],[38.506,51.764],[38.542,51.739],[38.65,51.719],[38.614,51.682],[38.542,51.662],[38.47,51.695],[38.218,51.654],[38.218,51.634],[38.29,51.593],[38.362,51.516],[38.362,51.414],[38.398,51.381],[38.398,51.3],[38.362,51.28],[38.326,51.304],[38.182,51.333],[38.038,51.426],[37.93,51.422],[37.858,51.373],[37.786,51.361],[37.642,51.385],[37.534,51.373],[37.426,51.377],[37.354,51.341],[37.174,51.316],[37.138,51.296],[37.138,51.259],[37.102,51.235],[36.994,51.19],[36.814,51.19],[36.778,51.178],[36.67,51.097],[36.598,51.08],[36.526,51.084],[36.418,51.125],[36.382,51.117],[36.31,51.129],[36.274,51.158],[36.13,51.129],[36.058,51.178],[35.95,51.15],[35.95,51.125],[36.022,51.105],[35.986,51.056],[35.878,51.028],[35.878,50.991],[35.842,50.975],[35.77,50.999],[35.662,50.962],[35.518,50.942],[35.482,50.971],[35.482,51.003],[35.41,51.019],[35.41,51.06],[35.23,51.064],[35.194,51.052],[35.194,51.084],[35.158,51.084],[35.158,51.133],[35.122,51.145],[35.122,51.219],[35.014,51.219],[35.014,51.235],[34.833,51.194],[34.833,51.178],[34.689,51.182],[34.653,51.247],[34.401,51.251],[34.329,51.231],[34.293,51.251],[34.293,51.324],[34.329,51.329],[34.329,51.369],[34.221,51.398],[34.257,51.43],[34.257,51.467],[34.329,51.512],[34.257,51.552],[34.257,51.589],[34.185,51.593],[34.185,51.63],[34.077,51.658],[34.113,51.686],[34.293,51.703],[34.437,51.723],[34.437,51.764],[34.401,51.772],[34.401,51.849],[34.329,51.869],[34.401,51.922],[34.401,51.935],[34.293,51.963],[34.329,52.004],[34.329,52.044],[34.437,52.105],[34.509,52.105],[34.581,52.085],[34.653,52.097],[34.689,52.166],[34.617,52.199],[34.689,52.24],[34.761,52.215],[34.833,52.252],[34.833,52.284],[34.905,52.325],[34.941,52.378],[35.014,52.39],[35.158,52.394],[35.194,52.439],[35.266,52.427],[35.266,52.406],[35.338,52.402],[35.338,52.459],[35.41,52.459],[35.446,52.431],[35.446,52.48],[35.518,52.463],[35.518,52.435],[35.59,52.337],[35.59,52.301],[35.662,52.292],[35.734,52.321],[35.806,52.325],[35.914,52.321],[35.95,52.345],[36.058,52.366],[36.094,52.353],[36.274,52.394],[36.346,52.386],[36.49,52.248],[36.634,52.219],[36.634,52.191],[36.742,52.191],[36.814,52.142],[36.994,52.109],[37.138,52.109],[37.21,52.093],[37.21,52.057],[37.318,52.012],[37.39,51.955],[37.462,51.963],[37.462,52.0],[37.534,52.044],[37.678,51.987],[37.678,52.02],[37.714,52.057],[37.786,52.052]],[[27.201,59.862],[27.237,59.845],[27.165,59.837],[27.201,59.862]],[[28.389,60.659],[28.389,60.606],[28.317,60.622],[28.353,60.594],[28.245,60.577],[28.245,60.512],[28.209,60.533],[28.101,60.529],[27.993,60.504],[27.813,60.529],[27.885,60.59],[28.029,60.675],[28.173,60.756],[28.173,60.781],[28.245,60.785],[28.317,60.834],[28.317,60.858],[28.389,60.87],[28.425,60.911],[28.497,60.927],[28.533,60.956],[28.677,60.952],[28.713,60.988],[28.713,61.053],[28.821,61.09],[28.821,61.131],[28.965,61.151],[28.965,61.175],[29.073,61.196],[29.253,61.269],[29.325,61.33],[29.361,61.297],[29.433,61.273],[29.577,61.244],[29.577,61.2],[29.649,61.188],[29.793,61.188],[29.901,61.171],[29.937,61.143],[30.045,61.139],[30.225,61.098],[30.873,60.988],[31.449,60.878],[32.313,60.712],[32.637,60.651],[32.781,60.647],[32.961,60.76],[33.033,60.752],[33.177,60.797],[33.141,60.834],[33.177,60.866],[33.285,60.923],[33.465,60.984],[33.429,61.013],[33.573,61.005],[33.681,60.952],[33.753,60.944],[33.825,60.996],[33.897,61.078],[33.861,61.122],[33.789,61.131],[33.645,61.098],[33.465,61.175],[33.465,61.196],[33.537,61.216],[33.789,61.277],[34.113,61.257],[34.221,61.261],[34.365,61.212],[34.473,61.155],[34.473,61.196],[34.545,61.277],[34.653,61.301],[34.761,61.342],[34.869,61.318],[35.014,61.297],[35.05,61.277],[35.158,61.257],[35.23,61.285],[35.302,61.285],[35.338,61.314],[35.374,61.301],[35.338,61.265],[35.338,61.204],[35.482,61.167],[35.518,61.208],[35.59,61.236],[35.662,61.196],[35.698,61.196],[35.698,61.131],[35.662,61.061],[35.554,61.033],[35.518,60.972],[35.59,60.944],[35.554,60.887],[35.482,60.85],[35.374,60.878],[35.302,60.87],[35.194,60.797],[35.302,60.687],[35.302,60.647],[35.338,60.61],[35.338,60.516],[35.266,60.407],[35.266,60.354],[35.158,60.264],[35.158,60.15],[35.23,60.118],[35.23,60.077],[35.158,60.049],[35.266,60.041],[35.374,60.0],[35.518,59.988],[35.446,59.951],[35.41,59.882],[35.446,59.731],[35.662,59.715],[35.662,59.622],[35.554,59.67],[35.554,59.573],[35.518,59.524],[35.41,59.483],[35.518,59.439],[35.41,59.378],[35.374,59.304],[35.266,59.304],[35.23,59.272],[35.158,59.252],[35.086,59.264],[35.05,59.219],[34.941,59.272],[34.797,59.174],[34.797,59.134],[34.761,59.125],[34.797,59.089],[34.761,59.073],[34.689,59.077],[34.617,59.109],[34.473,59.13],[34.437,59.146],[34.293,59.162],[34.185,59.146],[34.149,59.101],[34.077,59.113],[33.969,59.158],[33.897,59.162],[33.861,59.203],[33.681,59.341],[33.645,59.349],[33.537,59.325],[33.429,59.341],[33.393,59.288],[33.285,59.288],[33.177,59.349],[33.141,59.353],[33.069,59.406],[32.997,59.345],[32.817,59.264],[32.781,59.199],[32.817,59.174],[32.817,59.138],[32.709,59.064],[32.601,59.073],[32.349,59.154],[32.349,59.219],[32.277,59.292],[32.133,59.329],[31.989,59.386],[31.917,59.365],[31.917,59.321],[31.881,59.276],[31.773,59.272],[31.701,59.329],[31.557,59.337],[31.557,59.219],[31.593,59.186],[31.521,59.174],[31.557,59.154],[31.449,59.085],[31.449,59.048],[31.413,59.02],[31.269,58.995],[31.161,59.036],[31.053,59.04],[30.981,58.959],[30.981,58.93],[30.909,58.881],[30.765,58.824],[30.765,58.751],[30.729,58.723],[30.657,58.711],[30.621,58.731],[30.513,58.727],[30.441,58.674],[30.369,58.674],[30.333,58.702],[30.189,58.739],[30.153,58.731],[30.117,58.682],[30.153,58.662],[30.117,58.617],[30.117,58.58],[30.189,58.499],[30.153,58.462],[30.045,58.414],[29.937,58.442],[29.829,58.406],[29.721,58.41],[29.613,58.442],[29.541,58.519],[29.325,58.54],[29.289,58.556],[29.289,58.617],[29.217,58.67],[29.037,58.751],[29.001,58.784],[28.893,58.776],[28.641,58.812],[28.425,58.845],[28.281,58.849],[28.173,58.955],[28.065,58.991],[27.921,58.999],[27.849,58.979],[27.777,58.934],[27.705,58.955],[27.741,58.995],[27.741,59.032],[27.777,59.036],[27.777,59.089],[27.813,59.101],[27.813,59.138],[27.885,59.162],[27.885,59.219],[27.921,59.26],[28.029,59.288],[28.173,59.3],[28.173,59.337],[28.209,59.341],[28.209,59.402],[28.101,59.443],[28.065,59.475],[28.065,59.532],[28.101,59.532],[28.101,59.609],[28.065,59.609],[28.065,59.65],[28.029,59.65],[28.029,59.752],[28.101,59.788],[28.173,59.784],[28.209,59.76],[28.209,59.683],[28.317,59.679],[28.353,59.658],[28.425,59.666],[28.425,59.772],[28.461,59.772],[28.461,59.829],[28.569,59.849],[28.569,59.825],[28.677,59.809],[28.713,59.772],[28.857,59.78],[28.857,59.805],[29.001,59.817],[29.001,59.841],[29.073,59.862],[29.073,59.89],[29.001,59.902],[29.073,59.931],[29.073,59.967],[29.109,59.988],[29.325,59.98],[29.469,59.959],[29.541,59.963],[29.613,59.935],[29.685,59.931],[29.685,59.862],[29.793,59.825],[29.865,59.829],[29.865,59.805],[30.009,59.727],[30.045,59.687],[30.153,59.658],[30.225,59.609],[30.369,59.597],[30.513,59.626],[30.513,59.654],[30.585,59.703],[30.693,59.695],[30.765,59.723],[30.765,59.776],[30.513,59.849],[30.513,59.996],[30.369,60.032],[30.333,60.073],[30.405,60.122],[30.117,60.154],[29.901,60.211],[29.829,60.236],[29.649,60.264],[29.577,60.264],[29.505,60.24],[29.397,60.159],[29.145,60.159],[29.001,60.187],[29.001,60.236],[28.965,60.264],[28.893,60.264],[28.821,60.309],[28.821,60.354],[28.785,60.358],[28.785,60.317],[28.605,60.366],[28.497,60.484],[28.461,60.545],[28.533,60.525],[28.569,60.476],[28.677,60.435],[28.713,60.435],[28.713,60.5],[28.677,60.5],[28.677,60.565],[28.605,60.598],[28.641,60.557],[28.569,60.577],[28.569,60.638],[28.605,60.606],[28.713,60.59],[28.677,60.61],[28.677,60.655],[28.749,60.663],[28.749,60.744],[28.677,60.736],[28.677,60.712],[28.605,60.667],[28.533,60.667],[28.425,60.651],[28.389,60.659]],[[27.849,59.996],[27.813,59.984],[27.813,60.02],[27.849,59.996]],[[26.949,60.11],[27.021,60.069],[27.021,60.02],[26.985,60.02],[26.949,60.061],[26.949,60.11]],[[28.749,60.281],[28.713,60.26],[28.605,60.264],[28.533,60.309],[28.569,60.342],[28.641,60.329],[28.641,60.309],[28.749,60.281]],[[28.533,60.301],[28.425,60.354],[28.461,60.366],[28.533,60.346],[28.533,60.309],[28.533,60.301]],[[28.497,60.423],[28.533,60.354],[28.497,60.358],[28.497,60.423]],[[27.849,60.476],[27.777,60.488],[27.813,60.504],[27.849,60.476]],[[28.605,60.484],[28.569,60.525],[28.677,60.476],[28.605,60.484]],[[40.198,53.317],[40.162,53.281],[40.162,53.216],[40.126,53.199],[40.126,53.171],[40.162,53.151],[40.162,53.11],[40.126,53.065],[40.162,53.049],[40.162,52.988],[40.198,52.976],[40.198,52.927],[40.126,52.915],[40.126,52.862],[40.198,52.797],[40.162,52.772],[40.054,52.781],[40.018,52.76],[40.018,52.695],[40.054,52.679],[40.054,52.585],[40.126,52.532],[40.234,52.484],[40.414,52.443],[40.378,52.41],[40.378,52.374],[40.45,52.337],[40.594,52.325],[40.702,52.268],[40.774,52.248],[40.81,52.219],[40.81,52.162],[40.738,52.15],[40.702,52.13],[40.702,52.097],[40.666,52.065],[40.666,52.008],[40.594,51.93],[40.45,51.943],[40.126,51.951],[40.054,51.935],[40.018,51.955],[39.946,51.926],[39.91,51.898],[39.838,51.914],[39.802,51.906],[39.658,51.926],[39.586,51.951],[39.586,52.048],[39.442,52.081],[39.262,52.089],[39.19,52.081],[39.154,52.04],[39.154,51.975],[39.046,51.987],[39.01,52.032],[38.938,52.085],[38.866,52.101],[38.83,52.077],[38.722,52.101],[38.722,52.04],[38.686,52.016],[38.542,52.04],[38.398,51.979],[38.326,51.959],[38.254,51.922],[38.146,51.935],[38.074,51.918],[38.002,51.914],[37.93,51.922],[37.822,51.979],[37.822,52.032],[37.786,52.052],[37.786,52.13],[37.75,52.15],[37.858,52.211],[37.894,52.203],[37.894,52.244],[37.966,52.26],[38.002,52.248],[38.074,52.264],[38.074,52.345],[38.002,52.382],[38.038,52.41],[37.966,52.41],[37.93,52.447],[38.002,52.471],[37.93,52.504],[37.858,52.5],[37.894,52.541],[37.786,52.61],[37.714,52.602],[37.714,52.642],[37.786,52.646],[37.786,52.703],[37.822,52.711],[37.894,52.772],[37.858,52.797],[37.858,52.907],[37.822,52.939],[37.858,52.964],[37.822,52.984],[37.858,53.016],[37.93,53.021],[37.894,53.061],[38.002,53.061],[38.002,53.041],[38.11,53.057],[38.182,53.041],[38.218,53.057],[38.29,53.053],[38.326,53.0],[38.326,52.947],[38.398,52.972],[38.398,53.0],[38.47,52.992],[38.506,53.025],[38.506,53.065],[38.542,53.069],[38.578,53.016],[38.65,53.021],[38.614,53.057],[38.722,53.11],[38.65,53.159],[38.578,53.183],[38.65,53.191],[38.65,53.252],[38.578,53.26],[38.542,53.321],[38.614,53.334],[38.722,53.33],[38.83,53.37],[38.758,53.456],[38.794,53.464],[38.722,53.492],[38.758,53.525],[38.866,53.549],[38.902,53.525],[38.902,53.561],[38.974,53.545],[39.046,53.566],[39.082,53.537],[39.082,53.5],[39.154,53.464],[39.154,53.427],[39.19,53.382],[39.262,53.403],[39.334,53.415],[39.406,53.391],[39.55,53.415],[39.586,53.509],[39.766,53.574],[39.802,53.537],[39.838,53.561],[39.946,53.521],[39.946,53.448],[39.91,53.443],[40.054,53.366],[40.126,53.374],[40.126,53.35],[40.198,53.317]],[[150.801,59.089],[150.693,59.064],[150.693,59.04],[150.585,58.995],[150.477,58.999],[150.513,59.06],[150.621,59.085],[150.657,59.081],[150.693,59.142],[150.765,59.125],[150.801,59.089]],[[149.001,59.134],[149.037,59.154],[149.037,59.199],[149.109,59.207],[149.145,59.195],[149.109,59.158],[149.001,59.134]],[[155.518,59.329],[155.59,59.337],[155.59,59.317],[155.518,59.313],[155.518,59.329]],[[154.401,59.841],[154.401,59.866],[154.46306896551727,59.87289655172414],[154.401,59.841]],[[154.473,59.874],[154.46306896551727,59.87289655172414],[154.4696117647059,59.87625882352941],[154.473,59.874]],[[154.54123880597012,60.04167164179104],[154.509,59.996],[154.5005294117647,59.996],[154.509,60.016],[154.54123880597012,60.04167164179104]],[[154.221,59.719],[154.257,59.719],[154.257,59.67],[154.221,59.666],[154.221,59.626],[154.185,59.622],[154.185,59.569],[154.149,59.54],[154.077,59.536],[154.077,59.492],[154.113,59.492],[154.113,59.459],[154.149,59.447],[154.293,59.439],[154.365,59.467],[154.365,59.536],[154.401,59.536],[154.401,59.418],[154.545,59.414],[154.545,59.439],[154.473,59.447],[154.437,59.475],[154.437,59.536],[154.581,59.512],[154.653,59.54],[154.689,59.504],[154.761,59.467],[154.905,59.463],[154.905,59.483],[154.977,59.492],[155.014,59.475],[155.014,59.43],[155.086,59.39],[155.194,59.374],[155.194,59.317],[155.158,59.304],[155.158,59.264],[155.194,59.26],[155.194,59.219],[155.158,59.215],[155.158,59.174],[155.05,59.191],[154.797,59.195],[154.797,59.138],[154.689,59.142],[154.581,59.182],[154.581,59.203],[154.509,59.215],[154.329,59.195],[154.329,59.134],[154.365,59.113],[154.293,59.081],[154.185,59.093],[154.077,59.052],[153.933,59.064],[153.897,59.085],[153.897,59.134],[153.861,59.166],[153.717,59.186],[153.753,59.235],[153.681,59.219],[153.681,59.195],[153.609,59.191],[153.537,59.231],[153.357,59.239],[153.357,59.15],[153.285,59.158],[153.285,59.134],[153.357,59.138],[153.357,59.085],[153.069,59.077],[152.997,59.064],[152.997,59.028],[152.961,59.024],[152.961,58.987],[152.925,58.987],[152.925,58.942],[152.889,58.922],[152.781,58.926],[152.709,58.906],[152.673,58.938],[152.529,58.951],[152.529,58.991],[152.421,59.012],[152.421,59.04],[152.349,59.052],[152.385,59.012],[152.277,59.003],[152.133,58.979],[152.133,58.902],[151.989,58.877],[151.773,58.869],[151.737,58.845],[151.665,58.841],[151.593,58.861],[151.449,58.865],[151.377,58.837],[151.305,58.885],[151.305,58.926],[151.233,58.946],[151.233,59.012],[151.161,59.028],[151.161,59.081],[151.377,59.117],[151.377,59.146],[151.485,59.166],[151.485,59.154],[151.701,59.15],[151.737,59.13],[151.881,59.134],[152.133,59.15],[152.133,59.174],[152.205,59.195],[152.313,59.195],[152.313,59.235],[152.205,59.264],[152.205,59.284],[151.989,59.264],[151.953,59.288],[151.881,59.3],[151.737,59.3],[151.737,59.333],[151.773,59.333],[151.701,59.386],[151.701,59.439],[151.665,59.439],[151.593,59.504],[151.485,59.516],[151.485,59.561],[151.449,59.561],[151.413,59.601],[151.341,59.593],[151.341,59.569],[151.233,59.565],[151.161,59.581],[151.053,59.581],[150.981,59.561],[150.909,59.561],[150.909,59.483],[150.945,59.483],[150.945,59.447],[150.729,59.435],[150.765,59.483],[150.549,59.487],[150.585,59.516],[150.657,59.528],[150.765,59.528],[150.765,59.565],[150.621,59.54],[150.549,59.548],[150.477,59.585],[150.477,59.614],[150.369,59.614],[150.369,59.638],[150.189,59.65],[149.973,59.699],[149.901,59.723],[149.829,59.727],[149.685,59.752],[149.505,59.752],[149.325,59.719],[149.253,59.679],[149.145,59.658],[149.145,59.642],[149.037,59.609],[149.109,59.605],[149.109,59.536],[149.217,59.524],[149.217,59.459],[149.181,59.479],[149.037,59.475],[148.965,59.451],[148.893,59.463],[148.893,59.524],[148.857,59.548],[148.821,59.512],[148.749,59.492],[148.713,59.463],[148.713,59.365],[148.821,59.341],[148.821,59.369],[148.893,59.386],[148.893,59.345],[148.929,59.378],[149.001,59.378],[148.965,59.333],[148.929,59.333],[148.929,59.292],[148.965,59.292],[148.965,59.247],[148.893,59.239],[148.893,59.268],[148.785,59.276],[148.785,59.235],[148.713,59.239],[148.713,59.264],[148.605,59.256],[148.605,59.243],[148.425,59.252],[148.425,59.357],[148.353,59.398],[148.245,59.41],[148.065,59.402],[147.957,59.39],[147.777,59.353],[147.777,59.329],[147.849,59.313],[147.849,59.288],[147.777,59.26],[147.705,59.276],[147.705,59.3],[147.597,59.304],[147.525,59.26],[147.561,59.235],[147.489,59.239],[147.417,59.264],[147.381,59.304],[147.309,59.313],[147.309,59.333],[147.201,59.321],[147.129,59.329],[147.129,59.345],[147.057,59.365],[146.949,59.369],[147.021,59.398],[147.201,59.414],[147.201,59.544],[147.273,59.646],[147.237,59.691],[147.273,59.76],[147.201,59.792],[147.237,59.821],[147.237,59.866],[147.129,59.886],[147.093,59.955],[147.021,59.951],[146.913,59.886],[146.733,59.992],[146.805,60.041],[146.769,60.098],[146.661,60.102],[146.589,60.118],[146.553,60.171],[146.481,60.228],[146.337,60.244],[146.229,60.203],[146.157,60.203],[146.085,60.224],[145.941,60.183],[145.725,60.289],[145.617,60.354],[145.689,60.37],[145.617,60.443],[145.617,60.484],[145.725,60.496],[145.725,60.553],[145.797,60.569],[145.869,60.614],[145.941,60.61],[146.013,60.691],[146.085,60.691],[146.157,60.736],[146.229,60.744],[146.337,60.683],[146.445,60.663],[146.517,60.663],[146.589,60.708],[146.517,60.752],[146.553,60.809],[146.553,60.874],[146.517,60.899],[146.589,60.927],[146.733,60.935],[146.769,60.964],[146.805,61.033],[146.769,61.057],[146.841,61.09],[146.841,61.175],[146.805,61.249],[146.733,61.326],[146.769,61.395],[146.733,61.444],[146.661,61.46],[146.661,61.513],[146.697,61.578],[146.661,61.611],[146.553,61.643],[146.517,61.672],[146.553,61.72],[146.229,61.907],[146.121,61.932],[146.049,61.973],[145.977,61.993],[145.833,62.001],[145.761,62.066],[145.725,62.046],[145.725,61.989],[145.689,61.956],[145.617,61.952],[145.581,61.92],[145.509,61.92],[145.545,61.973],[145.473,61.964],[145.437,61.993],[145.365,61.997],[145.293,61.948],[145.113,61.997],[145.113,62.021],[145.041,62.054],[144.788,62.042],[144.788,62.103],[144.86,62.115],[144.932,62.156],[144.968,62.143],[145.041,62.176],[145.077,62.221],[145.149,62.225],[145.185,62.278],[145.185,62.387],[145.257,62.432],[145.185,62.481],[145.293,62.53],[145.329,62.513],[145.437,62.526],[145.473,62.55],[145.401,62.591],[145.473,62.644],[145.437,62.652],[145.473,62.713],[145.401,62.725],[145.365,62.766],[145.473,62.823],[145.473,62.884],[145.437,62.949],[145.257,63.022],[145.329,63.058],[145.329,63.103],[145.221,63.16],[145.257,63.213],[145.401,63.294],[145.401,63.335],[145.473,63.425],[145.437,63.473],[145.509,63.526],[145.617,63.567],[145.617,63.624],[145.689,63.673],[145.653,63.705],[145.617,63.795],[145.653,63.835],[145.869,63.86],[146.121,63.925],[146.265,63.994],[146.301,64.087],[146.409,64.173],[146.589,64.136],[146.877,64.157],[146.985,64.136],[147.129,64.096],[147.237,64.047],[147.345,64.039],[147.381,64.104],[147.453,64.092],[147.633,64.136],[147.705,64.116],[147.633,64.031],[147.813,63.97],[147.777,63.933],[147.885,63.937],[147.957,63.921],[148.029,63.937],[148.029,63.994],[148.065,64.047],[148.173,64.124],[148.317,64.205],[148.173,64.258],[148.101,64.323],[148.065,64.401],[148.173,64.425],[148.353,64.527],[148.497,64.502],[148.497,64.449],[148.641,64.413],[148.749,64.449],[148.893,64.401],[148.929,64.449],[149.073,64.433],[149.181,64.38],[149.325,64.376],[149.289,64.417],[149.397,64.393],[149.469,64.409],[149.613,64.474],[149.757,64.51],[149.793,64.551],[149.937,64.539],[149.937,64.506],[150.117,64.466],[150.009,64.393],[150.045,64.356],[150.009,64.299],[150.189,64.242],[150.225,64.189],[150.369,64.201],[150.513,64.157],[150.621,64.153],[150.621,64.291],[150.657,64.336],[150.729,64.336],[150.873,64.307],[151.053,64.315],[151.161,64.356],[151.197,64.332],[151.305,64.368],[151.413,64.307],[151.485,64.315],[151.521,64.348],[151.521,64.393],[151.593,64.417],[151.701,64.421],[151.773,64.449],[151.917,64.466],[152.025,64.458],[152.097,64.425],[152.025,64.368],[152.097,64.352],[152.349,64.376],[152.385,64.458],[152.277,64.502],[152.313,64.527],[152.457,64.535],[152.565,64.616],[152.745,64.665],[152.781,64.742],[152.637,64.779],[152.493,64.999],[152.637,65.027],[152.637,65.137],[152.709,65.182],[152.745,65.23],[152.853,65.23],[152.997,65.275],[153.141,65.247],[153.249,65.263],[153.285,65.328],[153.429,65.328],[153.501,65.373],[153.537,65.426],[153.393,65.466],[153.429,65.523],[153.537,65.56],[153.573,65.596],[153.537,65.633],[153.609,65.698],[153.537,65.727],[153.537,65.816],[153.717,65.836],[153.789,65.865],[153.969,65.861],[154.077,65.869],[154.149,65.849],[154.113,65.792],[154.257,65.796],[154.365,65.84],[154.437,65.901],[154.401,65.95],[154.437,65.979],[154.401,66.007],[154.329,66.024],[154.293,66.072],[154.473,66.117],[154.473,66.162],[154.617,66.202],[154.725,66.194],[154.761,66.162],[154.869,66.162],[154.905,66.109],[155.05,66.121],[155.122,66.17],[155.23,66.186],[155.302,66.133],[155.446,66.133],[155.518,66.146],[155.734,66.125],[155.914,66.17],[155.95,66.101],[156.058,66.085],[156.094,66.052],[156.202,66.068],[156.31,66.064],[156.418,66.036],[156.526,66.068],[156.562,66.125],[156.67,66.186],[156.742,66.178],[156.778,66.101],[157.03,66.036],[157.03,65.995],[156.958,65.967],[157.138,65.901],[157.426,65.893],[157.498,65.918],[157.462,65.963],[157.606,66.007],[157.678,66.044],[157.714,66.089],[157.93,66.101],[158.146,66.137],[158.29,66.125],[158.362,66.072],[158.434,66.085],[158.542,66.072],[158.614,66.101],[158.47,66.223],[158.47,66.259],[158.578,66.312],[158.722,66.312],[158.758,66.263],[158.974,66.211],[159.262,66.202],[159.226,66.162],[159.046,66.064],[158.974,65.991],[158.974,65.747],[159.118,65.674],[159.406,65.621],[159.622,65.601],[159.766,65.58],[159.838,65.523],[160.126,65.499],[160.198,65.462],[160.234,65.381],[160.45,65.247],[160.63,65.173],[160.81,65.153],[161.098,65.153],[161.314,65.121],[161.53,65.056],[161.674,65.043],[161.89,64.844],[162.106,64.791],[162.466,64.755],[162.574,64.755],[162.646,64.734],[162.79,64.661],[163.222,64.665],[163.222,64.604],[163.258,64.539],[163.33,64.482],[163.402,64.458],[163.402,64.413],[163.51,64.372],[163.51,64.34],[163.402,64.307],[163.222,64.23],[163.294,64.201],[163.222,64.165],[162.97,64.153],[162.862,64.12],[162.826,64.071],[162.97,63.986],[162.97,63.86],[162.826,63.787],[162.79,63.726],[162.898,63.689],[162.898,63.648],[163.006,63.624],[163.078,63.579],[163.078,63.498],[162.898,63.392],[162.754,63.368],[162.79,63.282],[162.754,63.233],[162.826,63.193],[162.826,63.172],[162.718,63.148],[162.61,63.083],[162.502,63.071],[162.43,63.087],[162.358,63.054],[162.286,62.916],[162.286,62.859],[162.43,62.843],[162.61,62.782],[162.682,62.741],[162.61,62.688],[162.646,62.668],[162.754,62.668],[162.826,62.644],[162.79,62.599],[162.682,62.546],[162.79,62.44],[162.754,62.379],[162.754,62.33],[162.79,62.29],[162.754,62.261],[162.646,62.221],[162.43,62.172],[162.214,62.139],[162.214,62.107],[162.286,62.07],[162.502,62.05],[162.538,61.981],[162.43,61.903],[162.358,61.912],[162.286,61.879],[162.358,61.781],[162.466,61.749],[162.466,61.696],[162.43,61.667],[162.394,61.659],[162.394,61.611],[162.286,61.606],[162.322,61.578],[162.286,61.554],[162.214,61.545],[162.25,61.513],[162.142,61.489],[162.106,61.432],[162.034,61.432],[162.034,61.379],[161.926,61.375],[161.926,61.428],[161.89,61.432],[161.89,61.371],[161.926,61.334],[161.782,61.33],[161.818,61.31],[161.674,61.281],[161.674,61.257],[161.602,61.249],[161.602,61.188],[161.494,61.196],[161.494,61.179],[161.422,61.147],[161.458,61.118],[161.314,61.061],[161.206,61.049],[161.242,61.029],[161.17,61.005],[161.17,60.964],[161.134,60.968],[161.026,60.935],[160.99,60.895],[160.918,60.895],[160.918,60.858],[160.846,60.797],[160.846,60.752],[160.81,60.716],[160.666,60.74],[160.666,60.716],[160.558,60.74],[160.486,60.691],[160.378,60.716],[160.378,60.659],[160.306,60.647],[160.306,60.606],[160.162,60.573],[160.162,60.663],[160.234,60.663],[160.198,60.699],[160.27,60.736],[160.27,60.777],[160.198,60.817],[160.27,60.826],[160.27,60.903],[160.378,60.903],[160.378,60.968],[160.45,60.984],[160.414,61.0],[160.45,61.037],[160.306,61.021],[160.198,61.037],[160.09,61.013],[160.09,60.992],[160.018,60.98],[159.91,60.931],[159.838,60.935],[159.838,60.976],[159.946,61.021],[160.018,61.098],[159.946,61.188],[159.946,61.249],[159.874,61.257],[159.802,61.24],[159.838,61.289],[159.946,61.293],[159.946,61.33],[159.982,61.33],[159.982,61.375],[160.09,61.371],[160.126,61.44],[160.054,61.444],[160.126,61.493],[160.234,61.509],[160.27,61.529],[160.27,61.611],[160.342,61.639],[160.342,61.68],[160.27,61.688],[160.414,61.741],[160.414,61.871],[160.342,61.936],[160.234,61.912],[160.234,61.887],[160.054,61.851],[160.018,61.789],[159.91,61.708],[159.802,61.72],[159.802,61.696],[159.55,61.663],[159.514,61.688],[159.55,61.716],[159.55,61.802],[159.442,61.781],[159.37,61.814],[159.406,61.83],[159.406,61.871],[159.262,61.907],[159.154,61.92],[159.046,61.916],[158.974,61.891],[158.902,61.891],[158.866,61.867],[158.866,61.814],[158.758,61.814],[158.722,61.834],[158.578,61.83],[158.506,61.785],[158.362,61.822],[158.254,61.818],[158.182,61.765],[158.038,61.728],[157.966,61.749],[157.786,61.781],[157.678,61.777],[157.57,61.789],[157.462,61.773],[157.354,61.704],[157.39,61.688],[157.246,61.688],[157.21,61.667],[157.03,61.643],[157.03,61.594],[156.922,61.533],[156.85,61.517],[156.706,61.521],[156.67,61.505],[156.67,61.419],[156.634,61.415],[156.634,61.371],[156.67,61.314],[156.634,61.261],[156.67,61.253],[156.67,61.196],[156.598,61.188],[156.598,61.208],[156.526,61.2],[156.49,61.179],[156.382,61.151],[156.274,61.07],[156.13,61.025],[156.058,60.976],[156.058,60.952],[155.95,60.948],[155.95,60.874],[155.914,60.87],[155.914,60.708],[155.878,60.728],[155.806,60.728],[155.806,60.704],[155.734,60.651],[155.626,60.643],[155.554,60.61],[155.554,60.586],[155.482,60.577],[155.482,60.529],[155.446,60.512],[155.338,60.521],[155.302,60.492],[155.23,60.48],[155.158,60.407],[155.086,60.398],[154.977,60.37],[154.905,60.329],[154.797,60.285],[154.797,60.248],[154.761,60.24],[154.617,60.102],[154.54123880597012,60.04167164179104],[154.581,60.098],[154.509,60.098],[154.401,60.069],[154.401,60.037],[154.473,59.996],[154.5005294117647,59.996],[154.473,59.931],[154.473,59.878],[154.4696117647059,59.87625882352941],[154.437,59.898],[154.221,59.874],[154.221,59.719]],[[50.063,56.665],[50.063,56.636],[50.207,56.608],[50.207,56.559],[50.099,56.531],[50.099,56.51],[50.027,56.461],[49.991,56.461],[49.955,56.502],[49.847,56.453],[49.811,56.47],[49.847,56.518],[49.811,56.551],[49.667,56.539],[49.595,56.494],[49.595,56.465],[49.523,56.457],[49.487,56.465],[49.415,56.449],[49.379,56.388],[49.307,56.388],[49.127,56.417],[48.947,56.356],[48.911,56.299],[48.947,56.254],[49.091,56.254],[48.983,56.16],[48.911,56.173],[48.803,56.079],[48.767,56.067],[48.695,56.099],[48.659,56.075],[48.659,56.034],[48.623,55.99],[48.407,55.9],[48.443,55.835],[48.299,55.864],[48.119,55.92],[48.047,55.957],[47.975,56.002],[47.939,56.059],[47.939,56.103],[47.867,56.136],[47.615,56.152],[47.543,56.189],[47.471,56.197],[47.471,56.242],[47.399,56.282],[47.399,56.331],[47.363,56.348],[47.255,56.331],[47.183,56.335],[47.075,56.278],[46.967,56.254],[46.823,56.197],[46.715,56.132],[46.643,56.124],[46.571,56.164],[46.391,56.112],[46.283,56.059],[46.175,56.047],[46.139,56.018],[46.103,56.063],[46.103,56.177],[46.031,56.201],[45.923,56.23],[45.887,56.25],[45.887,56.295],[45.959,56.327],[45.959,56.4],[45.779,56.465],[45.671,56.453],[45.635,56.47],[45.635,56.522],[45.671,56.547],[45.671,56.587],[45.779,56.644],[45.851,56.632],[45.923,56.64],[45.923,56.726],[45.887,56.758],[45.887,56.811],[45.923,56.856],[45.995,56.884],[46.283,56.909],[46.283,56.925],[46.355,56.974],[46.499,56.962],[46.571,56.933],[46.643,56.945],[46.679,56.99],[46.751,56.99],[46.751,56.958],[46.895,56.933],[47.039,56.949],[47.111,56.933],[47.183,56.897],[47.147,56.848],[47.219,56.848],[47.291,56.884],[47.435,56.893],[47.507,56.864],[47.543,56.88],[47.543,56.941],[47.615,56.97],[47.723,57.063],[47.759,57.076],[47.831,57.059],[47.831,57.035],[47.939,57.01],[48.083,57.027],[48.191,57.063],[48.155,57.096],[48.263,57.112],[48.299,57.173],[48.371,57.173],[48.407,57.141],[48.479,57.132],[48.551,57.189],[48.623,57.189],[48.659,57.165],[48.731,57.194],[48.839,57.189],[48.875,57.173],[48.839,57.153],[48.839,57.1],[48.947,57.096],[48.983,57.108],[48.983,57.173],[49.091,57.21],[49.019,57.259],[49.019,57.295],[49.127,57.336],[49.199,57.336],[49.235,57.32],[49.235,57.271],[49.199,57.25],[49.199,57.165],[49.235,57.141],[49.235,57.096],[49.307,57.043],[49.379,57.043],[49.487,57.08],[49.559,57.08],[49.631,57.104],[49.667,57.071],[49.775,57.055],[49.739,57.027],[49.811,56.986],[49.775,56.921],[49.739,56.913],[49.955,56.88],[50.027,56.897],[50.099,56.86],[50.135,56.795],[50.099,56.758],[50.099,56.71],[50.063,56.665]],[[46.103,55.054],[46.139,55.03],[46.139,54.989],[46.211,55.001],[46.211,55.058],[46.247,55.079],[46.319,55.062],[46.355,55.018],[46.283,54.989],[46.283,54.94],[46.355,54.928],[46.427,54.891],[46.427,54.818],[46.463,54.778],[46.499,54.765],[46.463,54.733],[46.499,54.721],[46.499,54.68],[46.571,54.623],[46.463,54.578],[46.463,54.566],[46.571,54.554],[46.571,54.517],[46.499,54.505],[46.499,54.477],[46.643,54.505],[46.643,54.468],[46.571,54.444],[46.571,54.416],[46.715,54.383],[46.715,54.33],[46.607,54.306],[46.463,54.241],[46.355,54.196],[46.283,54.184],[46.067,54.159],[45.995,54.135],[45.995,54.115],[45.851,53.976],[45.779,53.923],[45.671,53.915],[45.563,53.923],[45.419,53.903],[45.347,53.875],[45.275,53.895],[45.275,53.964],[45.203,53.964],[45.095,53.936],[45.059,53.956],[44.986,53.948],[44.95,53.964],[44.878,53.956],[44.77,53.903],[44.662,53.887],[44.626,53.83],[44.77,53.732],[44.77,53.7],[44.59,53.659],[44.554,53.7],[44.446,53.683],[44.338,53.679],[44.194,53.692],[44.05,53.724],[44.05,53.736],[43.978,53.781],[43.978,53.875],[43.762,53.936],[43.654,53.948],[43.654,53.984],[43.582,53.989],[43.474,53.96],[43.438,53.98],[43.258,53.993],[43.186,53.932],[43.186,53.907],[43.258,53.858],[43.222,53.81],[43.15,53.818],[43.114,53.797],[43.078,53.826],[43.042,53.801],[42.862,53.789],[42.754,53.81],[42.61,53.761],[42.574,53.781],[42.61,53.81],[42.574,53.822],[42.502,53.785],[42.502,53.749],[42.538,53.712],[42.358,53.781],[42.358,53.801],[42.394,53.862],[42.466,53.923],[42.538,53.932],[42.502,53.964],[42.358,53.997],[42.394,54.017],[42.286,54.062],[42.322,54.115],[42.358,54.098],[42.358,54.062],[42.394,54.054],[42.466,54.086],[42.502,54.054],[42.574,54.066],[42.538,54.106],[42.61,54.127],[42.718,54.115],[42.718,54.163],[42.61,54.192],[42.538,54.18],[42.466,54.228],[42.394,54.196],[42.394,54.172],[42.286,54.139],[42.25,54.147],[42.214,54.233],[42.286,54.204],[42.358,54.228],[42.394,54.257],[42.466,54.257],[42.538,54.33],[42.574,54.346],[42.646,54.334],[42.646,54.383],[42.538,54.412],[42.574,54.485],[42.646,54.46],[42.682,54.489],[42.646,54.521],[42.718,54.566],[42.646,54.582],[42.682,54.643],[42.646,54.66],[42.61,54.643],[42.538,54.68],[42.502,54.66],[42.394,54.721],[42.394,54.757],[42.358,54.782],[42.394,54.81],[42.466,54.806],[42.466,54.834],[42.574,54.786],[42.646,54.773],[42.754,54.806],[42.826,54.782],[42.826,54.749],[42.898,54.749],[43.042,54.798],[43.114,54.765],[43.15,54.786],[43.15,54.83],[43.186,54.867],[43.33,54.896],[43.33,54.928],[43.402,54.936],[43.51,54.908],[43.618,54.924],[43.618,54.83],[43.798,54.794],[43.978,54.79],[43.978,54.733],[44.014,54.721],[44.122,54.729],[44.158,54.696],[44.122,54.656],[44.266,54.59],[44.374,54.586],[44.482,54.521],[44.59,54.521],[44.626,54.554],[44.698,54.529],[44.698,54.517],[44.626,54.481],[44.626,54.456],[44.734,54.493],[44.842,54.505],[44.95,54.464],[45.095,54.489],[45.167,54.468],[45.167,54.521],[45.023,54.59],[45.131,54.656],[45.095,54.692],[45.095,54.753],[45.167,54.79],[45.239,54.749],[45.239,54.798],[45.275,54.826],[45.275,54.863],[45.455,54.891],[45.455,54.989],[45.419,55.018],[45.491,55.095],[45.599,55.115],[45.635,55.164],[45.743,55.176],[45.779,55.164],[45.779,55.054],[45.743,55.03],[45.743,54.989],[45.779,54.977],[45.887,54.993],[45.959,54.989],[46.031,55.013],[46.103,55.054]],[[38.326,56.758],[38.434,56.685],[38.362,56.669],[38.398,56.636],[38.362,56.62],[38.362,56.583],[38.326,56.535],[38.326,56.494],[38.434,56.4],[38.434,56.193],[38.506,56.213],[38.506,56.108],[38.542,56.055],[38.614,56.014],[38.614,55.977],[38.794,55.925],[38.83,55.904],[38.938,55.92],[39.046,55.904],[39.118,55.827],[39.154,55.811],[39.262,55.827],[39.334,55.811],[39.298,55.79],[39.37,55.75],[39.442,55.766],[39.442,55.737],[39.514,55.721],[39.586,55.786],[39.658,55.774],[39.73,55.79],[39.73,55.811],[39.838,55.811],[39.91,55.823],[39.946,55.782],[39.946,55.701],[40.018,55.66],[40.126,55.64],[40.09,55.619],[40.126,55.587],[40.054,55.567],[40.054,55.53],[40.018,55.506],[40.126,55.485],[40.198,55.502],[40.162,55.461],[40.198,55.42],[40.126,55.388],[40.198,55.363],[40.234,55.314],[40.162,55.249],[40.018,55.192],[39.838,55.172],[39.802,55.188],[39.802,55.152],[39.73,55.111],[39.838,55.095],[39.874,55.058],[39.802,55.038],[39.802,55.001],[39.694,54.993],[39.694,55.013],[39.622,55.018],[39.55,54.94],[39.478,54.94],[39.478,54.879],[39.406,54.843],[39.406,54.798],[39.334,54.745],[39.37,54.712],[39.334,54.692],[39.262,54.68],[39.262,54.639],[39.19,54.635],[39.046,54.611],[39.01,54.582],[38.938,54.611],[38.794,54.578],[38.794,54.517],[38.866,54.501],[38.83,54.452],[38.866,54.416],[38.974,54.403],[39.01,54.371],[38.938,54.363],[38.938,54.322],[38.902,54.359],[38.83,54.359],[38.83,54.314],[38.758,54.33],[38.722,54.253],[38.65,54.261],[38.614,54.253],[38.506,54.273],[38.47,54.314],[38.542,54.346],[38.506,54.379],[38.434,54.395],[38.47,54.42],[38.434,54.44],[38.398,54.517],[38.47,54.525],[38.506,54.603],[38.47,54.643],[38.398,54.623],[38.326,54.643],[38.254,54.615],[38.11,54.7],[38.074,54.68],[38.038,54.717],[38.074,54.745],[37.966,54.778],[37.966,54.818],[37.822,54.834],[37.75,54.712],[37.678,54.692],[37.642,54.717],[37.57,54.7],[37.534,54.721],[37.57,54.765],[37.498,54.773],[37.498,54.806],[37.318,54.818],[37.246,54.782],[37.246,54.826],[37.174,54.859],[37.174,54.924],[37.102,54.981],[37.102,55.046],[37.138,55.03],[37.174,55.062],[37.066,55.099],[36.994,55.184],[36.922,55.209],[36.886,55.172],[36.814,55.176],[36.778,55.225],[36.634,55.225],[36.634,55.298],[36.562,55.286],[36.418,55.286],[36.31,55.188],[36.166,55.16],[36.13,55.192],[36.058,55.176],[35.986,55.213],[35.842,55.209],[35.806,55.257],[35.77,55.27],[35.734,55.249],[35.662,55.253],[35.59,55.201],[35.554,55.217],[35.518,55.188],[35.446,55.192],[35.41,55.229],[35.374,55.229],[35.338,55.262],[35.338,55.53],[35.41,55.546],[35.446,55.619],[35.41,55.636],[35.374,55.685],[35.374,55.778],[35.302,55.819],[35.194,55.92],[35.194,55.969],[35.338,56.034],[35.41,56.01],[35.338,56.116],[35.41,56.124],[35.374,56.181],[35.446,56.221],[35.518,56.197],[35.554,56.221],[35.554,56.327],[35.518,56.36],[35.518,56.4],[35.554,56.441],[35.59,56.396],[35.626,56.445],[35.698,56.457],[35.77,56.433],[35.734,56.376],[35.77,56.36],[35.842,56.38],[35.914,56.356],[36.022,56.352],[36.13,56.311],[36.13,56.335],[36.202,56.372],[36.274,56.38],[36.418,56.441],[36.526,56.445],[36.634,56.486],[36.922,56.551],[36.994,56.539],[37.066,56.506],[37.138,56.514],[37.138,56.628],[37.174,56.657],[37.138,56.697],[37.138,56.746],[37.21,56.775],[37.39,56.73],[37.39,56.758],[37.462,56.779],[37.498,56.762],[37.606,56.827],[37.57,56.88],[37.642,56.88],[37.642,56.917],[37.786,56.937],[37.786,56.893],[37.894,56.876],[37.93,56.844],[38.002,56.827],[38.074,56.771],[38.074,56.742],[38.326,56.758]],[[40.45,67.817],[40.522,67.817],[40.558,67.789],[40.45,67.817]],[[33.105,66.646],[33.069,66.581],[32.997,66.581],[32.853,66.613],[32.853,66.589],[32.565,66.601],[32.529,66.589],[32.529,66.528],[32.493,66.491],[32.277,66.483],[32.457,66.422],[32.277,66.447],[32.313,66.394],[32.277,66.373],[32.097,66.385],[31.845,66.381],[31.737,66.475],[31.737,66.503],[31.593,66.52],[31.593,66.573],[31.557,66.597],[31.593,66.625],[31.449,66.638],[31.341,66.634],[31.341,66.65],[31.197,66.638],[30.657,66.646],[30.549,66.625],[30.117,66.613],[29.793,66.621],[29.397,66.581],[29.361,66.605],[29.325,66.67],[29.253,66.691],[29.073,66.821],[29.037,66.874],[29.037,66.975],[29.109,67.004],[29.325,67.142],[29.361,67.187],[29.541,67.284],[29.541,67.305],[29.649,67.329],[29.721,67.406],[29.793,67.431],[29.973,67.512],[29.973,67.593],[30.009,67.606],[30.045,67.683],[29.937,67.703],[29.685,67.789],[29.649,67.842],[29.541,67.89],[29.433,67.98],[29.433,68.012],[29.361,68.041],[29.361,68.073],[28.893,68.147],[28.641,68.204],[28.605,68.26],[28.605,68.317],[28.533,68.378],[28.533,68.435],[28.497,68.444],[28.497,68.5],[28.461,68.509],[28.461,68.561],[28.533,68.586],[28.641,68.688],[28.749,68.761],[28.749,68.81],[28.821,68.875],[28.461,68.891],[28.425,68.907],[28.605,68.948],[28.713,68.997],[28.965,69.05],[29.037,69.021],[29.109,69.033],[29.253,69.106],[29.253,69.151],[29.325,69.184],[29.325,69.241],[29.289,69.241],[29.325,69.31],[29.577,69.322],[29.649,69.334],[29.757,69.399],[29.865,69.424],[30.009,69.416],[30.153,69.481],[30.189,69.529],[30.189,69.59],[30.153,69.595],[30.117,69.668],[30.369,69.619],[30.513,69.542],[30.837,69.542],[30.945,69.574],[30.945,69.684],[30.873,69.704],[30.873,69.769],[31.017,69.778],[31.197,69.737],[31.341,69.725],[31.449,69.692],[31.422415384615395,69.6558153846154],[31.449,69.668],[31.701,69.672],[31.809,69.651],[31.773,69.688],[31.701,69.7],[31.701,69.761],[31.773,69.83],[31.953,69.794],[31.989,69.761],[32.061,69.778],[32.025,69.83],[31.953,69.851],[31.989,69.867],[31.881,69.912],[31.917,69.948],[31.989,69.928],[32.061,69.944],[32.205,69.92],[32.241,69.883],[32.421,69.859],[32.529,69.818],[32.493,69.802],[32.601,69.778],[32.709,69.786],[32.925,69.769],[33.033,69.729],[33.105,69.729],[33.105,69.643],[32.961,69.582],[32.853,69.562],[32.529,69.595],[32.457,69.627],[32.385,69.611],[32.169,69.627],[32.205,69.7],[32.097,69.729],[32.133,69.692],[32.097,69.643],[31.989,69.619],[32.061,69.603],[32.061,69.546],[32.133,69.59],[32.457,69.546],[32.385,69.517],[32.529,69.481],[32.421,69.468],[32.385,69.444],[32.277,69.432],[32.277,69.407],[32.421,69.436],[32.457,69.464],[32.601,69.477],[32.601,69.428],[32.673,69.464],[32.817,69.464],[32.889,69.44],[32.817,69.412],[32.853,69.383],[32.889,69.436],[33.069,69.452],[32.889,69.346],[32.817,69.29],[32.925,69.318],[32.961,69.359],[33.033,69.375],[33.033,69.403],[33.141,69.432],[33.141,69.407],[33.033000000000015,69.375],[33.105,69.391],[33.321,69.412],[33.429,69.407],[33.501,69.383],[33.429,69.351],[33.501,69.338],[33.357,69.277],[33.213,69.249],[33.393,69.265],[33.537,69.241],[33.285,69.208],[33.501,69.196],[33.501,69.151],[33.429,69.143],[33.393,69.106],[33.249,69.074],[33.105,69.07],[33.285,69.05],[33.285,69.066],[33.465,69.078],[33.465,69.106],[33.573,69.143],[33.573,69.294],[33.753,69.298],[33.681,69.273],[33.753,69.265],[33.969,69.306],[34.257,69.29],[34.401,69.294],[34.401,69.265],[34.617,69.249],[34.797,69.212],[34.977,69.204],[34.941,69.163],[35.014,69.196],[35.122,69.196],[35.158,69.115],[35.158,69.18],[35.266,69.18],[35.266,69.204],[35.158,69.241],[35.302,69.241],[35.374,69.212],[35.554,69.208],[35.59,69.192],[35.698,69.192],[35.79408026755853,69.15552508361203],[35.806,69.184],[35.914,69.139],[36.094,69.106],[36.31,69.086],[36.346,69.041],[36.634,69.001],[36.742,68.964],[36.706,68.952],[36.814,68.936],[36.886,68.907],[37.174,68.838],[37.21,68.801],[37.39,68.777],[37.426,68.736],[37.57,68.72],[37.714,68.655],[37.786,68.651],[37.822,68.586],[37.858,68.602],[38.002,68.561],[38.002,68.533],[38.074,68.521],[38.074,68.48],[38.182,68.472],[38.362,68.391],[38.398,68.301],[38.434,68.338],[38.578,68.289],[38.758,68.256],[38.686,68.289],[38.578,68.309],[38.614,68.358],[38.758,68.309],[38.974,68.273],[38.902,68.26],[39.118,68.191],[39.262,68.147],[39.406,68.086],[39.55,68.033],[39.658,68.049],[39.766,68.021],[39.838,68.033],[39.802,68.102],[39.73,68.155],[39.838,68.126],[39.946,68.033],[39.982,67.98],[40.018,67.992],[40.126,67.943],[40.198,67.935],[40.306,67.878],[40.378,67.882],[40.378,67.838],[40.27,67.838],[40.414,67.772],[40.486,67.724],[40.558,67.72],[40.558,67.789],[40.666,67.789],[40.774,67.724],[40.918,67.724],[40.99,67.654],[41.026,67.654],[41.026,67.577],[40.99,67.565],[40.99,67.455],[41.098,67.439],[41.098,67.28],[41.062,67.252],[41.098,67.227],[41.278,67.199],[41.314,67.215],[41.35,67.187],[41.278,67.142],[41.386,67.118],[41.314,67.065],[41.35,67.048],[41.35,66.983],[41.242,66.975],[41.278,66.931],[41.242,66.922],[41.242,66.857],[41.206,66.813],[41.062,66.735],[40.81,66.617],[40.702,66.573],[40.702,66.528],[40.594,66.508],[40.594,66.463],[40.486,66.422],[40.486,66.406],[40.378,66.381],[40.27,66.373],[40.234,66.337],[40.162,66.329],[40.018,66.251],[39.586,66.186],[39.514,66.186],[39.262,66.129],[39.118,66.093],[38.902,66.097],[38.686,66.052],[38.326,66.052],[38.29,66.044],[38.146,66.068],[37.858,66.08],[37.642,66.113],[37.534,66.146],[37.138,66.239],[36.778,66.28],[36.526,66.276],[35.95,66.349],[35.842,66.349],[35.734,66.369],[35.626,66.369],[35.446,66.394],[35.338,66.418],[35.338,66.463],[35.194,66.463],[35.158,66.499],[35.086,66.508],[34.941,66.581],[34.761,66.597],[34.617,66.544],[34.473,66.532],[34.401,66.581],[34.401,66.634],[34.509,66.63],[34.365,66.658],[34.221,66.67],[34.149,66.666],[34.149,66.699],[34.077,66.674],[33.933,66.682],[33.825,66.715],[33.789,66.752],[33.645,66.796],[33.609,66.841],[33.609,66.788],[33.573,66.723],[33.501,66.715],[33.213,66.813],[33.141,66.857],[32.997,66.89],[32.781,67.016],[32.781,67.057],[32.961,67.077],[32.745,67.073],[32.637,67.118],[32.493,67.109],[32.385,67.13],[32.385,67.154],[32.313,67.154],[32.277,67.126],[32.133,67.138],[32.133,67.101],[31.953,67.13],[31.953,67.101],[32.133,67.077],[32.205,67.093],[32.169,67.118],[32.277,67.101],[32.349,67.065],[32.277,67.069],[32.313,67.04],[32.421,67.04],[32.529,67.02],[32.565,66.922],[32.457,66.918],[32.457,66.874],[32.529,66.878],[32.673,66.821],[32.673,66.796],[32.853,66.776],[32.925,66.752],[32.889,66.715],[32.781,66.743],[32.817,66.707],[32.961,66.699],[33.033,66.67],[33.249,66.662],[33.321,66.642],[33.285,66.613],[33.285,66.617],[33.177,66.65],[33.105,66.646]],[[31.377,69.635],[31.36793129770992,69.62265648854962],[31.413,69.643],[31.422415384615395,69.6558153846154],[31.377,69.635]],[[31.269,69.578],[31.341,69.586],[31.36793129770992,69.62265648854962],[31.269,69.578]],[[35.787291338582676,69.13930708661417],[35.806,69.151],[35.79408026755853,69.15552508361203],[35.787291338582676,69.13930708661417]],[[35.734,69.106],[35.77,69.086],[35.77,69.017],[35.806,69.021],[35.806,69.074],[35.77,69.098],[35.787291338582676,69.13930708661417],[35.734,69.106]],[[34.401,69.326],[34.149,69.306],[33.969,69.334],[34.041,69.383],[34.185,69.375],[34.401,69.326]],[[54.131,68.126],[54.095,68.175],[54.131,68.236],[54.203,68.208],[54.167,68.204],[54.167,68.134],[54.131,68.126]],[[54.203,68.285],[54.275,68.301],[54.347,68.301],[54.347,68.26],[54.203,68.244],[54.203,68.285]],[[53.987,68.37],[53.987,68.289],[53.879,68.301],[53.879,68.35],[53.987,68.37]],[[51.107,68.427],[50.963,68.435],[50.927,68.395],[50.855,68.395],[50.999,68.468],[51.107,68.488],[51.287,68.492],[51.539,68.48],[51.467,68.464],[51.323,68.444],[51.179,68.444],[51.107,68.427]],[[48.803,68.683],[48.731,68.696],[49.127,68.663],[48.803,68.683]],[[54.311,68.818],[54.383,68.797],[54.419,68.785],[54.239,68.793],[54.203,68.822],[54.311,68.818]],[[50.207,69.233],[50.279,69.184],[50.315,69.115],[50.279,69.062],[50.135,68.98],[50.099,69.021],[50.171,69.074],[50.171,69.106],[50.243,69.163],[50.063,69.106],[50.099,69.086],[49.847,69.013],[49.883,68.989],[49.667,68.854],[49.523,68.838],[49.451,68.806],[49.163,68.761],[49.091,68.761],[48.947,68.732],[48.695,68.704],[48.551,68.736],[48.335,68.814],[48.335,68.854],[48.263,68.871],[48.227,68.83],[48.263,68.793],[48.407,68.728],[48.371,68.728],[48.227,68.781],[48.191,68.891],[48.227,68.911],[48.191,68.952],[48.227,69.021],[48.227,69.098],[48.263,69.151],[48.263,69.216],[48.335,69.302],[48.407,69.342],[48.659,69.436],[48.659,69.448],[48.947,69.501],[49.199,69.509],[49.415,69.473],[49.451,69.456],[49.631,69.42],[49.739,69.375],[49.991,69.306],[50.027,69.306],[50.207,69.233]],[[47.147,66.878],[47.255,66.89],[47.399,66.922],[47.615,66.886],[47.579,66.91],[47.615,66.943],[47.687,66.955],[47.687,66.983],[47.759,67.012],[47.759,67.154],[47.687,67.191],[47.795,67.244],[47.795,67.317],[47.759,67.333],[47.903,67.402],[47.939,67.471],[47.867,67.504],[47.831,67.565],[47.867,67.593],[48.011,67.638],[48.119,67.593],[48.191,67.63],[48.335,67.654],[48.479,67.638],[48.587,67.679],[48.767,67.671],[48.875,67.683],[48.875,67.667],[48.983,67.646],[48.983,67.606],[49.055,67.618],[48.983,67.675],[48.767,67.728],[48.767,67.854],[48.587,67.915],[48.659,67.907],[48.803,67.846],[49.019,67.833],[49.163,67.854],[49.379,67.907],[49.667,67.976],[50.027,68.094],[49.991,68.049],[49.919,68.041],[49.811,68.004],[49.847,67.992],[49.991,68.012],[49.955,68.033],[50.063,68.065],[50.063,68.106],[50.171,68.143],[50.495,68.248],[50.675,68.317],[50.747,68.358],[50.891,68.342],[51.107,68.358],[51.143,68.374],[51.287,68.383],[51.431,68.403],[51.395,68.419],[51.575,68.415],[51.611,68.444],[51.503,68.444],[51.575,68.484],[51.899,68.509],[52.079,68.533],[52.223,68.57],[52.151,68.509],[52.043,68.509],[52.043,68.484],[52.151,68.505],[52.259,68.464],[52.331,68.464],[52.295,68.403],[52.187,68.387],[52.151,68.358],[52.331,68.301],[52.547,68.358],[52.583,68.391],[52.691,68.407],[52.763,68.472],[52.583,68.517],[52.547,68.561],[52.295,68.586],[52.475,68.643],[53.015,68.793],[53.231,68.838],[53.411,68.891],[53.735,68.94],[54.059,68.972],[54.419,68.989],[54.599,68.972],[54.527,68.956],[54.455,68.972],[54.347,68.944],[54.131,68.932],[53.879,68.907],[53.627,68.891],[53.591,68.867],[53.807,68.862],[54.023,68.83],[53.987,68.789],[53.879,68.785],[53.843,68.72],[53.879,68.696],[53.735,68.647],[53.735,68.594],[53.915,68.513],[53.951,68.468],[53.951,68.383],[53.771,68.334],[53.699,68.383],[53.591,68.387],[53.627,68.35],[53.447,68.362],[53.303,68.334],[53.159,68.228],[53.159,68.126],[53.231,68.147],[53.231,68.208],[53.483,68.24],[53.627,68.236],[53.699,68.248],[53.879,68.216],[53.915,68.191],[54.059,68.208],[54.095,68.236],[54.095,68.175],[54.095,68.147],[54.131,68.098],[54.059,68.065],[53.987,67.992],[54.095,68.025],[54.203,68.094],[54.203,68.143],[54.239,68.224],[54.347,68.236],[54.491,68.289],[54.563,68.281],[54.635,68.183],[54.707,68.151],[54.851,68.147],[54.887,68.13],[54.923,68.183],[54.887,68.204],[54.959,68.232],[54.959,68.26],[54.851,68.293],[54.923,68.326],[54.995,68.411],[55.284,68.509],[55.356,68.541],[55.428,68.549],[55.644,68.541],[55.932,68.618],[55.932,68.635],[56.076,68.643],[56.184,68.602],[56.328,68.586],[56.472,68.586],[56.616,68.618],[56.832,68.578],[56.832,68.553],[56.976,68.537],[57.048,68.517],[57.3,68.525],[57.48,68.586],[57.48,68.643],[57.588,68.679],[57.624,68.72],[57.768,68.732],[57.552,68.745],[57.372,68.704],[57.192,68.704],[57.3,68.728],[57.552,68.757],[57.732,68.769],[57.948,68.793],[57.912,68.72],[58.02,68.749],[58.02,68.789],[57.948,68.789],[58.056,68.83],[58.416,68.883],[58.488,68.907],[58.848,68.972],[59.208,68.98],[59.208,68.964],[59.064,68.94],[58.992,68.907],[59.172,68.883],[59.28,68.83],[59.424,68.806],[59.496,68.765],[59.532,68.712],[59.46,68.663],[59.172,68.659],[59.172,68.618],[59.1,68.606],[59.064,68.57],[59.172,68.505],[59.1,68.452],[59.136,68.387],[59.388,68.37],[59.46,68.342],[59.604,68.33],[59.784,68.374],[59.892,68.387],[59.964,68.444],[59.928,68.496],[59.784,68.631],[59.928,68.683],[60.036,68.667],[60.432,68.679],[60.648,68.749],[60.864,68.883],[60.972,68.883],[60.936,68.838],[61.008,68.846],[61.152,68.83],[61.188,68.781],[61.224,68.83],[61.116,68.862],[61.08,68.895],[60.972,68.919],[60.972,69.058],[60.864,69.147],[60.756,69.151],[60.792,69.086],[60.648,69.115],[60.648,69.249],[60.504,69.318],[60.432,69.391],[60.324,69.432],[60.288,69.468],[60.216,69.493],[60.252,69.534],[60.18,69.55],[60.216,69.619],[60.36,69.66],[60.432,69.643],[60.648,69.651],[60.648,69.615],[60.756,69.603],[60.792,69.635],[60.72,69.664],[60.684,69.721],[60.792,69.713],[60.72,69.778],[60.792,69.843],[60.9,69.859],[61.044,69.83],[61.116,69.847],[61.152,69.826],[61.26,69.826],[61.332,69.786],[61.584,69.761],[61.764,69.761],[61.836,69.745],[62.052,69.729],[62.664,69.725],[62.844,69.713],[63.132,69.68],[63.276,69.651],[63.564,69.619],[63.924,69.566],[64.392,69.473],[64.572,69.403],[64.86,69.326],[64.932,69.257],[64.824,69.212],[64.824,69.188],[64.752,69.159],[64.788,69.07],[64.752,69.05],[64.644,69.033],[64.608,69.009],[64.68,68.928],[64.644,68.903],[64.68,68.879],[64.788,68.867],[64.824,68.903],[65.005,68.854],[65.113,68.801],[65.293,68.81],[65.437,68.785],[65.437,68.74],[65.617,68.704],[65.581,68.627],[65.689,68.578],[65.725,68.525],[65.689,68.48],[65.473,68.403],[65.329,68.37],[65.221,68.374],[65.077,68.407],[64.968,68.391],[64.86,68.395],[64.752,68.383],[64.572,68.334],[64.572,68.301],[64.644,68.228],[64.608,68.195],[64.464,68.175],[64.464,68.147],[64.356,68.118],[64.14,68.086],[63.924,68.025],[63.996,67.968],[63.996,67.915],[63.744,67.805],[63.744,67.748],[63.528,67.789],[63.384,67.772],[63.276,67.711],[63.132,67.675],[63.06,67.606],[62.952,67.541],[62.988,67.451],[62.952,67.402],[62.88,67.386],[62.592,67.297],[61.836,67.101],[61.764,67.065],[61.764,67.036],[61.692,67.016],[61.548,67.028],[61.368,66.983],[61.26,67.004],[61.188,66.996],[60.936,66.992],[60.216,66.992],[58.992,66.983],[58.74,66.992],[57.012,66.983],[55.968,66.975],[54.599,66.992],[53.591,67.032],[52.151,67.073],[51.971,67.004],[51.899,66.996],[51.791,66.947],[51.719,66.939],[51.647,66.91],[51.539,66.906],[51.503,66.825],[51.539,66.78],[51.251,66.715],[50.711,66.581],[49.487,66.259],[48.947,66.109],[48.659,66.125],[48.479,66.121],[48.335,66.137],[48.119,66.129],[47.903,66.068],[47.795,66.011],[47.687,65.942],[47.795,65.857],[47.687,65.849],[47.435,65.853],[47.147,65.836],[47.039,65.857],[46.679,65.975],[46.427,66.076],[46.139,66.024],[46.067,66.044],[45.959,66.097],[45.851,66.117],[45.671,66.085],[45.599,66.089],[45.455,66.125],[45.383,66.162],[45.203,66.211],[45.023,66.227],[44.626,66.272],[44.518,66.349],[44.446,66.377],[44.23,66.398],[44.266,66.463],[44.374,66.491],[44.374,66.556],[44.446,66.638],[44.59,66.65],[44.482,66.658],[44.374,66.739],[44.374,66.788],[44.482,66.813],[44.482,66.902],[44.518,66.914],[44.41,66.967],[44.41,67.0],[44.338,67.008],[44.266,67.061],[44.158,67.109],[44.158,67.134],[44.05,67.162],[43.87,67.154],[43.762,67.195],[43.762,67.252],[43.798,67.345],[43.942,67.537],[44.05,67.63],[44.158,67.646],[44.122,67.683],[44.122,67.736],[44.158,67.74],[44.122,67.813],[44.158,67.874],[44.266,67.923],[44.158,67.915],[44.158,67.972],[44.338,68.021],[44.23,68.012],[44.23,68.082],[44.194,68.126],[44.23,68.167],[44.23,68.273],[44.158,68.33],[44.014,68.387],[43.834,68.427],[43.654,68.496],[43.51,68.529],[43.294,68.635],[43.258,68.667],[43.402,68.671],[43.726,68.618],[43.798,68.578],[44.086,68.529],[44.266,68.525],[44.374,68.533],[44.734,68.537],[45.347,68.517],[45.923,68.435],[45.887,68.395],[46.031,68.342],[46.031,68.301],[46.175,68.269],[46.175,68.248],[46.391,68.147],[46.535,68.118],[46.535,68.008],[46.643,67.947],[46.607,67.931],[46.679,67.907],[46.679,67.809],[46.463,67.809],[46.319,67.817],[46.067,67.781],[45.959,67.789],[45.851,67.748],[45.671,67.74],[45.527,67.744],[45.311,67.691],[45.347,67.654],[45.311,67.63],[45.311,67.573],[45.275,67.585],[45.131,67.561],[44.986,67.496],[44.914,67.427],[44.914,67.309],[44.95,67.317],[45.023,67.284],[45.167,67.244],[45.563,67.166],[45.599,67.154],[45.599,67.061],[45.671,67.028],[45.815,66.894],[45.887,66.861],[46.067,66.825],[46.211,66.825],[46.355,66.841],[46.427,66.865],[46.571,66.865],[46.571,66.825],[46.679,66.821],[46.931,66.849],[47.075,66.849],[47.147,66.878]],[[55.68,68.879],[55.68,68.854],[55.608,68.891],[55.392,68.928],[55.536,68.928],[55.68,68.879]],[[54.707,68.944],[54.599,68.936],[54.599,68.972],[54.599,68.98],[54.707,68.972],[54.707,68.944]],[[59.496,69.025],[59.424,69.029],[59.424,69.058],[59.496,69.025]],[[59.316,69.184],[59.28,69.147],[59.352,69.106],[59.244,69.123],[59.208,69.208],[59.136,69.249],[58.992,69.281],[58.884,69.29],[58.704,69.355],[58.812,69.334],[59.1,69.29],[59.28,69.233],[59.244,69.188],[59.316,69.184]],[[59.532,70.266],[59.604,70.209],[59.82,70.144],[59.784,70.123],[60.0,70.087],[60.216,69.997],[60.324,69.944],[60.468,69.92],[60.468,69.859],[60.54,69.822],[60.54,69.786],[60.468,69.745],[60.468,69.713],[60.324,69.704],[60.288,69.68],[60.18,69.672],[60.144,69.696],[60.0,69.717],[59.964,69.7],[60.0,69.651],[59.928,69.664],[59.928,69.692],[59.784,69.684],[59.604,69.713],[59.604,69.769],[59.712,69.778],[59.568,69.859],[59.424,69.875],[59.244,69.883],[58.956,69.94],[59.1,69.896],[59.172,69.855],[59.064,69.855],[58.992,69.912],[58.704,70.005],[58.596,70.079],[58.668,70.099],[58.596,70.119],[58.668,70.127],[58.452,70.188],[58.56,70.205],[58.452,70.217],[58.416,70.258],[58.704,70.229],[58.74,70.201],[58.848,70.213],[58.74,70.258],[58.524,70.314],[58.524,70.339],[58.668,70.314],[58.668,70.347],[58.776,70.359],[58.812,70.424],[58.956,70.432],[59.064,70.469],[59.064,70.432],[59.388,70.339],[59.424,70.298],[59.532,70.266]],[[46.391,58.08],[46.391,58.023],[46.463,58.052],[46.607,58.039],[46.715,58.044],[47.327,58.015],[47.435,58.003],[47.723,57.954],[47.795,57.946],[47.723,57.901],[47.651,57.877],[47.579,57.787],[47.579,57.73],[47.543,57.678],[47.543,57.621],[47.471,57.543],[47.399,57.523],[47.291,57.584],[47.255,57.588],[47.183,57.547],[47.039,57.507],[46.823,57.523],[46.787,57.507],[46.715,57.425],[46.715,57.316],[46.787,57.287],[46.823,57.198],[46.751,57.173],[46.787,57.12],[46.787,57.067],[46.751,57.031],[46.787,56.998],[46.751,56.958],[46.751,56.99],[46.679,56.99],[46.643,56.945],[46.571,56.933],[46.499,56.962],[46.355,56.974],[46.283,56.925],[46.283,56.909],[45.995,56.884],[45.923,56.856],[45.887,56.811],[45.887,56.758],[45.923,56.726],[45.923,56.64],[45.851,56.632],[45.779,56.644],[45.671,56.587],[45.671,56.547],[45.635,56.522],[45.635,56.47],[45.671,56.453],[45.779,56.465],[45.959,56.4],[45.959,56.327],[45.887,56.295],[45.887,56.25],[45.923,56.23],[46.031,56.201],[46.103,56.177],[46.103,56.063],[46.139,56.018],[46.139,55.986],[46.103,55.965],[46.103,55.92],[46.139,55.884],[46.139,55.839],[46.103,55.798],[46.031,55.77],[45.995,55.709],[45.959,55.68],[46.031,55.607],[46.175,55.53],[46.247,55.51],[46.391,55.477],[46.427,55.461],[46.427,55.424],[46.319,55.388],[46.247,55.327],[46.247,55.282],[46.139,55.241],[46.067,55.192],[46.067,55.123],[46.103,55.103],[46.103,55.054],[46.031,55.013],[45.959,54.989],[45.887,54.993],[45.779,54.977],[45.743,54.989],[45.743,55.03],[45.779,55.054],[45.779,55.164],[45.743,55.176],[45.635,55.164],[45.599,55.115],[45.491,55.095],[45.419,55.018],[45.455,54.989],[45.455,54.891],[45.275,54.863],[45.275,54.826],[45.239,54.798],[45.239,54.749],[45.167,54.79],[45.095,54.753],[45.095,54.692],[45.131,54.656],[45.023,54.59],[45.167,54.521],[45.167,54.468],[45.095,54.489],[44.95,54.464],[44.842,54.505],[44.734,54.493],[44.626,54.456],[44.626,54.481],[44.698,54.517],[44.698,54.529],[44.626,54.554],[44.59,54.521],[44.482,54.521],[44.374,54.586],[44.266,54.59],[44.122,54.656],[44.158,54.696],[44.122,54.729],[44.014,54.721],[43.978,54.733],[43.978,54.79],[43.798,54.794],[43.618,54.83],[43.618,54.924],[43.51,54.908],[43.402,54.936],[43.33,54.928],[43.33,54.896],[43.186,54.867],[43.15,54.83],[43.15,54.786],[43.114,54.765],[43.042,54.798],[42.898,54.749],[42.826,54.749],[42.826,54.782],[42.754,54.806],[42.646,54.773],[42.574,54.786],[42.466,54.834],[42.43,54.863],[42.466,54.896],[42.466,54.936],[42.502,54.973],[42.466,54.997],[42.394,54.977],[42.358,54.989],[42.214,54.94],[41.962,54.985],[42.034,55.026],[41.998,55.042],[42.034,55.074],[41.854,55.026],[41.782,55.074],[41.818,55.115],[41.89,55.127],[41.89,55.176],[41.962,55.253],[41.998,55.331],[42.034,55.331],[42.142,55.396],[42.142,55.436],[42.07,55.497],[42.07,55.53],[42.106,55.619],[42.214,55.697],[42.25,55.737],[42.394,55.778],[42.466,55.839],[42.466,55.908],[42.502,55.92],[42.574,55.92],[42.646,55.949],[42.718,56.026],[42.682,56.051],[42.718,56.087],[42.826,56.099],[42.934,56.16],[42.934,56.197],[42.826,56.217],[42.754,56.242],[42.718,56.295],[42.718,56.356],[42.682,56.388],[42.61,56.4],[42.682,56.461],[42.754,56.47],[42.898,56.457],[42.934,56.514],[42.898,56.539],[42.898,56.583],[42.934,56.62],[42.79,56.657],[42.79,56.693],[42.862,56.726],[42.79,56.771],[42.862,56.807],[42.934,56.807],[42.97,56.836],[43.042,56.811],[43.114,56.832],[43.114,56.856],[43.258,56.856],[43.402,56.864],[43.438,56.888],[43.51,56.884],[43.582,56.937],[43.618,57.019],[43.69,57.031],[43.69,57.055],[43.618,57.071],[43.618,57.096],[43.51,57.112],[43.474,57.128],[43.546,57.246],[43.69,57.279],[43.654,57.311],[43.726,57.336],[43.798,57.311],[43.798,57.352],[43.87,57.336],[43.834,57.385],[43.762,57.389],[43.69,57.438],[43.726,57.45],[43.942,57.429],[43.978,57.446],[44.086,57.442],[44.122,57.466],[44.23,57.478],[44.266,57.515],[44.374,57.515],[44.482,57.56],[44.518,57.633],[44.626,57.702],[44.77,57.694],[44.77,57.759],[44.842,57.787],[44.842,57.836],[44.878,57.844],[44.878,57.913],[44.842,57.97],[44.842,58.027],[44.878,58.068],[45.023,58.056],[45.059,58.072],[45.239,58.076],[45.239,58.052],[45.311,58.044],[45.347,58.011],[45.455,58.035],[45.527,58.011],[45.599,57.938],[45.707,57.922],[45.743,57.946],[45.779,58.015],[45.851,58.011],[45.851,58.044],[45.923,58.035],[46.031,58.056],[46.139,58.052],[46.175,58.064],[46.319,58.064],[46.391,58.08]],[[44.95,43.645],[44.95,43.548],[44.914,43.532],[44.878,43.54],[44.878,43.572],[44.806,43.56],[44.842,43.507],[44.806,43.471],[44.734,43.479],[44.734,43.519],[44.698,43.536],[44.59,43.523],[44.59,43.377],[44.662,43.34],[44.662,43.202],[44.626,43.182],[44.698,43.182],[44.77,43.161],[44.77,43.129],[44.878,43.08],[44.95,43.015],[44.95,42.934],[44.986,42.881],[44.914,42.836],[44.914,42.812],[44.842,42.787],[44.734,42.804],[44.734,42.848],[44.662,42.787],[44.662,42.743],[44.59,42.738],[44.482,42.747],[44.446,42.722],[44.266,42.702],[44.23,42.665],[44.23,42.633],[44.014,42.596],[43.978,42.56],[43.834,42.584],[43.762,42.588],[43.726,42.629],[43.798,42.682],[43.798,42.747],[43.618,42.808],[43.618,42.844],[43.51,42.865],[43.474,42.889],[43.402,42.897],[43.438,42.922],[43.51,42.934],[43.582,42.901],[43.69,42.962],[43.798,43.072],[43.906,43.206],[43.906,43.255],[43.942,43.259],[43.978,43.231],[43.978,43.198],[44.05,43.227],[44.086,43.19],[44.05,43.161],[44.122,43.157],[44.158,43.178],[44.158,43.32],[44.23,43.345],[44.23,43.32],[44.266,43.304],[44.338,43.345],[44.41,43.357],[44.482,43.324],[44.518,43.345],[44.518,43.393],[44.482,43.422],[44.518,43.454],[44.518,43.613],[44.41,43.654],[44.41,43.727],[44.446,43.715],[44.518,43.715],[44.698,43.759],[44.842,43.739],[44.914,43.706],[44.95,43.645]],[[34.797,59.089],[35.014,59.04],[34.941,59.016],[35.05,58.979],[35.194,58.971],[35.23,58.955],[35.23,58.914],[35.194,58.89],[35.194,58.812],[35.302,58.845],[35.302,58.772],[35.374,58.808],[35.374,58.833],[35.446,58.869],[35.518,58.869],[35.698,58.808],[35.77,58.824],[35.842,58.78],[35.914,58.776],[36.094,58.719],[36.13,58.719],[36.202,58.67],[36.202,58.625],[36.274,58.601],[36.274,58.552],[36.382,58.523],[36.49,58.523],[36.418,58.491],[36.382,58.507],[36.274,58.507],[36.238,58.471],[36.166,58.487],[36.094,58.442],[36.022,58.462],[35.986,58.397],[35.878,58.401],[35.698,58.434],[35.626,58.434],[35.338,58.345],[35.374,58.3],[35.266,58.223],[35.122,58.198],[35.086,58.174],[35.014,58.194],[35.014,58.214],[34.941,58.198],[34.833,58.231],[34.761,58.186],[34.797,58.157],[34.761,58.117],[34.797,58.092],[34.725,58.056],[34.581,58.096],[34.545,58.121],[34.473,58.109],[34.401,58.141],[34.329,58.141],[34.221,58.19],[34.113,58.182],[34.113,58.206],[34.005,58.133],[33.933,58.113],[33.825,58.133],[33.717,58.113],[33.717,58.088],[33.609,58.044],[33.609,58.007],[33.753,57.942],[33.717,57.909],[33.753,57.885],[33.717,57.852],[33.609,57.812],[33.645,57.791],[33.609,57.775],[33.609,57.734],[33.645,57.706],[33.573,57.673],[33.501,57.686],[33.429,57.665],[33.357,57.665],[33.393,57.637],[33.357,57.588],[33.393,57.551],[33.285,57.515],[33.285,57.458],[33.357,57.429],[33.321,57.381],[33.213,57.446],[33.141,57.433],[33.105,57.401],[33.033,57.425],[32.961,57.409],[32.889,57.429],[32.853,57.421],[32.745,57.356],[32.709,57.291],[32.565,57.287],[32.565,57.246],[32.457,57.25],[32.457,57.218],[32.385,57.21],[32.313,57.226],[32.349,57.169],[32.313,57.149],[32.205,57.157],[32.205,57.124],[32.061,57.112],[32.097,57.076],[32.025,57.071],[32.061,57.039],[32.025,57.031],[31.989,57.08],[31.917,57.071],[31.881,57.043],[31.809,57.055],[31.773,57.002],[31.737,56.994],[31.773,56.97],[31.701,56.962],[31.665,56.888],[31.449,56.893],[31.413,56.917],[31.305,56.921],[31.305,56.901],[31.233,56.884],[31.089,56.929],[31.017,56.937],[30.981,56.949],[30.837,56.917],[30.729,56.949],[30.693,57.01],[30.765,57.067],[30.765,57.145],[30.873,57.185],[30.837,57.222],[30.765,57.234],[30.513,57.32],[30.477,57.36],[30.549,57.438],[30.513,57.454],[30.657,57.527],[30.729,57.584],[30.621,57.584],[30.513,57.625],[30.585,57.722],[30.477,57.743],[30.549,57.783],[30.585,57.865],[30.477,57.865],[30.369,57.873],[30.261,57.873],[30.117,57.917],[30.009,57.917],[30.009,57.97],[29.865,58.039],[29.685,58.068],[29.721,58.121],[29.685,58.186],[29.721,58.223],[29.937,58.284],[29.937,58.442],[30.045,58.414],[30.153,58.462],[30.189,58.499],[30.117,58.58],[30.117,58.617],[30.153,58.662],[30.117,58.682],[30.153,58.731],[30.189,58.739],[30.333,58.702],[30.369,58.674],[30.441,58.674],[30.513,58.727],[30.621,58.731],[30.657,58.711],[30.729,58.723],[30.765,58.751],[30.765,58.824],[30.909,58.881],[30.981,58.93],[30.981,58.959],[31.053,59.04],[31.161,59.036],[31.269,58.995],[31.413,59.02],[31.449,59.048],[31.449,59.085],[31.557,59.154],[31.521,59.174],[31.593,59.186],[31.557,59.219],[31.557,59.337],[31.701,59.329],[31.773,59.272],[31.881,59.276],[31.917,59.321],[31.917,59.365],[31.989,59.386],[32.133,59.329],[32.277,59.292],[32.349,59.219],[32.349,59.154],[32.601,59.073],[32.709,59.064],[32.817,59.138],[32.817,59.174],[32.781,59.199],[32.817,59.264],[32.997,59.345],[33.069,59.406],[33.141,59.353],[33.177,59.349],[33.285,59.288],[33.393,59.288],[33.429,59.341],[33.537,59.325],[33.645,59.349],[33.681,59.341],[33.861,59.203],[33.897,59.162],[33.969,59.158],[34.077,59.113],[34.149,59.101],[34.185,59.146],[34.293,59.162],[34.437,59.146],[34.473,59.13],[34.617,59.109],[34.689,59.077],[34.761,59.073],[34.797,59.089]],[[84.446,56.018],[84.554,56.002],[84.554,55.949],[84.59,55.912],[84.518,55.872],[84.59,55.823],[84.59,55.766],[84.554,55.729],[84.626,55.709],[84.662,55.644],[84.77,55.611],[84.77,55.567],[84.77,55.51],[84.77,55.481],[84.77,55.445],[84.734,55.416],[84.662,55.4],[84.626,55.38],[84.842,55.384],[84.878,55.375],[84.878,55.339],[84.914,55.31],[84.878,55.262],[84.878,55.192],[84.914,55.148],[84.914,55.03],[84.878,54.985],[84.986,54.92],[85.095,54.798],[85.023,54.757],[84.95,54.745],[84.95,54.692],[84.986,54.66],[85.023,54.643],[84.986,54.582],[84.986,54.534],[85.095,54.403],[85.095,54.383],[84.914,54.363],[84.698,54.306],[84.626,54.277],[84.554,54.241],[84.554,54.204],[84.41,54.131],[84.41,54.151],[84.338,54.159],[84.194,54.188],[83.942,54.102],[83.87,54.119],[83.474,54.086],[83.474,54.05],[83.474,53.997],[83.402,53.944],[83.33,53.96],[83.294,53.993],[83.294,54.033],[83.222,54.045],[83.15,54.041],[83.078,54.009],[83.042,53.98],[82.898,53.932],[82.898,53.907],[82.754,53.842],[82.718,53.797],[82.718,53.712],[82.646,53.675],[82.646,53.635],[82.502,53.582],[82.574,53.533],[82.466,53.513],[82.358,53.525],[82.322,53.566],[82.142,53.61],[82.178,53.659],[82.142,53.679],[82.034,53.679],[81.926,53.704],[81.854,53.724],[81.818,53.708],[81.782,53.724],[81.71,53.793],[81.71,53.83],[81.818,53.862],[81.818,53.919],[81.782,53.928],[81.71,53.919],[81.602,53.936],[81.53,53.923],[81.53,54.013],[81.458,54.054],[81.458,54.086],[81.278,54.082],[81.206,54.123],[81.098,54.115],[81.098,54.176],[80.954,54.265],[80.882,54.318],[80.882,54.363],[80.846,54.367],[80.774,54.318],[80.81,54.249],[80.738,54.245],[80.558,54.204],[80.522,54.167],[80.522,54.123],[80.45,54.102],[80.414,54.115],[80.306,54.078],[80.198,54.025],[80.162,54.037],[80.162,54.066],[80.09,54.058],[80.054,54.029],[80.054,53.989],[79.838,53.911],[79.838,53.85],[79.766,53.826],[79.73,53.838],[79.586,53.81],[79.586,53.753],[79.55,53.728],[79.478,53.724],[79.478,53.708],[79.334,53.683],[79.262,53.712],[79.19,53.679],[79.082,53.667],[79.01,53.696],[79.01,53.655],[78.938,53.683],[78.686,53.655],[78.614,53.594],[78.614,53.561],[78.578,53.525],[78.434,53.517],[78.362,53.492],[78.29,53.48],[78.218,53.505],[78.182,53.533],[78.182,53.606],[78.11,53.561],[77.966,53.557],[77.966,53.472],[78.038,53.46],[78.038,53.439],[77.93,53.419],[77.966,53.362],[77.93,53.37],[77.858,53.305],[77.786,53.366],[77.642,53.448],[77.606,53.456],[77.462,53.533],[77.39,53.561],[77.138,53.663],[77.066,53.724],[76.886,53.797],[76.742,53.866],[76.742,53.879],[76.49,54.037],[76.49,54.078],[76.418,54.127],[76.418,54.167],[76.49,54.167],[76.562,54.147],[76.634,54.151],[76.67,54.123],[76.742,54.151],[76.742,54.192],[76.814,54.204],[76.814,54.237],[76.814,54.298],[76.886,54.306],[76.814,54.33],[76.814,54.367],[76.742,54.367],[76.922,54.412],[76.922,54.456],[76.742,54.407],[76.67,54.346],[76.562,54.346],[76.49,54.326],[76.418,54.322],[76.31,54.33],[76.238,54.359],[76.166,54.294],[76.238,54.269],[76.094,54.233],[76.058,54.233],[75.77,54.143],[75.698,54.127],[75.662,54.216],[75.662,54.456],[75.698,54.513],[75.698,54.546],[75.806,54.554],[75.806,54.664],[75.77,54.684],[75.698,54.696],[75.698,54.737],[75.626,54.81],[75.59,54.834],[75.554,54.814],[75.554,54.782],[75.482,54.855],[75.482,54.891],[75.302,54.883],[75.374,54.981],[75.374,55.062],[75.302,55.099],[75.23,55.103],[75.23,55.144],[75.266,55.188],[75.194,55.266],[75.194,55.327],[75.122,55.323],[75.086,55.339],[75.158,55.359],[75.194,55.42],[75.266,55.457],[75.338,55.469],[75.302,55.506],[75.158,55.534],[75.122,55.571],[75.158,55.619],[75.086,55.676],[75.086,55.721],[75.194,55.709],[75.266,55.709],[75.338,55.725],[75.302,55.79],[75.302,55.847],[75.446,55.92],[75.482,55.969],[75.482,56.026],[75.518,56.047],[75.626,56.042],[75.698,56.091],[75.806,56.091],[76.022,56.148],[76.166,56.124],[76.274,56.14],[76.31,56.164],[76.274,56.217],[76.094,56.303],[76.094,56.4],[76.094,56.404],[76.094,56.457],[76.022,56.461],[75.914,56.409],[75.878,56.404],[75.806,56.461],[75.842,56.49],[75.986,56.547],[76.022,56.6],[76.094,56.612],[76.238,56.685],[76.238,56.913],[76.166,56.958],[76.166,57.132],[76.094,57.226],[76.166,57.202],[76.274,57.202],[76.418,57.185],[76.67,57.198],[76.742,57.181],[76.742,57.165],[76.886,57.157],[77.138,57.149],[77.606,57.149],[78.002,57.132],[78.362,57.153],[78.362,57.141],[78.434,57.092],[78.434,57.076],[78.758,57.035],[79.154,56.99],[79.262,56.982],[79.478,56.901],[79.55,56.893],[79.73,56.836],[79.838,56.75],[79.982,56.624],[80.234,56.417],[80.486,56.429],[80.558,56.441],[80.882,56.498],[81.134,56.522],[81.206,56.51],[81.278,56.461],[81.53,56.258],[81.602,56.25],[81.746,56.254],[81.854,56.303],[82.07,56.311],[82.178,56.335],[82.25,56.348],[82.394,56.368],[82.574,56.388],[82.682,56.38],[82.79,56.388],[82.826,56.433],[82.826,56.482],[82.898,56.506],[82.97,56.494],[83.078,56.526],[83.15,56.498],[83.222,56.417],[83.222,56.376],[83.15,56.356],[83.15,56.27],[83.078,56.242],[83.078,56.217],[83.15,56.189],[83.15,56.112],[83.222,56.095],[83.222,55.994],[83.294,55.965],[83.294,55.925],[83.366,55.843],[83.294,55.811],[83.33,55.778],[83.222,55.725],[83.222,55.701],[83.294,55.668],[83.402,55.689],[83.402,55.66],[83.474,55.668],[83.546,55.66],[83.618,55.668],[83.618,55.705],[83.654,55.733],[83.726,55.77],[83.798,55.868],[83.87,55.925],[83.978,55.99],[84.122,56.018],[84.194,55.99],[84.266,55.965],[84.374,55.969],[84.446,56.018]],[[76.094,57.226],[76.166,57.132],[76.166,56.958],[76.238,56.913],[76.238,56.685],[76.094,56.612],[76.022,56.6],[75.986,56.547],[75.842,56.49],[75.806,56.461],[75.878,56.404],[75.914,56.409],[76.022,56.461],[76.094,56.457],[76.094,56.404],[76.094,56.4],[76.094,56.303],[76.274,56.217],[76.31,56.164],[76.274,56.14],[76.166,56.124],[76.022,56.148],[75.806,56.091],[75.698,56.091],[75.626,56.042],[75.518,56.047],[75.482,56.026],[75.482,55.969],[75.446,55.92],[75.302,55.847],[75.302,55.79],[75.338,55.725],[75.266,55.709],[75.194,55.709],[75.086,55.721],[75.086,55.676],[75.158,55.619],[75.122,55.571],[75.158,55.534],[75.302,55.506],[75.338,55.469],[75.266,55.457],[75.194,55.42],[75.158,55.359],[75.086,55.339],[75.122,55.323],[75.194,55.327],[75.194,55.266],[75.266,55.188],[75.23,55.144],[75.23,55.103],[75.302,55.099],[75.374,55.062],[75.374,54.981],[75.302,54.883],[75.482,54.891],[75.482,54.855],[75.554,54.782],[75.554,54.814],[75.59,54.834],[75.626,54.81],[75.698,54.737],[75.698,54.696],[75.77,54.684],[75.806,54.664],[75.806,54.554],[75.698,54.546],[75.698,54.513],[75.662,54.456],[75.662,54.216],[75.698,54.127],[75.626,54.106],[75.518,54.123],[75.41,54.086],[75.41,54.062],[75.482,54.005],[75.482,53.98],[75.374,53.944],[75.266,53.887],[75.194,53.866],[75.05,53.789],[75.014,53.785],[74.977,53.814],[74.833,53.814],[74.797,53.822],[74.797,53.777],[74.761,53.749],[74.689,53.753],[74.653,53.704],[74.653,53.663],[74.473,53.683],[74.473,53.647],[74.437,53.59],[74.473,53.586],[74.473,53.533],[74.401,53.46],[74.293,53.484],[74.293,53.521],[74.257,53.525],[74.257,53.59],[74.185,53.598],[74.149,53.549],[74.077,53.557],[74.077,53.627],[73.933,53.647],[73.861,53.59],[73.789,53.59],[73.753,53.614],[73.681,53.618],[73.645,53.561],[73.609,53.566],[73.573,53.521],[73.537,53.509],[73.465,53.443],[73.393,53.46],[73.393,53.529],[73.249,53.574],[73.249,53.606],[73.285,53.643],[73.249,53.647],[73.249,53.679],[73.321,53.683],[73.357,53.744],[73.357,53.793],[73.465,53.814],[73.429,53.834],[73.465,53.879],[73.681,53.858],[73.717,53.899],[73.717,53.952],[73.753,54.054],[73.645,54.07],[73.645,54.041],[73.609,54.025],[73.501,54.005],[73.537,53.948],[73.465,53.964],[73.465,53.98],[73.393,53.989],[73.393,53.956],[73.285,53.952],[73.213,53.976],[73.069,53.989],[73.069,54.029],[73.033,54.05],[72.961,54.054],[72.997,54.098],[72.817,54.111],[72.817,54.123],[72.601,54.131],[72.529,54.111],[72.529,54.045],[72.673,54.05],[72.673,54.009],[72.709,53.989],[72.709,53.948],[72.565,53.989],[72.529,53.972],[72.493,53.911],[72.385,53.932],[72.385,53.993],[72.421,54.045],[72.349,54.082],[72.421,54.119],[72.493,54.111],[72.493,54.135],[72.385,54.151],[72.313,54.18],[72.313,54.249],[72.277,54.253],[72.277,54.322],[72.205,54.334],[72.169,54.363],[72.025,54.363],[72.133,54.285],[72.097,54.257],[72.097,54.224],[72.205,54.184],[72.205,54.143],[72.169,54.127],[72.097,54.151],[72.025,54.224],[71.773,54.249],[71.737,54.228],[71.737,54.119],[71.629,54.102],[71.593,54.119],[71.521,54.111],[71.521,54.147],[71.413,54.176],[71.305,54.18],[71.305,54.159],[71.197,54.111],[71.125,54.131],[71.125,54.188],[71.053,54.204],[71.125,54.245],[71.089,54.273],[71.017,54.285],[71.017,54.35],[71.089,54.326],[71.197,54.318],[71.233,54.334],[71.233,54.412],[71.197,54.444],[71.197,54.59],[71.305,54.615],[71.305,54.66],[71.269,54.684],[71.125,54.708],[71.053,54.773],[71.053,54.839],[70.981,54.887],[71.017,54.924],[71.017,55.083],[70.945,55.119],[70.945,55.168],[70.873,55.188],[70.837,55.229],[70.837,55.298],[70.693,55.29],[70.657,55.257],[70.585,55.257],[70.513,55.27],[70.513,55.314],[70.477,55.371],[70.549,55.453],[70.621,55.453],[70.693,55.469],[70.765,55.563],[70.765,55.587],[70.693,55.583],[70.585,55.652],[70.585,55.725],[70.621,55.758],[70.729,55.782],[70.801,55.786],[70.837,55.823],[70.585,55.803],[70.549,55.827],[70.585,55.868],[70.693,55.876],[70.765,55.864],[70.837,55.904],[70.909,55.977],[70.909,56.099],[70.873,56.124],[70.873,56.169],[70.801,56.189],[70.837,56.238],[70.945,56.246],[71.017,56.262],[70.945,56.368],[70.837,56.376],[70.837,56.417],[70.909,56.437],[70.981,56.425],[71.089,56.465],[71.161,56.539],[71.053,56.653],[71.161,56.62],[71.233,56.636],[71.305,56.612],[71.377,56.616],[71.449,56.669],[71.485,56.661],[71.557,56.693],[71.557,56.722],[71.629,56.783],[71.629,56.827],[71.557,56.925],[71.413,57.015],[71.269,57.076],[71.161,57.173],[71.089,57.255],[71.053,57.324],[70.981,57.316],[70.945,57.336],[70.801,57.311],[70.801,57.202],[70.657,57.202],[70.621,57.259],[70.549,57.259],[70.477,57.287],[70.405,57.34],[70.549,57.413],[70.729,57.515],[70.621,57.612],[70.621,57.657],[70.549,57.722],[70.477,57.739],[70.513,57.791],[70.513,57.909],[70.549,58.044],[70.801,58.357],[70.873,58.462],[70.873,58.519],[70.909,58.515],[70.981,58.471],[71.089,58.462],[71.125,58.397],[71.305,58.365],[71.233,58.214],[71.269,58.137],[71.233,58.088],[71.305,58.019],[71.413,58.039],[71.521,58.044],[71.773,58.072],[71.989,58.084],[72.061,58.064],[72.169,57.991],[72.385,57.991],[72.637,57.999],[72.817,57.958],[72.997,58.003],[72.961,58.027],[73.033,58.056],[73.069,58.096],[73.141,58.129],[73.321,58.137],[73.609,58.121],[73.969,58.125],[74.149,58.113],[74.221,58.133],[74.437,58.247],[74.581,58.263],[74.725,58.365],[74.905,58.393],[74.941,58.467],[75.086,58.544],[75.158,58.572],[75.23,58.528],[75.338,58.438],[75.05,58.336],[75.05,58.284],[75.122,58.247],[75.23,58.206],[75.086,58.129],[75.086,58.088],[75.266,57.999],[75.41,57.978],[75.518,57.942],[75.59,57.787],[75.59,57.714],[75.554,57.637],[75.662,57.633],[75.806,57.503],[75.842,57.368],[75.95,57.389],[76.022,57.344],[76.094,57.226]],[[37.858,53.016],[37.822,52.984],[37.858,52.964],[37.822,52.939],[37.858,52.907],[37.858,52.797],[37.894,52.772],[37.822,52.711],[37.786,52.703],[37.786,52.646],[37.714,52.642],[37.714,52.602],[37.786,52.61],[37.894,52.541],[37.858,52.5],[37.93,52.504],[38.002,52.471],[37.93,52.447],[37.966,52.41],[38.038,52.41],[38.002,52.382],[38.074,52.345],[38.074,52.264],[38.002,52.248],[37.966,52.26],[37.894,52.244],[37.894,52.203],[37.858,52.211],[37.75,52.15],[37.786,52.13],[37.786,52.052],[37.714,52.057],[37.678,52.02],[37.678,51.987],[37.534,52.044],[37.462,52.0],[37.462,51.963],[37.39,51.955],[37.318,52.012],[37.21,52.057],[37.21,52.093],[37.138,52.109],[36.994,52.109],[36.814,52.142],[36.742,52.191],[36.634,52.191],[36.634,52.219],[36.49,52.248],[36.346,52.386],[36.274,52.394],[36.094,52.353],[36.058,52.366],[35.95,52.345],[35.914,52.321],[35.806,52.325],[35.734,52.321],[35.662,52.292],[35.59,52.301],[35.59,52.337],[35.518,52.435],[35.518,52.463],[35.446,52.48],[35.446,52.431],[35.41,52.459],[35.338,52.459],[35.338,52.402],[35.266,52.406],[35.266,52.427],[35.194,52.439],[35.158,52.394],[35.014,52.39],[34.941,52.378],[34.905,52.414],[34.833,52.406],[34.833,52.463],[34.905,52.471],[34.869,52.5],[34.941,52.504],[34.941,52.528],[35.014,52.561],[34.941,52.593],[35.014,52.63],[34.941,52.679],[35.014,52.667],[35.05,52.699],[35.014,52.744],[35.05,52.789],[34.977,52.781],[34.905,52.821],[34.869,52.793],[34.761,52.89],[34.869,52.911],[34.869,52.959],[34.977,52.947],[34.977,52.996],[35.014,52.947],[35.158,52.972],[35.158,53.025],[35.23,53.025],[35.266,53.094],[35.194,53.11],[35.086,53.151],[35.158,53.171],[35.122,53.195],[35.122,53.285],[35.23,53.309],[35.266,53.289],[35.266,53.33],[35.338,53.366],[35.374,53.362],[35.446,53.472],[35.518,53.484],[35.482,53.427],[35.554,53.439],[35.59,53.521],[35.626,53.521],[35.662,53.553],[35.698,53.521],[35.806,53.525],[35.842,53.57],[35.986,53.639],[36.022,53.635],[36.058,53.574],[36.094,53.582],[36.13,53.557],[36.274,53.529],[36.31,53.517],[36.31,53.48],[36.49,53.391],[36.67,53.411],[36.706,53.382],[36.742,53.305],[36.922,53.269],[36.994,53.297],[36.994,53.277],[37.138,53.269],[37.21,53.24],[37.282,53.256],[37.282,53.305],[37.426,53.305],[37.498,53.269],[37.57,53.277],[37.57,53.143],[37.678,53.106],[37.714,53.143],[37.786,53.114],[37.858,53.016]],[[53.375,54.058],[53.447,54.033],[53.519,53.923],[53.591,53.866],[53.627,53.814],[53.735,53.769],[53.735,53.749],[53.915,53.618],[54.023,53.513],[54.095,53.456],[54.203,53.399],[54.311,53.411],[54.491,53.354],[54.635,53.24],[54.851,53.265],[54.887,53.244],[54.959,53.13],[54.959,53.037],[55.032,52.98],[55.104,52.903],[55.104,52.866],[55.176,52.837],[55.248,52.858],[55.32,52.866],[55.356,52.768],[55.392,52.748],[55.356,52.715],[55.284,52.728],[55.248,52.675],[55.284,52.65],[55.356,52.659],[55.464,52.61],[55.464,52.524],[55.536,52.488],[55.536,52.427],[55.644,52.402],[55.752,52.37],[55.824,52.374],[55.932,52.463],[55.932,52.516],[56.04,52.565],[56.076,52.667],[56.148,52.659],[56.184,52.622],[56.292,52.573],[56.364,52.602],[56.4,52.573],[56.364,52.496],[56.436,52.455],[56.472,52.353],[56.4,52.26],[56.328,52.248],[56.256,52.183],[56.292,52.146],[56.364,52.122],[56.436,52.195],[56.472,52.195],[56.652,52.085],[56.76,51.935],[56.688,51.878],[56.688,51.829],[56.76,51.792],[56.832,51.678],[56.832,51.621],[56.796,51.585],[56.904,51.577],[56.94,51.613],[56.94,51.682],[56.904,51.723],[56.976,51.739],[57.084,51.691],[57.156,51.642],[57.228,51.568],[57.264,51.56],[57.336,51.589],[57.444,51.658],[57.444,51.715],[57.48,51.719],[57.552,51.682],[57.588,51.686],[57.66,51.731],[57.696,51.8],[57.768,51.853],[57.84,51.821],[57.912,51.829],[58.056,51.792],[58.128,51.792],[58.236,51.711],[58.272,51.707],[58.38,51.739],[58.524,51.772],[58.596,51.772],[58.668,51.825],[58.668,51.878],[58.704,51.943],[58.74,52.04],[58.776,52.077],[58.668,52.13],[58.668,52.17],[58.74,52.26],[58.776,52.292],[58.884,52.272],[58.92,52.325],[58.848,52.439],[58.884,52.463],[58.92,52.451],[59.028,52.463],[59.028,52.443],[59.1,52.374],[59.208,52.325],[59.28,52.305],[59.28,52.366],[59.244,52.39],[59.28,52.447],[59.388,52.459],[59.532,52.504],[59.532,52.467],[59.604,52.459],[59.676,52.488],[59.748,52.471],[59.784,52.451],[59.82,52.467],[59.928,52.419],[60.036,52.419],[60.072,52.439],[60.18,52.427],[60.216,52.39],[60.216,52.313],[60.252,52.272],[60.144,52.227],[60.036,52.154],[60.036,52.081],[60.0,52.052],[60.072,52.028],[60.108,51.991],[60.036,51.955],[60.036,51.926],[60.144,51.861],[60.18,51.857],[60.18,51.902],[60.324,51.849],[60.396,51.813],[60.54,51.792],[60.468,51.731],[60.396,51.707],[60.396,51.686],[60.468,51.646],[60.612,51.609],[60.792,51.613],[60.936,51.605],[60.9,51.573],[61.008,51.463],[61.188,51.459],[61.296,51.41],[61.404,51.402],[61.44,51.434],[61.512,51.422],[61.548,51.381],[61.548,51.337],[61.656,51.259],[61.584,51.247],[61.584,51.186],[61.548,51.101],[61.512,50.954],[61.476,50.926],[61.476,50.82],[61.44,50.792],[61.152,50.727],[61.008,50.682],[60.828,50.657],[60.684,50.666],[60.576,50.661],[60.36,50.674],[60.324,50.682],[60.252,50.751],[60.18,50.792],[60.18,50.845],[60.072,50.861],[60.0,50.828],[59.964,50.775],[59.964,50.731],[59.928,50.706],[59.928,50.67],[59.82,50.572],[59.604,50.535],[59.532,50.515],[59.532,50.629],[59.46,50.657],[59.388,50.649],[59.316,50.657],[59.244,50.653],[59.244,50.67],[59.1,50.682],[59.028,50.702],[58.956,50.694],[58.884,50.702],[58.848,50.751],[58.776,50.771],[58.776,50.836],[58.668,50.812],[58.596,50.816],[58.56,50.877],[58.56,50.95],[58.596,50.979],[58.596,51.04],[58.56,51.072],[58.452,51.08],[58.38,51.072],[58.344,51.089],[58.344,51.154],[58.272,51.158],[58.2,51.125],[58.236,51.105],[58.164,51.064],[58.092,51.076],[58.092,51.125],[57.984,51.08],[57.948,51.105],[57.84,51.113],[57.84,51.133],[57.768,51.133],[57.768,51.101],[57.732,51.08],[57.732,50.918],[57.66,50.918],[57.66,50.942],[57.516,50.926],[57.516,50.877],[57.444,50.889],[57.408,50.914],[57.336,50.926],[57.336,50.967],[57.3,50.979],[57.3,51.015],[57.264,51.019],[57.192,51.068],[57.192,51.097],[57.012,51.052],[56.94,51.072],[56.904,51.052],[56.796,51.08],[56.724,51.076],[56.724,51.023],[56.76,51.015],[56.76,50.979],[56.724,50.975],[56.616,50.991],[56.544,51.044],[56.544,51.064],[56.472,51.064],[56.472,50.967],[56.4,50.975],[56.4,50.926],[56.364,50.91],[56.292,50.91],[56.184,50.934],[56.148,50.857],[56.148,50.759],[56.004,50.714],[55.968,50.674],[55.716,50.6],[55.716,50.572],[55.68,50.572],[55.572,50.621],[55.5,50.641],[55.5,50.666],[55.392,50.67],[55.356,50.657],[55.212,50.739],[55.212,50.755],[55.068,50.816],[55.104,50.857],[55.104,50.914],[54.995,50.914],[55.032,50.897],[54.959,50.869],[54.887,50.861],[54.887,50.84],[54.815,50.877],[54.707,50.893],[54.671,50.853],[54.671,50.723],[54.707,50.653],[54.743,50.629],[54.635,50.576],[54.599,50.535],[54.563,50.548],[54.491,50.535],[54.491,50.568],[54.419,50.621],[54.419,50.653],[54.455,50.67],[54.455,50.788],[54.527,50.828],[54.527,50.849],[54.455,50.869],[54.311,50.877],[54.275,50.893],[54.167,50.991],[54.167,51.028],[54.203,51.04],[54.131,51.052],[54.167,51.076],[54.131,51.121],[54.059,51.125],[53.951,51.19],[53.879,51.198],[53.843,51.19],[53.807,51.207],[53.735,51.198],[53.735,51.215],[53.663,51.227],[53.663,51.272],[53.627,51.28],[53.627,51.39],[53.591,51.394],[53.591,51.43],[53.519,51.43],[53.447,51.459],[53.447,51.475],[53.375,51.507],[53.303,51.503],[53.159,51.52],[53.159,51.487],[52.979,51.479],[52.943,51.499],[52.871,51.471],[52.907,51.503],[52.799,51.499],[52.763,51.524],[52.763,51.483],[52.583,51.471],[52.547,51.459],[52.547,51.495],[52.511,51.503],[52.511,51.556],[52.403,51.642],[52.367,51.658],[52.367,51.76],[52.295,51.76],[52.295,51.723],[52.187,51.723],[52.151,51.662],[52.007,51.654],[52.007,51.662],[51.863,51.682],[51.791,51.642],[51.755,51.577],[51.791,51.52],[51.647,51.463],[51.611,51.467],[51.647,51.507],[51.611,51.532],[51.575,51.528],[51.539,51.56],[51.539,51.52],[51.431,51.479],[51.287,51.495],[51.251,51.528],[51.251,51.564],[51.359,51.564],[51.359,51.654],[51.287,51.658],[51.251,51.691],[51.179,51.666],[51.035,51.666],[50.891,51.682],[50.891,51.711],[50.819,51.743],[50.855,51.792],[50.927,51.821],[51.071,51.898],[51.179,51.943],[51.323,52.016],[51.467,52.126],[51.431,52.179],[51.431,52.26],[51.395,52.317],[51.503,52.402],[51.503,52.419],[51.575,52.443],[51.575,52.484],[51.467,52.536],[51.467,52.565],[51.539,52.618],[51.539,52.654],[51.611,52.679],[51.683,52.675],[51.755,52.752],[51.755,52.801],[51.719,52.829],[51.791,52.894],[51.863,52.911],[51.863,52.927],[51.935,52.984],[52.007,53.004],[52.079,53.012],[52.115,53.037],[52.115,53.094],[52.151,53.134],[52.079,53.187],[52.151,53.256],[52.187,53.313],[52.151,53.354],[52.223,53.382],[52.259,53.374],[52.295,53.411],[52.151,53.423],[52.115,53.468],[52.115,53.566],[52.223,53.61],[52.223,53.72],[52.295,53.81],[52.403,53.875],[52.403,53.944],[52.439,54.009],[52.439,54.078],[52.367,54.131],[52.331,54.135],[52.331,54.184],[52.403,54.22],[52.367,54.241],[52.403,54.265],[52.403,54.33],[52.511,54.363],[52.547,54.387],[52.619,54.35],[52.727,54.363],[52.871,54.342],[52.907,54.302],[52.979,54.294],[53.051,54.31],[53.087,54.33],[53.159,54.277],[53.123,54.257],[52.979,54.228],[52.943,54.188],[53.051,54.147],[53.087,54.119],[53.051,54.086],[53.231,54.131],[53.339,54.058],[53.375,54.058]],[[45.851,53.976],[45.887,53.964],[45.959,53.989],[46.031,53.993],[46.103,53.96],[46.175,53.948],[46.211,53.899],[46.211,53.85],[46.247,53.801],[46.319,53.769],[46.355,53.72],[46.463,53.659],[46.499,53.627],[46.499,53.496],[46.535,53.468],[46.607,53.468],[46.715,53.484],[46.751,53.448],[46.823,53.431],[46.823,53.403],[46.895,53.391],[46.967,53.285],[46.895,53.232],[46.967,53.126],[46.931,53.098],[46.931,52.882],[47.003,52.809],[46.967,52.768],[46.823,52.699],[46.787,52.642],[46.679,52.663],[46.679,52.707],[46.643,52.728],[46.571,52.724],[46.535,52.695],[46.463,52.703],[46.391,52.695],[46.319,52.634],[46.319,52.614],[46.211,52.618],[46.139,52.589],[46.139,52.553],[46.067,52.549],[45.995,52.524],[46.031,52.459],[46.067,52.439],[46.031,52.402],[45.959,52.398],[45.851,52.459],[45.779,52.471],[45.743,52.516],[45.671,52.52],[45.527,52.41],[45.455,52.41],[45.383,52.431],[45.311,52.402],[45.239,52.402],[45.203,52.419],[45.131,52.402],[45.131,52.37],[45.059,52.333],[44.986,52.382],[44.95,52.419],[44.842,52.48],[44.734,52.463],[44.626,52.512],[44.59,52.508],[44.59,52.459],[44.554,52.402],[44.482,52.394],[44.41,52.353],[44.41,52.321],[44.374,52.301],[44.302,52.292],[44.158,52.358],[44.014,52.366],[43.906,52.39],[43.87,52.419],[43.798,52.447],[43.69,52.41],[43.546,52.398],[43.474,52.358],[43.402,52.37],[43.33,52.402],[43.294,52.451],[43.222,52.451],[43.15,52.394],[43.114,52.394],[43.114,52.455],[43.15,52.463],[43.114,52.496],[43.15,52.532],[43.258,52.577],[43.294,52.61],[43.294,52.671],[43.222,52.715],[43.114,52.817],[42.97,52.903],[42.97,52.919],[42.898,52.931],[42.862,52.964],[42.79,52.984],[42.718,53.041],[42.718,53.061],[42.61,53.086],[42.574,53.114],[42.61,53.183],[42.538,53.212],[42.502,53.269],[42.43,53.317],[42.286,53.326],[42.286,53.37],[42.322,53.387],[42.322,53.435],[42.178,53.472],[42.106,53.509],[42.106,53.578],[42.142,53.594],[42.142,53.667],[42.106,53.692],[42.142,53.724],[42.142,53.761],[42.106,53.781],[42.286,53.785],[42.286,53.81],[42.358,53.801],[42.358,53.781],[42.538,53.712],[42.502,53.749],[42.502,53.785],[42.574,53.822],[42.61,53.81],[42.574,53.781],[42.61,53.761],[42.754,53.81],[42.862,53.789],[43.042,53.801],[43.078,53.826],[43.114,53.797],[43.15,53.818],[43.222,53.81],[43.258,53.858],[43.186,53.907],[43.186,53.932],[43.258,53.993],[43.438,53.98],[43.474,53.96],[43.582,53.989],[43.654,53.984],[43.654,53.948],[43.762,53.936],[43.978,53.875],[43.978,53.781],[44.05,53.736],[44.05,53.724],[44.194,53.692],[44.338,53.679],[44.446,53.683],[44.554,53.7],[44.59,53.659],[44.77,53.7],[44.77,53.732],[44.626,53.83],[44.662,53.887],[44.77,53.903],[44.878,53.956],[44.95,53.964],[44.986,53.948],[45.059,53.956],[45.095,53.936],[45.203,53.964],[45.275,53.964],[45.275,53.895],[45.347,53.875],[45.419,53.903],[45.563,53.923],[45.671,53.915],[45.779,53.923],[45.851,53.976]],[[130.819,42.645],[130.891,42.645],[130.891,42.612],[130.927,42.6205],[130.927,42.592],[130.855,42.592],[130.855,42.625],[130.819,42.645]],[[130.963,42.645],[130.963,42.629],[130.927,42.6205],[130.927,42.625],[130.963,42.645]],[[132.331,42.726],[132.331,42.783],[132.367,42.779],[132.367,42.726],[132.331,42.726]],[[132.403,42.836],[132.403,42.905],[132.439,42.905],[132.439,42.836],[132.403,42.836]],[[131.755,42.946],[131.719,42.946],[131.719,42.991],[131.755,42.983],[131.755,42.978],[131.755,42.946]],[[131.935,43.003],[131.935,42.978],[131.899,42.958],[131.827,42.95],[131.827,42.974],[131.755,42.978],[131.791,42.995],[131.791,43.056],[131.863,43.044],[131.827,43.064],[131.899,43.056],[131.899,43.003],[131.935,43.003]],[[138.848,47.265],[138.812,47.261],[138.812,47.229],[138.776,47.225],[138.776,47.192],[138.74,47.188],[138.74,47.156],[138.704,47.156],[138.704,47.123],[138.632,47.107],[138.596,47.078],[138.596,47.05],[138.56,47.046],[138.56,46.997],[138.524,46.997],[138.524,46.936],[138.488,46.936],[138.488,46.846],[138.452,46.846],[138.452,46.814],[138.416,46.814],[138.416,46.769],[138.38,46.769],[138.38,46.7],[138.344,46.7],[138.344,46.525],[138.2,46.452],[138.164,46.452],[138.164,46.391],[138.128,46.391],[138.128,46.31],[138.092,46.305],[138.092,46.208],[138.056,46.208],[138.056,46.171],[137.984,46.143],[137.984,46.118],[137.948,46.114],[137.948,46.078],[137.912,46.078],[137.912,46.045],[137.876,46.045],[137.876,46.013],[137.84,46.013],[137.84,45.988],[137.804,45.988],[137.804,45.956],[137.768,45.956],[137.768,45.911],[137.732,45.903],[137.732,45.858],[137.696,45.858],[137.696,45.801],[137.66,45.801],[137.66,45.777],[137.552,45.712],[137.516,45.712],[137.516,45.683],[137.408,45.651],[137.372,45.602],[137.336,45.602],[137.336,45.553],[137.3,45.553],[137.3,45.516],[137.264,45.516],[137.264,45.472],[137.192,45.459],[137.192,45.419],[137.156,45.419],[137.156,45.374],[137.084,45.37],[137.012,45.309],[136.976,45.309],[136.976,45.272],[136.94,45.252],[136.832,45.228],[136.796,45.199],[136.796,45.142],[136.76,45.142],[136.76,45.073],[136.688,45.061],[136.688,45.036],[136.616,45.024],[136.616,44.988],[136.58,44.988],[136.58,44.951],[136.544,44.951],[136.544,44.906],[136.508,44.906],[136.508,44.853],[136.436,44.833],[136.436,44.776],[136.4,44.776],[136.4,44.801],[136.364,44.801],[136.364,44.76],[136.292,44.744],[136.328,44.736],[136.328,44.711],[136.256,44.699],[136.256,44.662],[136.22,44.662],[136.22,44.577],[136.184,44.577],[136.184,44.516],[136.148,44.516],[136.148,44.487],[136.076,44.459],[136.004,44.455],[136.004,44.435],[135.932,44.41],[135.86,44.406],[135.86,44.369],[135.824,44.369],[135.824,44.284],[135.788,44.284],[135.788,44.256],[135.716,44.247],[135.716,44.207],[135.68,44.207],[135.68,44.182],[135.644,44.182],[135.644,44.036],[135.536,44.007],[135.536,43.971],[135.464,43.946],[135.464,43.869],[135.5,43.869],[135.5,43.833],[135.464,43.833],[135.464,43.792],[135.428,43.792],[135.428,43.759],[135.392,43.759],[135.392,43.727],[135.32,43.715],[135.32,43.694],[135.248,43.69],[135.248,43.723],[135.212,43.723],[135.212,43.617],[135.176,43.617],[135.176,43.544],[135.14,43.544],[135.14,43.503],[135.068,43.499],[135.032,43.462],[134.959,43.467],[134.959,43.43],[134.815,43.349],[134.779,43.349],[134.779,43.308],[134.671,43.304],[134.671,43.263],[134.635,43.243],[134.563,43.243],[134.527,43.198],[134.455,43.157],[134.383,43.141],[134.383,43.121],[134.239,43.076],[134.167,43.068],[134.167,43.031],[134.131,43.031],[134.131,42.987],[134.023,42.966],[134.023,42.934],[133.951,42.913],[133.951,42.873],[133.879,42.865],[133.915,42.897],[133.807,42.893],[133.807,42.861],[133.735,42.848],[133.735,42.804],[133.699,42.804],[133.699,42.852],[133.591,42.852],[133.591,42.836],[133.519,42.832],[133.519,42.804],[133.447,42.791],[133.411,42.767],[133.231,42.747],[133.159,42.682],[133.051,42.69],[133.015,42.673],[133.015,42.738],[133.051,42.747],[133.051,42.779],[132.979,42.799],[132.979,42.832],[132.907,42.84],[132.907,42.763],[132.871,42.763],[132.871,42.73],[132.799,42.759],[132.799,42.816],[132.763,42.816],[132.763,42.881],[132.799,42.901],[132.727,42.909],[132.727,42.869],[132.691,42.852],[132.583,42.856],[132.511,42.852],[132.511,42.913],[132.403,42.93],[132.367,42.901],[132.367,42.84],[132.331,42.84],[132.331,42.865],[132.295,42.865],[132.295,43.068],[132.331,43.068],[132.331,43.174],[132.403,43.182],[132.403,43.202],[132.295,43.227],[132.331,43.243],[132.331,43.316],[132.295,43.316],[132.295,43.271],[132.259,43.271],[132.259,43.243],[132.223,43.214],[132.151,43.206],[132.079,43.149],[132.043,43.149],[132.043,43.117],[131.971,43.072],[131.863,43.08],[131.863,43.125],[131.899,43.125],[131.899,43.19],[131.935,43.214],[132.007,43.235],[132.007,43.263],[132.043,43.263],[132.043,43.308],[132.079,43.324],[132.007,43.328],[132.007,43.296],[131.971,43.312],[131.863,43.32],[131.827,43.304],[131.827,43.328],[131.755,43.34],[131.755,43.214],[131.719,43.202],[131.791,43.178],[131.719,43.161],[131.719,43.19],[131.683,43.19],[131.683,43.129],[131.647,43.129],[131.647,43.096],[131.611,43.096],[131.611,43.056],[131.575,43.056],[131.575,42.991],[131.503,43.011],[131.503,42.938],[131.467,42.922],[131.431,42.938],[131.359,42.942],[131.395,42.926],[131.395,42.869],[131.467,42.877],[131.431,42.844],[131.359,42.836],[131.359,42.787],[131.287,42.791],[131.251,42.779],[131.251,42.673],[131.215,42.673],[131.215,42.551],[131.179,42.551],[131.179,42.596],[131.143,42.596],[131.143,42.653],[130.963,42.645],[130.963,42.653],[130.855,42.661],[130.819,42.649],[130.783,42.661],[130.855,42.673],[130.855,42.698],[130.747,42.702],[130.675,42.682],[130.675,42.653],[130.639,42.641],[130.711,42.641],[130.747,42.6],[130.783,42.6],[130.783,42.572],[130.855,42.564],[130.855,42.466],[130.783,42.47],[130.783,42.409],[130.747,42.409],[130.747,42.328],[130.711,42.328],[130.711,42.283],[130.675,42.283],[130.675,42.315],[130.639,42.324],[130.639,42.356],[130.675,42.368],[130.639,42.385],[130.639,42.417],[130.603,42.425],[130.603,42.478],[130.567,42.49],[130.567,42.551],[130.603,42.547],[130.639,42.58],[130.639,42.625],[130.603,42.629],[130.603,42.657],[130.531,42.694],[130.459,42.673],[130.459,42.698],[130.387,42.714],[130.423,42.743],[130.495,42.771],[130.531,42.804],[130.603,42.808],[130.675,42.84],[130.783,42.828],[130.783,42.861],[130.855,42.852],[130.927,42.861],[130.963,42.852],[131.035,42.852],[130.999,42.917],[131.107,42.913],[131.143,42.926],[131.143,42.962],[131.107,42.966],[131.107,43.064],[131.143,43.068],[131.215,43.133],[131.215,43.182],[131.179,43.198],[131.251,43.251],[131.251,43.365],[131.323,43.389],[131.287,43.41],[131.287,43.475],[131.179,43.523],[131.215,43.56],[131.215,43.873],[131.251,43.877],[131.251,44.016],[131.287,44.04],[131.287,44.138],[131.215,44.276],[131.215,44.337],[131.179,44.406],[131.179,44.467],[131.143,44.528],[131.107,44.691],[131.071,44.711],[131.071,44.744],[130.999,44.788],[130.999,44.813],[130.963,44.813],[130.963,44.858],[131.071,44.87],[131.107,44.898],[131.071,44.919],[131.143,44.923],[131.215,44.914],[131.287,44.923],[131.323,44.971],[131.395,44.984],[131.431,44.963],[131.503,44.967],[131.467,44.988],[131.539,45.004],[131.683,45.114],[131.683,45.142],[131.647,45.142],[131.683,45.211],[131.791,45.207],[131.791,45.272],[131.827,45.285],[131.827,45.313],[131.863,45.329],[131.935,45.313],[131.935,45.276],[132.043,45.236],[132.115,45.13],[132.151,45.065],[132.187,44.951],[132.151,44.894],[132.115,44.768],[132.115,44.736],[132.295,44.63],[132.331,44.609],[132.547,44.561],[132.583,44.585],[132.691,44.691],[132.727,44.736],[132.727,44.792],[132.799,44.951],[132.835,45.053],[132.871,45.036],[132.979,45.024],[133.051,45.061],[133.051,45.093],[133.087,45.093],[133.087,45.122],[133.123,45.122],[133.123,45.211],[133.087,45.228],[133.087,45.289],[133.123,45.293],[133.123,45.419],[133.159,45.423],[133.159,45.464],[133.195,45.468],[133.195,45.5],[133.339,45.516],[133.339,45.545],[133.411,45.565],[133.411,45.614],[133.483,45.655],[133.483,45.687],[133.447,45.699],[133.447,45.752],[133.483,45.777],[133.447,45.793],[133.447,45.83],[133.483,45.834],[133.483,45.858],[133.519,45.862],[133.519,45.895],[133.555,45.862],[133.591,45.862],[133.591,45.895],[133.627,45.903],[133.591,45.931],[133.663,45.935],[133.663,45.988],[133.735,46.037],[133.735,46.074],[133.699,46.098],[133.699,46.159],[133.771,46.175],[133.807,46.22],[133.879,46.22],[133.843,46.24],[133.915,46.257],[133.915,46.31],[133.879,46.322],[133.879,46.358],[133.951,46.379],[133.915,46.419],[133.843,46.456],[133.843,46.493],[133.879,46.497],[133.879,46.521],[133.915,46.533],[133.915,46.59],[134.023,46.659],[134.347,46.708],[134.419,46.712],[134.491,46.761],[134.527,46.806],[134.491,46.85],[134.491,46.916],[134.455,46.964],[134.455,47.017],[134.527,47.005],[134.563,46.972],[134.599,46.972],[134.599,47.042],[134.671,47.066],[134.671,47.111],[134.707,47.139],[134.815,47.139],[134.887,47.176],[134.995,47.143],[135.032,47.164],[135.104,47.229],[135.176,47.212],[135.248,47.184],[135.32,47.192],[135.356,47.18],[135.356,47.099],[135.464,47.054],[135.392,46.977],[135.392,46.936],[135.428,46.924],[135.5,46.936],[135.572,46.993],[135.608,46.977],[135.716,46.981],[135.788,46.968],[135.788,46.936],[135.752,46.924],[135.824,46.891],[135.86,46.846],[135.968,46.806],[136.004,46.81],[136.04,46.887],[136.112,46.887],[136.148,46.834],[136.328,46.785],[136.4,46.794],[136.4,46.81],[136.472,46.83],[136.616,46.81],[136.724,46.867],[136.724,46.895],[136.796,46.92],[136.904,46.977],[136.976,47.001],[136.976,47.05],[136.94,47.103],[136.976,47.151],[136.976,47.192],[137.048,47.306],[137.084,47.322],[137.192,47.286],[137.264,47.269],[137.336,47.225],[137.408,47.208],[137.48,47.253],[137.552,47.269],[137.624,47.339],[137.696,47.367],[137.804,47.339],[137.912,47.379],[137.912,47.444],[138.02,47.452],[138.02,47.477],[138.092,47.505],[138.092,47.57],[138.056,47.603],[137.984,47.627],[138.056,47.668],[138.056,47.701],[137.984,47.692],[137.984,47.717],[137.912,47.729],[137.84,47.713],[137.768,47.713],[137.624,47.79],[137.516,47.802],[137.444,47.802],[137.444,47.855],[137.588,47.875],[137.588,47.92],[137.48,47.981],[137.408,47.993],[137.408,48.042],[137.336,48.054],[137.336,48.107],[137.408,48.172],[137.48,48.197],[137.516,48.189],[137.552,48.217],[137.624,48.229],[137.696,48.225],[137.732,48.193],[137.804,48.225],[137.876,48.225],[137.912,48.246],[137.912,48.282],[137.984,48.311],[138.056,48.307],[138.128,48.327],[138.2,48.335],[138.164,48.363],[138.2,48.412],[138.272,48.453],[138.344,48.453],[138.452,48.416],[138.488,48.38],[138.488,48.343],[138.452,48.311],[138.56,48.25],[138.56,48.197],[138.596,48.18],[138.668,48.172],[138.704,48.185],[138.704,48.128],[138.632,48.115],[138.596,48.067],[138.596,48.014],[138.668,48.002],[138.74,47.92],[138.74,47.875],[138.776,47.871],[138.776,47.802],[138.74,47.782],[138.668,47.77],[138.596,47.733],[138.524,47.672],[138.596,47.615],[138.596,47.542],[138.524,47.493],[138.596,47.485],[138.704,47.457],[138.74,47.457],[138.812,47.485],[138.848,47.485],[138.992,47.42],[139.064,47.404],[139.028,47.4],[139.028,47.375],[138.992,47.375],[138.992,47.314],[138.92,47.318],[138.848,47.265]],[[29.937,58.442],[29.937,58.284],[29.721,58.223],[29.685,58.186],[29.721,58.121],[29.685,58.068],[29.865,58.039],[30.009,57.97],[30.009,57.917],[30.117,57.917],[30.261,57.873],[30.369,57.873],[30.477,57.865],[30.585,57.865],[30.549,57.783],[30.477,57.743],[30.585,57.722],[30.513,57.625],[30.621,57.584],[30.729,57.584],[30.657,57.527],[30.513,57.454],[30.549,57.438],[30.477,57.36],[30.513,57.32],[30.765,57.234],[30.837,57.222],[30.873,57.185],[30.765,57.145],[30.765,57.067],[30.693,57.01],[30.729,56.949],[30.837,56.917],[30.981,56.949],[31.017,56.937],[30.981,56.929],[30.909,56.795],[30.873,56.795],[30.801,56.75],[30.909,56.746],[30.837,56.714],[30.909,56.661],[30.945,56.661],[31.089,56.616],[31.053,56.559],[31.053,56.461],[31.233,56.437],[31.269,56.384],[31.233,56.356],[31.341,56.319],[31.521,56.319],[31.557,56.287],[31.485,56.278],[31.485,56.234],[31.557,56.197],[31.485,56.16],[31.485,56.108],[31.557,56.055],[31.521,56.018],[31.413,55.977],[31.377,55.933],[31.413,55.916],[31.377,55.868],[31.449,55.786],[31.449,55.746],[31.341,55.737],[31.233,55.717],[31.125,55.741],[31.053,55.729],[30.981,55.701],[31.017,55.68],[30.945,55.656],[30.909,55.628],[30.837,55.599],[30.765,55.599],[30.765,55.648],[30.657,55.656],[30.657,55.713],[30.621,55.737],[30.549,55.737],[30.513,55.762],[30.513,55.794],[30.405,55.803],[30.405,55.827],[30.333,55.827],[30.297,55.855],[30.153,55.872],[30.189,55.859],[30.153,55.831],[30.045,55.855],[29.973,55.884],[29.937,55.868],[29.865,55.872],[29.865,55.831],[29.829,55.786],[29.757,55.774],[29.721,55.786],[29.577,55.766],[29.577,55.729],[29.469,55.705],[29.433,55.741],[29.361,55.758],[29.397,55.774],[29.397,55.864],[29.433,55.872],[29.397,55.908],[29.469,55.916],[29.469,55.933],[29.397,55.945],[29.433,55.973],[29.325,55.981],[29.325,55.99],[29.181,55.994],[29.181,56.03],[29.037,56.034],[28.929,55.994],[28.821,55.973],[28.713,55.965],[28.713,56.03],[28.641,56.067],[28.677,56.091],[28.605,56.099],[28.461,56.091],[28.389,56.095],[28.389,56.063],[28.317,56.059],[28.281,56.112],[28.173,56.144],[28.173,56.209],[28.209,56.209],[28.209,56.352],[28.173,56.352],[28.173,56.465],[28.137,56.465],[28.137,56.579],[28.029,56.587],[28.029,56.661],[27.993,56.669],[27.993,56.71],[27.921,56.722],[27.921,56.771],[27.957,56.771],[27.957,56.803],[27.993,56.815],[27.885,56.832],[27.885,56.86],[27.813,56.876],[27.705,56.856],[27.669,56.84],[27.669,56.921],[27.741,56.929],[27.741,57.12],[27.813,57.145],[27.849,57.177],[27.849,57.316],[27.777,57.324],[27.669,57.377],[27.633,57.405],[27.525,57.433],[27.525,57.47],[27.561,57.47],[27.561,57.539],[27.381,57.527],[27.309,57.547],[27.309,57.568],[27.381,57.588],[27.381,57.682],[27.417,57.702],[27.525,57.706],[27.525,57.775],[27.489,57.779],[27.561,57.832],[27.705,57.84],[27.813,57.836],[27.813,57.917],[27.705,57.93],[27.705,57.999],[27.633,57.999],[27.597,58.023],[27.633,58.08],[27.525,58.153],[27.525,58.198],[27.489,58.202],[27.489,58.243],[27.525,58.263],[27.489,58.3],[27.489,58.349],[27.453,58.349],[27.453,58.519],[27.489,58.65],[27.489,58.743],[27.525,58.763],[27.525,58.824],[27.561,58.857],[27.561,58.894],[27.741,58.995],[27.705,58.955],[27.777,58.934],[27.849,58.979],[27.921,58.999],[28.065,58.991],[28.173,58.955],[28.281,58.849],[28.425,58.845],[28.641,58.812],[28.893,58.776],[29.001,58.784],[29.037,58.751],[29.217,58.67],[29.289,58.617],[29.289,58.556],[29.325,58.54],[29.541,58.519],[29.613,58.442],[29.721,58.41],[29.829,58.406],[29.937,58.442]],[[43.726,47.465],[43.834,47.359],[43.798,47.322],[43.906,47.278],[43.978,47.298],[43.978,47.359],[44.05,47.408],[44.158,47.436],[44.158,47.522],[44.266,47.542],[44.302,47.526],[44.266,47.485],[44.338,47.481],[44.374,47.444],[44.374,47.172],[44.302,47.062],[44.302,47.029],[44.266,46.985],[44.302,46.96],[44.302,46.911],[44.266,46.895],[44.23,46.85],[44.122,46.826],[44.014,46.753],[43.942,46.692],[43.942,46.655],[43.834,46.578],[43.942,46.529],[43.906,46.497],[43.906,46.44],[43.978,46.375],[43.978,46.322],[43.87,46.277],[43.87,46.354],[43.798,46.391],[43.762,46.354],[43.762,46.322],[43.726,46.297],[43.726,46.232],[43.654,46.151],[43.51,46.139],[43.33,46.179],[43.258,46.228],[43.114,46.338],[43.042,46.362],[43.006,46.391],[42.934,46.395],[42.826,46.379],[42.754,46.338],[42.646,46.362],[42.574,46.391],[42.466,46.468],[42.25,46.533],[42.106,46.574],[42.07,46.529],[42.106,46.476],[42.178,46.436],[42.25,46.362],[42.178,46.326],[42.07,46.35],[41.962,46.314],[41.962,46.269],[41.998,46.249],[41.998,46.22],[41.89,46.167],[41.818,46.179],[41.782,46.208],[41.746,46.208],[41.674,46.151],[41.674,46.122],[41.746,46.074],[41.746,46.049],[41.71,46.004],[41.458,46.013],[41.386,45.952],[41.35,45.952],[41.17,45.984],[41.098,46.11],[40.99,46.143],[40.954,46.188],[40.954,46.22],[40.99,46.253],[40.954,46.293],[40.81,46.244],[40.702,46.261],[40.702,46.293],[40.594,46.305],[40.486,46.277],[40.378,46.297],[40.27,46.297],[40.27,46.326],[40.198,46.379],[40.234,46.415],[40.234,46.456],[40.162,46.488],[40.162,46.521],[40.126,46.537],[40.018,46.558],[39.946,46.586],[39.946,46.611],[39.982,46.647],[39.982,46.684],[40.018,46.72],[40.018,46.753],[39.982,46.777],[39.874,46.814],[39.73,46.83],[39.442,46.838],[39.442,46.863],[39.37,46.875],[39.298,46.834],[39.226,46.818],[39.19,46.798],[39.19,46.733],[39.082,46.684],[39.082,46.667],[39.01,46.663],[38.866,46.68],[38.83,46.639],[38.794,46.627],[38.794,46.696],[38.866,46.745],[38.866,46.798],[38.902,46.834],[38.794,46.85],[38.758,46.834],[38.686,46.83],[38.65,46.867],[38.722,46.867],[38.794,46.887],[38.794,46.903],[38.866,46.911],[38.866,46.952],[38.938,46.952],[39.01,46.985],[39.046,47.021],[39.226,47.029],[39.298,47.021],[39.298,47.058],[39.262,47.058],[39.262,47.123],[39.226,47.123],[39.226,47.273],[39.19,47.286],[39.046,47.278],[38.938,47.265],[38.938,47.2],[38.866,47.192],[38.866,47.18],[38.65,47.135],[38.578,47.139],[38.506,47.123],[38.506,47.188],[38.542,47.2],[38.542,47.241],[38.65,47.241],[38.65,47.257],[38.722,47.265],[38.794,47.257],[38.794,47.302],[38.758,47.294],[38.614,47.29],[38.578,47.278],[38.398,47.196],[38.254,47.176],[38.254,47.237],[38.326,47.249],[38.326,47.302],[38.218,47.302],[38.218,47.334],[38.254,47.339],[38.254,47.375],[38.29,47.375],[38.29,47.408],[38.326,47.42],[38.326,47.457],[38.29,47.465],[38.29,47.538],[38.362,47.574],[38.362,47.607],[38.47,47.603],[38.47,47.635],[38.614,47.64],[38.65,47.656],[38.65,47.696],[38.758,47.676],[38.758,47.717],[38.794,47.721],[38.794,47.806],[38.83,47.81],[38.83,47.855],[39.01,47.863],[39.118,47.847],[39.226,47.851],[39.226,47.863],[39.37,47.859],[39.406,47.843],[39.442,47.859],[39.55,47.827],[39.622,47.835],[39.73,47.831],[39.766,47.818],[39.766,47.867],[39.802,47.867],[39.802,47.941],[39.838,47.957],[39.838,48.006],[39.802,48.006],[39.802,48.038],[39.874,48.042],[39.874,48.119],[39.91,48.128],[39.91,48.172],[39.946,48.176],[39.946,48.229],[40.018,48.225],[40.018,48.278],[39.982,48.307],[39.91,48.298],[39.838,48.327],[39.946,48.359],[39.946,48.388],[39.91,48.384],[39.91,48.449],[39.838,48.469],[39.838,48.502],[39.874,48.502],[39.874,48.551],[39.802,48.587],[39.694,48.587],[39.658,48.603],[39.658,48.636],[39.694,48.64],[39.694,48.685],[39.73,48.685],[39.73,48.778],[39.766,48.778],[39.766,48.811],[39.802,48.843],[39.982,48.799],[40.09,48.856],[40.09,48.913],[40.018,48.909],[39.982,48.872],[39.91,48.909],[39.802,48.909],[39.766,48.925],[39.766,48.986],[39.658,48.994],[39.694,49.026],[39.658,49.047],[39.694,49.055],[39.766,49.043],[39.802,49.067],[39.946,49.059],[39.946,49.12],[40.018,49.161],[40.018,49.181],[40.09,49.189],[40.126,49.238],[40.198,49.242],[40.198,49.327],[40.162,49.352],[40.162,49.454],[40.198,49.47],[40.198,49.502],[40.234,49.506],[40.198,49.563],[40.27,49.612],[40.414,49.604],[40.522,49.584],[40.594,49.58],[40.702,49.632],[40.846,49.649],[40.882,49.669],[40.954,49.669],[41.026,49.702],[41.026,49.763],[41.062,49.783],[41.134,49.872],[41.134,49.905],[41.206,49.97],[41.314,49.99],[41.386,50.035],[41.386,50.06],[41.422,50.088],[41.422,50.182],[41.458,50.186],[41.53,50.161],[41.53,50.072],[41.71,50.027],[41.674,49.994],[41.674,49.933],[41.818,49.889],[41.926,49.901],[41.962,49.881],[41.962,49.856],[41.998,49.852],[42.106,49.791],[42.142,49.767],[42.214,49.734],[42.214,49.657],[42.178,49.632],[42.178,49.596],[42.142,49.563],[42.142,49.527],[42.106,49.502],[42.106,49.449],[42.07,49.397],[42.106,49.368],[42.106,49.327],[42.142,49.295],[42.106,49.25],[42.106,49.153],[42.142,49.148],[42.286,49.177],[42.394,49.161],[42.466,49.12],[42.43,49.071],[42.43,49.035],[42.466,49.018],[42.574,49.035],[42.682,48.998],[42.754,48.941],[42.754,48.896],[42.79,48.884],[42.79,48.791],[42.718,48.738],[42.682,48.701],[42.682,48.669],[42.718,48.624],[42.61,48.563],[42.43,48.522],[42.286,48.514],[42.07,48.416],[42.07,48.388],[42.142,48.278],[42.034,48.262],[42.034,48.229],[42.07,48.197],[42.07,48.148],[41.998,48.111],[42.034,48.071],[42.034,48.03],[42.178,48.014],[42.394,48.018],[42.466,47.997],[42.574,47.949],[42.61,47.908],[42.682,47.879],[42.754,47.843],[42.754,47.757],[42.79,47.729],[42.862,47.631],[42.97,47.526],[43.006,47.481],[43.114,47.509],[43.114,47.534],[43.15,47.538],[43.258,47.513],[43.222,47.497],[43.222,47.428],[43.33,47.395],[43.51,47.424],[43.582,47.457],[43.726,47.465]],[[41.818,55.115],[41.782,55.074],[41.854,55.026],[42.034,55.074],[41.998,55.042],[42.034,55.026],[41.962,54.985],[42.214,54.94],[42.358,54.989],[42.394,54.977],[42.466,54.997],[42.502,54.973],[42.466,54.936],[42.466,54.896],[42.43,54.863],[42.466,54.834],[42.466,54.806],[42.394,54.81],[42.358,54.782],[42.394,54.757],[42.394,54.721],[42.502,54.66],[42.538,54.68],[42.61,54.643],[42.646,54.66],[42.682,54.643],[42.646,54.582],[42.718,54.566],[42.646,54.521],[42.682,54.489],[42.646,54.46],[42.574,54.485],[42.538,54.412],[42.646,54.383],[42.646,54.334],[42.574,54.346],[42.538,54.33],[42.466,54.257],[42.394,54.257],[42.358,54.228],[42.286,54.204],[42.214,54.233],[42.25,54.147],[42.286,54.139],[42.394,54.172],[42.394,54.196],[42.466,54.228],[42.538,54.18],[42.61,54.192],[42.718,54.163],[42.718,54.115],[42.61,54.127],[42.538,54.106],[42.574,54.066],[42.502,54.054],[42.466,54.086],[42.394,54.054],[42.358,54.062],[42.358,54.098],[42.322,54.115],[42.286,54.062],[42.394,54.017],[42.358,53.997],[42.502,53.964],[42.538,53.932],[42.466,53.923],[42.394,53.862],[42.358,53.801],[42.286,53.81],[42.286,53.785],[42.106,53.781],[41.926,53.785],[41.818,53.761],[41.782,53.785],[41.71,53.777],[41.71,53.749],[41.638,53.753],[41.602,53.789],[41.566,53.736],[41.422,53.732],[41.386,53.521],[41.314,53.509],[41.35,53.464],[41.278,53.456],[41.242,53.464],[41.242,53.427],[41.206,53.391],[41.134,53.399],[41.098,53.456],[40.954,53.496],[40.882,53.456],[40.846,53.46],[40.846,53.505],[40.81,53.533],[40.738,53.537],[40.702,53.484],[40.63,53.472],[40.63,53.427],[40.594,53.439],[40.558,53.48],[40.486,53.456],[40.522,53.435],[40.522,53.391],[40.378,53.342],[40.342,53.382],[40.306,53.305],[40.198,53.317],[40.126,53.35],[40.126,53.374],[40.054,53.366],[39.91,53.443],[39.946,53.448],[39.946,53.521],[39.838,53.561],[39.802,53.537],[39.766,53.574],[39.586,53.509],[39.55,53.415],[39.406,53.391],[39.334,53.415],[39.262,53.403],[39.19,53.382],[39.154,53.427],[39.154,53.464],[39.082,53.5],[39.082,53.537],[39.046,53.566],[38.974,53.545],[38.902,53.561],[38.938,53.639],[38.938,53.704],[39.01,53.744],[38.902,53.744],[38.866,53.781],[38.902,53.814],[38.794,53.822],[38.866,53.842],[38.83,53.895],[38.938,53.928],[38.83,53.923],[38.794,53.936],[38.794,53.984],[38.758,53.997],[38.794,54.017],[38.686,54.041],[38.686,54.094],[38.794,54.094],[38.83,54.139],[38.722,54.167],[38.722,54.224],[38.614,54.253],[38.65,54.261],[38.722,54.253],[38.758,54.33],[38.83,54.314],[38.83,54.359],[38.902,54.359],[38.938,54.322],[38.938,54.363],[39.01,54.371],[38.974,54.403],[38.866,54.416],[38.83,54.452],[38.866,54.501],[38.794,54.517],[38.794,54.578],[38.938,54.611],[39.01,54.582],[39.046,54.611],[39.19,54.635],[39.262,54.639],[39.262,54.68],[39.334,54.692],[39.37,54.712],[39.334,54.745],[39.406,54.798],[39.406,54.843],[39.478,54.879],[39.478,54.94],[39.55,54.94],[39.622,55.018],[39.694,55.013],[39.694,54.993],[39.802,55.001],[39.802,55.038],[39.874,55.058],[39.838,55.095],[39.73,55.111],[39.802,55.152],[39.802,55.188],[39.838,55.172],[40.018,55.192],[40.162,55.249],[40.234,55.314],[40.378,55.323],[40.414,55.302],[40.342,55.29],[40.342,55.257],[40.45,55.257],[40.522,55.31],[40.558,55.298],[40.558,55.241],[40.594,55.18],[40.738,55.18],[40.774,55.209],[40.846,55.184],[40.882,55.188],[40.918,55.249],[40.99,55.241],[41.062,55.188],[41.062,55.144],[41.134,55.119],[41.134,55.168],[41.206,55.209],[41.278,55.201],[41.386,55.127],[41.458,55.111],[41.53,55.135],[41.566,55.123],[41.638,55.144],[41.674,55.103],[41.71,55.123],[41.818,55.115]],[[122.214,73.052],[122.214,73.015],[122.106,73.048],[122.214,73.052]],[[120.198,73.056],[120.27,73.044],[120.198,73.027],[120.054,73.035],[120.198,73.056]],[[122.286,73.08],[122.394,73.092],[122.394,73.056],[122.574,73.035],[122.43,73.007],[122.286,73.003],[122.25,73.044],[122.286,73.08]],[[122.826,73.076],[122.862,73.048],[122.754,73.06],[122.826,73.076]],[[119.766,73.064],[119.658,73.027],[119.622,73.101],[119.766,73.064]],[[120.342,73.117],[120.342,73.06],[120.198,73.06],[120.054,73.035],[119.946,73.035],[119.96142857142857,73.05257142857143],[119.91,73.044],[119.838,73.06],[119.946,73.092],[119.97264935064935,73.06535064935065],[119.982,73.076],[120.126,73.109],[120.342,73.117]],[[122.574,73.072],[122.43,73.06],[122.502,73.092],[122.574,73.072]],[[119.442,73.076],[119.442,73.101],[119.586,73.109],[119.586,73.076],[119.442,73.076]],[[119.694,73.137],[119.874,73.162],[119.838,73.092],[119.73,73.092],[119.694,73.137]],[[119.946,73.145],[119.946,73.109],[119.874,73.149],[119.946,73.145]],[[119.946,73.145],[120.018,73.162],[120.054,73.117],[119.946,73.145]],[[118.686,73.316],[118.758,73.361],[118.83,73.353],[118.794,73.316],[118.686,73.316]],[[118.758,73.385],[118.686,73.393],[118.758,73.422],[118.758,73.385]],[[125.78778048780487,73.519],[125.779,73.519],[125.78020401337793,73.52187625418061],[125.78778048780487,73.519]],[[125.78020401337793,73.52187625418061],[125.743,73.536],[125.743,73.564],[125.81338805970148,73.60114925373134],[125.78020401337793,73.52187625418061]],[[123.798,73.654],[123.834,73.621],[123.762,73.605],[123.798,73.654]],[[124.122,73.719],[123.978,73.698],[123.978,73.723],[124.122,73.719]],[[123.834,73.755],[123.798,73.723],[123.726,73.755],[123.834,73.755]],[[123.942,73.772],[124.014,73.763],[123.978,73.731],[123.942,73.772]],[[124.482,73.898],[124.626,73.906],[124.734,73.89],[124.806,73.906],[124.662,73.861],[124.662,73.837],[124.554,73.825],[124.338,73.881],[124.482,73.873],[124.482,73.898]],[[115.95,74.309],[116.058,74.365],[116.13,74.365],[116.202,74.333],[116.058,74.353],[115.986,74.3],[116.094,74.268],[115.986,74.276],[115.95,74.309]],[[162.394,69.367],[162.43,69.334],[162.394,69.294],[162.718,69.159],[162.718,69.131],[162.502,69.115],[162.466,69.07],[162.43,68.964],[162.502,68.923],[162.682,68.899],[162.718,68.846],[162.79,68.814],[162.682,68.757],[162.538,68.728],[162.574,68.667],[162.682,68.639],[162.61,68.586],[162.646,68.545],[162.538,68.521],[162.538,68.419],[162.466,68.387],[162.466,68.301],[162.394,68.252],[162.034,68.317],[161.602,68.362],[161.422,68.387],[161.278,68.374],[160.954,68.265],[160.738,68.236],[160.306,68.256],[159.982,68.26],[159.874,68.252],[159.802,68.224],[159.73,68.159],[159.586,68.191],[159.442,68.175],[159.334,68.212],[159.262,68.175],[159.118,68.147],[158.974,68.086],[158.794,68.098],[158.578,68.094],[158.398,68.041],[158.326,67.964],[158.326,67.915],[158.182,67.842],[158.218,67.789],[158.362,67.764],[158.29,67.707],[158.182,67.687],[158.038,67.695],[157.894,67.679],[157.822,67.545],[157.858,67.451],[157.966,67.37],[157.966,67.305],[157.93,67.252],[157.966,67.223],[158.146,67.199],[158.218,67.162],[158.29,67.146],[158.362,67.101],[158.506,67.089],[158.83,67.032],[158.866,66.967],[158.83,66.878],[158.974,66.796],[159.01,66.764],[158.83,66.731],[158.794,66.674],[158.794,66.63],[158.686,66.573],[158.614,66.524],[158.578,66.455],[158.47,66.422],[158.506,66.361],[158.578,66.312],[158.47,66.259],[158.47,66.223],[158.614,66.101],[158.542,66.072],[158.434,66.085],[158.362,66.072],[158.29,66.125],[158.146,66.137],[157.93,66.101],[157.714,66.089],[157.678,66.044],[157.606,66.007],[157.462,65.963],[157.498,65.918],[157.426,65.893],[157.138,65.901],[156.958,65.967],[157.03,65.995],[157.03,66.036],[156.778,66.101],[156.742,66.178],[156.67,66.186],[156.562,66.125],[156.526,66.068],[156.418,66.036],[156.31,66.064],[156.202,66.068],[156.094,66.052],[156.058,66.085],[155.95,66.101],[155.914,66.17],[155.734,66.125],[155.518,66.146],[155.446,66.133],[155.302,66.133],[155.23,66.186],[155.122,66.17],[155.05,66.121],[154.905,66.109],[154.869,66.162],[154.761,66.162],[154.725,66.194],[154.617,66.202],[154.473,66.162],[154.473,66.117],[154.293,66.072],[154.329,66.024],[154.401,66.007],[154.437,65.979],[154.401,65.95],[154.437,65.901],[154.365,65.84],[154.257,65.796],[154.113,65.792],[154.149,65.849],[154.077,65.869],[153.969,65.861],[153.789,65.865],[153.717,65.836],[153.537,65.816],[153.537,65.727],[153.609,65.698],[153.537,65.633],[153.573,65.596],[153.537,65.56],[153.429,65.523],[153.393,65.466],[153.537,65.426],[153.501,65.373],[153.429,65.328],[153.285,65.328],[153.249,65.263],[153.141,65.247],[152.997,65.275],[152.853,65.23],[152.745,65.23],[152.709,65.182],[152.637,65.137],[152.637,65.027],[152.493,64.999],[152.637,64.779],[152.781,64.742],[152.745,64.665],[152.565,64.616],[152.457,64.535],[152.313,64.527],[152.277,64.502],[152.385,64.458],[152.349,64.376],[152.097,64.352],[152.025,64.368],[152.097,64.425],[152.025,64.458],[151.917,64.466],[151.773,64.449],[151.701,64.421],[151.593,64.417],[151.521,64.393],[151.521,64.348],[151.485,64.315],[151.413,64.307],[151.305,64.368],[151.197,64.332],[151.161,64.356],[151.053,64.315],[150.873,64.307],[150.729,64.336],[150.657,64.336],[150.621,64.291],[150.621,64.153],[150.513,64.157],[150.369,64.201],[150.225,64.189],[150.189,64.242],[150.009,64.299],[150.045,64.356],[150.009,64.393],[150.117,64.466],[149.937,64.506],[149.937,64.539],[149.793,64.551],[149.757,64.51],[149.613,64.474],[149.469,64.409],[149.397,64.393],[149.289,64.417],[149.325,64.376],[149.181,64.38],[149.073,64.433],[148.929,64.449],[148.893,64.401],[148.749,64.449],[148.641,64.413],[148.497,64.449],[148.497,64.502],[148.353,64.527],[148.173,64.425],[148.065,64.401],[148.101,64.323],[148.173,64.258],[148.317,64.205],[148.173,64.124],[148.065,64.047],[148.029,63.994],[148.029,63.937],[147.957,63.921],[147.885,63.937],[147.777,63.933],[147.813,63.97],[147.633,64.031],[147.705,64.116],[147.633,64.136],[147.453,64.092],[147.381,64.104],[147.345,64.039],[147.237,64.047],[147.129,64.096],[146.985,64.136],[146.877,64.157],[146.589,64.136],[146.409,64.173],[146.301,64.087],[146.265,63.994],[146.121,63.925],[145.869,63.86],[145.653,63.835],[145.617,63.795],[145.653,63.705],[145.689,63.673],[145.617,63.624],[145.617,63.567],[145.509,63.526],[145.437,63.473],[145.473,63.425],[145.401,63.335],[145.401,63.294],[145.257,63.213],[145.221,63.16],[145.329,63.103],[145.329,63.058],[145.257,63.022],[145.437,62.949],[145.473,62.884],[145.473,62.823],[145.365,62.766],[145.401,62.725],[145.473,62.713],[145.437,62.652],[145.473,62.644],[145.401,62.591],[145.473,62.55],[145.437,62.526],[145.329,62.513],[145.293,62.53],[145.185,62.481],[145.257,62.432],[145.185,62.387],[145.185,62.278],[145.149,62.225],[145.077,62.221],[145.041,62.176],[144.968,62.143],[144.932,62.156],[144.86,62.115],[144.788,62.103],[144.788,62.042],[144.752,62.005],[144.68,61.985],[144.608,61.867],[144.608,61.838],[144.428,61.814],[144.392,61.769],[144.32,61.741],[144.176,61.737],[144.104,61.72],[143.996,61.745],[143.996,61.789],[144.032,61.838],[144.032,61.916],[144.068,61.944],[143.996,61.956],[143.924,61.928],[143.852,61.92],[143.78,61.863],[143.78,61.842],[143.636,61.944],[143.672,61.968],[143.636,62.013],[143.564,62.025],[143.492,61.997],[143.42,61.993],[143.42,62.013],[143.348,62.05],[143.348,62.103],[143.276,62.103],[143.204,62.078],[143.204,61.997],[143.096,61.932],[143.096,61.875],[142.988,61.863],[142.952,61.912],[142.7,61.948],[142.592,61.875],[142.484,61.867],[142.412,61.912],[142.34,61.924],[142.268,62.001],[142.268,62.046],[142.16,62.046],[142.088,62.005],[141.98,61.985],[141.908,62.054],[141.764,62.066],[141.764,62.099],[141.656,62.123],[141.584,62.168],[141.584,62.237],[141.476,62.265],[141.368,62.343],[141.368,62.396],[141.26,62.375],[141.152,62.379],[141.152,62.448],[141.008,62.444],[140.972,62.493],[140.828,62.493],[140.792,62.444],[140.72,62.4],[140.648,62.391],[140.54,62.4],[140.432,62.371],[140.396,62.318],[140.36,62.225],[140.36,62.151],[140.324,62.074],[140.396,62.034],[140.288,61.985],[140.252,61.94],[140.108,61.952],[140.0,61.932],[140.072,61.859],[140.0,61.765],[139.892,61.672],[139.892,61.611],[139.784,61.594],[139.64,61.468],[139.46,61.456],[139.316,61.411],[139.208,61.432],[139.136,61.399],[139.136,61.338],[139.064,61.31],[138.992,61.322],[138.884,61.31],[138.812,61.285],[138.776,61.322],[138.704,61.273],[138.776,61.212],[138.596,61.122],[138.524,61.106],[138.488,61.07],[138.38,61.082],[138.344,61.061],[138.38,61.017],[138.272,60.919],[138.236,60.85],[138.344,60.773],[138.56,60.671],[138.488,60.598],[138.416,60.549],[138.452,60.516],[138.344,60.443],[138.416,60.37],[138.38,60.313],[138.272,60.232],[138.272,60.138],[138.236,60.11],[138.272,60.049],[138.272,59.996],[138.236,59.955],[138.344,59.902],[138.236,59.821],[138.236,59.736],[138.308,59.719],[138.308,59.695],[138.236,59.646],[138.128,59.646],[138.164,59.703],[138.128,59.744],[138.056,59.719],[137.876,59.727],[137.696,59.719],[137.588,59.687],[137.516,59.638],[137.516,59.597],[137.552,59.573],[137.408,59.487],[137.3,59.455],[137.228,59.41],[137.12,59.394],[137.012,59.39],[136.904,59.345],[136.832,59.304],[136.76,59.3],[136.58,59.345],[136.364,59.353],[136.328,59.382],[136.22,59.382],[136.112,59.398],[136.112,59.426],[136.004,59.443],[135.932,59.479],[135.788,59.492],[135.68,59.475],[135.572,59.426],[135.5,59.341],[135.392,59.296],[135.356,59.264],[135.356,59.195],[135.248,59.142],[135.248,59.117],[135.176,59.089],[135.068,59.101],[134.995,59.13],[134.851,59.13],[134.779,59.146],[134.743,59.199],[134.671,59.203],[134.563,59.154],[134.455,59.154],[134.347,59.199],[134.239,59.191],[134.023,59.256],[133.951,59.235],[133.879,59.243],[133.663,59.211],[133.555,59.252],[133.411,59.211],[133.267,59.195],[133.159,59.203],[133.051,59.182],[133.015,59.109],[132.943,59.085],[132.871,59.101],[132.799,59.016],[132.907,58.967],[132.835,58.91],[132.619,58.885],[132.583,58.808],[132.583,58.759],[132.511,58.715],[132.583,58.641],[132.475,58.58],[132.475,58.54],[132.439,58.511],[132.187,58.528],[132.187,58.434],[132.223,58.328],[132.259,58.279],[132.187,58.267],[132.115,58.214],[132.187,58.076],[132.043,58.072],[131.971,58.121],[131.863,58.149],[131.791,58.153],[131.719,58.218],[131.539,58.194],[131.575,58.113],[131.647,58.101],[131.683,58.072],[131.647,58.035],[131.719,57.987],[131.827,57.978],[131.863,57.954],[131.827,57.901],[131.935,57.861],[132.007,57.804],[132.079,57.767],[132.115,57.722],[132.043,57.686],[132.007,57.637],[131.935,57.633],[131.827,57.58],[131.827,57.539],[131.647,57.438],[131.647,57.352],[131.539,57.271],[131.395,57.311],[131.395,57.336],[131.323,57.332],[131.287,57.267],[131.215,57.255],[131.251,57.185],[131.359,57.181],[131.431,57.149],[131.611,57.035],[131.827,56.848],[131.863,56.791],[131.863,56.754],[131.719,56.701],[131.719,56.587],[131.791,56.514],[131.755,56.478],[131.647,56.461],[131.611,56.486],[131.611,56.522],[131.575,56.535],[131.503,56.51],[131.503,56.465],[131.431,56.457],[131.359,56.514],[131.251,56.498],[131.179,56.429],[131.179,56.323],[131.143,56.254],[131.071,56.144],[130.963,56.075],[130.927,55.998],[130.927,55.957],[130.891,55.92],[130.891,55.859],[130.999,55.79],[130.963,55.737],[130.999,55.701],[130.855,55.746],[130.711,55.774],[130.639,55.758],[130.351,55.741],[130.315,55.75],[130.243,55.713],[130.099,55.729],[130.027,55.709],[129.955,55.758],[129.883,55.766],[129.811,55.737],[129.775,55.75],[129.631,55.77],[129.559,55.746],[129.451,55.762],[129.379,55.725],[129.307,55.737],[129.235,55.709],[129.163,55.717],[129.019,55.68],[129.127,55.632],[129.127,55.579],[129.055,55.522],[128.983,55.502],[128.875,55.522],[128.803,55.506],[128.695,55.526],[128.659,55.558],[128.551,55.558],[128.479,55.579],[128.479,55.607],[128.407,55.619],[128.335,55.656],[128.155,55.705],[128.083,55.676],[127.975,55.689],[127.939,55.664],[127.867,55.66],[127.831,55.709],[127.759,55.721],[127.687,55.713],[127.651,55.689],[127.615,55.619],[127.507,55.611],[127.435,55.595],[127.327,55.664],[127.327,55.701],[127.219,55.697],[127.075,55.705],[126.967,55.68],[126.967,55.656],[126.895,55.607],[126.751,55.615],[126.679,55.64],[126.643,55.664],[126.535,55.615],[126.391,55.591],[126.283,55.619],[126.175,55.607],[126.067,55.619],[126.067,55.725],[125.995,55.75],[125.779,55.79],[125.599,55.77],[125.491,55.839],[125.383,55.876],[125.131,55.884],[125.059,55.851],[124.878,55.855],[124.842,55.884],[124.734,55.896],[124.734,55.92],[124.662,55.929],[124.554,55.92],[124.446,55.977],[124.446,56.018],[124.374,56.091],[124.266,56.124],[124.266,56.14],[124.194,56.217],[124.158,56.23],[124.086,56.315],[123.978,56.376],[123.87,56.425],[123.726,56.429],[123.438,56.413],[123.294,56.441],[123.114,56.49],[122.97,56.592],[122.898,56.6],[122.862,56.575],[122.862,56.526],[122.754,56.502],[122.682,56.506],[122.574,56.559],[122.466,56.628],[122.322,56.669],[122.178,56.762],[121.998,56.771],[121.89,56.746],[121.746,56.766],[121.638,56.771],[121.638,56.856],[121.566,56.876],[121.566,56.917],[121.494,56.99],[121.314,56.998],[121.026,57.035],[120.954,57.051],[120.846,57.051],[120.738,57.039],[120.666,57.055],[120.522,57.031],[120.378,57.027],[120.27,56.99],[120.09,56.921],[119.766,56.905],[119.73,56.937],[119.622,56.982],[119.586,57.055],[119.586,57.12],[119.658,57.165],[119.514,57.267],[119.514,57.324],[119.442,57.368],[119.406,57.417],[119.406,57.499],[119.442,57.535],[119.442,57.58],[119.406,57.604],[119.298,57.612],[119.262,57.596],[119.226,57.539],[119.19,57.515],[119.118,57.568],[119.154,57.649],[119.118,57.698],[119.01,57.722],[119.01,57.767],[119.046,57.787],[119.046,57.832],[119.082,57.905],[119.082,57.983],[119.118,58.048],[119.118,58.096],[119.154,58.129],[119.082,58.223],[119.118,58.308],[119.046,58.357],[119.046,58.393],[119.082,58.434],[119.082,58.487],[118.974,58.511],[118.974,58.528],[118.758,58.593],[118.758,58.641],[118.83,58.702],[118.83,58.8],[118.758,58.857],[118.758,58.914],[118.794,58.942],[118.794,58.983],[118.758,59.007],[118.686,59.121],[118.686,59.195],[118.794,59.256],[118.83,59.296],[118.722,59.414],[118.542,59.443],[118.47,59.471],[118.362,59.475],[118.326,59.508],[118.326,59.548],[118.218,59.601],[118.182,59.589],[118.038,59.597],[118.038,59.553],[117.966,59.536],[117.93,59.504],[117.93,59.443],[117.822,59.414],[117.75,59.439],[117.75,59.479],[117.714,59.536],[117.642,59.516],[117.57,59.471],[117.462,59.492],[117.354,59.475],[117.282,59.479],[117.138,59.532],[117.102,59.581],[117.138,59.634],[117.138,59.821],[117.03,59.862],[117.102,59.906],[117.21,59.927],[117.21,59.967],[117.282,60.008],[117.282,60.037],[117.174,60.032],[117.066,60.008],[116.994,60.041],[116.994,60.114],[116.886,60.199],[116.778,60.207],[116.706,60.272],[116.598,60.285],[116.49,60.354],[116.31,60.346],[116.274,60.382],[116.13,60.382],[116.13,60.411],[116.022,60.443],[115.878,60.443],[115.878,60.48],[115.77,60.504],[115.77,60.525],[115.662,60.525],[115.554,60.484],[115.41,60.447],[115.302,60.443],[115.23,60.476],[115.086,60.374],[115.05,60.333],[115.05,60.264],[114.977,60.199],[114.869,60.179],[114.689,60.183],[114.617,60.118],[114.473,60.057],[114.473,60.012],[114.545,59.996],[114.545,59.951],[114.437,59.939],[114.221,59.858],[114.149,59.801],[114.149,59.736],[114.077,59.727],[114.005,59.74],[113.969,59.723],[113.969,59.679],[113.825,59.675],[113.825,59.638],[113.825,59.597],[113.717,59.593],[113.573,59.536],[113.573,59.455],[113.465,59.426],[113.429,59.402],[113.429,59.345],[113.465,59.3],[113.465,59.247],[113.393,59.215],[113.357,59.186],[113.249,59.154],[113.141,59.158],[112.925,59.113],[112.853,59.117],[112.853,59.077],[112.781,59.06],[112.781,59.007],[112.709,58.991],[112.601,59.032],[112.601,59.081],[112.529,59.056],[112.529,59.007],[112.565,58.934],[112.529,58.869],[112.457,58.845],[112.385,58.845],[112.385,58.885],[112.349,58.942],[112.421,59.036],[112.385,59.073],[112.385,59.134],[112.421,59.166],[112.601,59.215],[112.601,59.304],[112.493,59.292],[112.421,59.304],[112.277,59.276],[112.241,59.3],[112.277,59.349],[112.277,59.41],[112.241,59.443],[112.241,59.475],[112.097,59.398],[112.025,59.353],[111.953,59.288],[111.629,59.252],[111.593,59.195],[111.521,59.207],[111.449,59.256],[111.377,59.256],[111.233,59.231],[111.197,59.186],[111.125,59.191],[111.053,59.231],[110.945,59.211],[110.729,59.239],[110.657,59.235],[110.585,59.195],[110.585,59.138],[110.405,59.024],[110.333,59.02],[110.225,58.983],[110.153,58.971],[109.865,58.991],[109.685,58.967],[109.685,59.016],[109.685,59.06],[109.577,59.036],[109.541,59.056],[109.541,59.134],[109.505,59.182],[109.433,59.203],[109.361,59.272],[109.361,59.288],[109.289,59.284],[109.181,59.317],[109.217,59.369],[109.289,59.406],[109.217,59.43],[109.253,59.475],[109.433,59.581],[109.433,59.65],[109.433,59.683],[109.433,59.744],[109.505,59.78],[109.613,59.862],[109.613,59.927],[109.685,60.016],[109.649,60.098],[109.685,60.228],[109.757,60.276],[109.757,60.329],[109.829,60.358],[109.937,60.39],[109.901,60.464],[110.009,60.508],[110.009,60.549],[110.153,60.602],[110.009,60.63],[110.081,60.659],[110.261,60.671],[110.333,60.744],[110.261,60.793],[110.405,60.891],[110.513,60.948],[110.513,61.037],[110.549,61.098],[110.405,61.135],[110.261,61.122],[110.153,61.163],[110.081,61.22],[110.009,61.265],[109.937,61.249],[109.865,61.257],[109.757,61.301],[109.829,61.342],[109.829,61.456],[109.865,61.525],[109.685,61.611],[109.613,61.696],[109.577,61.806],[109.577,61.863],[109.685,61.964],[109.937,62.005],[109.901,62.066],[109.937,62.107],[110.009,62.139],[109.937,62.229],[109.973,62.257],[109.901,62.343],[109.937,62.371],[109.901,62.383],[109.685,62.371],[109.577,62.383],[109.433,62.347],[109.361,62.396],[109.325,62.448],[109.325,62.53],[109.361,62.558],[109.361,62.599],[109.433,62.623],[109.505,62.701],[109.685,62.774],[109.649,62.839],[109.541,62.884],[109.505,62.928],[109.505,63.038],[109.433,63.246],[109.433,63.331],[109.289,63.319],[109.289,63.355],[109.181,63.4],[109.181,63.457],[109.109,63.502],[108.893,63.486],[108.641,63.547],[108.461,63.547],[108.245,63.51],[108.209,63.551],[108.245,63.595],[108.353,63.685],[108.353,63.746],[108.389,63.754],[108.569,63.742],[108.713,63.758],[108.857,63.803],[108.857,63.835],[108.785,63.856],[108.857,63.941],[108.785,63.986],[108.605,63.994],[108.569,64.031],[108.533,64.124],[108.569,64.181],[108.461,64.21],[108.533,64.25],[108.461,64.275],[108.389,64.279],[108.317,64.234],[108.137,64.258],[108.065,64.23],[108.065,64.189],[107.921,64.189],[107.813,64.23],[107.741,64.25],[107.633,64.283],[107.489,64.287],[107.417,64.262],[107.309,64.262],[107.273,64.356],[107.021,64.364],[106.949,64.417],[106.769,64.409],[106.733,64.449],[106.733,64.51],[106.697,64.527],[106.589,64.51],[106.625,64.47],[106.517,64.449],[106.265,64.433],[106.157,64.405],[106.085,64.441],[106.157,64.474],[106.121,64.523],[105.941,64.531],[105.941,64.494],[105.869,64.478],[105.797,64.502],[105.797,64.539],[105.725,64.567],[105.761,64.596],[105.725,64.669],[105.869,64.669],[105.869,64.694],[105.869,64.742],[105.941,64.82],[105.941,64.864],[105.941,64.913],[106.013,64.917],[106.085,64.877],[106.193,64.893],[106.085,64.925],[106.085,64.97],[106.013,64.999],[106.013,65.047],[106.049,65.076],[106.157,65.08],[106.193,65.129],[106.265,65.145],[106.409,65.21],[106.517,65.21],[106.445,65.275],[106.517,65.352],[106.625,65.389],[106.769,65.397],[106.841,65.381],[106.841,65.466],[106.985,65.487],[107.057,65.515],[107.021,65.544],[106.841,65.544],[106.769,65.576],[106.697,65.641],[106.481,65.69],[106.481,65.735],[106.517,65.812],[106.517,66.052],[106.445,66.113],[106.265,66.162],[106.193,66.178],[106.193,66.422],[106.265,66.471],[106.337,66.52],[106.337,66.589],[106.265,66.646],[106.265,66.715],[106.193,66.76],[106.193,66.804],[106.121,66.796],[106.049,66.813],[106.157,66.865],[106.157,66.918],[105.941,66.906],[105.941,66.951],[105.833,66.967],[105.725,66.939],[105.509,67.016],[105.545,67.044],[105.941,67.044],[106.013,67.061],[106.085,67.195],[106.265,67.203],[106.337,67.244],[106.481,67.276],[106.661,67.252],[106.769,67.292],[106.805,67.37],[106.805,67.638],[106.841,67.89],[106.949,68.175],[106.949,68.647],[106.913,68.879],[106.517,69.151],[106.157,69.391],[106.193,69.456],[106.265,69.473],[106.373,69.534],[106.517,69.574],[106.697,69.538],[106.949,69.538],[107.417,69.619],[107.489,69.66],[107.669,69.668],[107.741,69.692],[107.957,69.688],[108.029,69.7],[108.065,69.778],[108.209,69.814],[108.353,69.843],[108.677,69.843],[108.857,69.855],[108.929,69.847],[108.965,69.769],[109.181,69.761],[109.361,69.778],[109.433,69.887],[109.433,69.948],[109.577,70.009],[109.577,70.038],[109.433,70.062],[109.433,70.14],[109.361,70.172],[109.433,70.229],[109.613,70.253],[109.649,70.306],[109.613,70.359],[109.685,70.384],[109.937,70.396],[110.189,70.4],[110.333,70.416],[110.297,70.465],[110.081,70.51],[110.081,70.567],[110.189,70.583],[110.153,70.624],[110.333,70.689],[110.477,70.701],[110.621,70.754],[110.729,70.778],[110.981,70.79],[111.269,70.864],[111.485,70.872],[111.593,70.929],[111.845,70.961],[111.953,70.969],[112.169,71.051],[112.241,71.051],[112.277,71.01],[112.385,71.018],[112.421,71.063],[112.565,71.067],[112.601,71.112],[112.565,71.148],[112.601,71.197],[112.745,71.209],[112.745,71.262],[112.673,71.282],[112.529,71.291],[112.385,71.331],[112.349,71.364],[112.133,71.396],[112.097,71.433],[112.133,71.531],[112.025,71.673],[112.025,71.791],[112.025,71.929],[112.025,72.051],[112.025,72.12],[111.809,72.137],[111.773,72.177],[111.629,72.194],[111.701,72.287],[111.593,72.332],[111.377,72.332],[111.305,72.368],[111.161,72.364],[111.053,72.405],[111.197,72.478],[111.233,72.535],[111.125,72.572],[110.909,72.592],[110.945,72.641],[110.873,72.657],[110.729,72.649],[110.729,72.73],[110.729,72.804],[110.729,72.889],[110.873,72.983],[110.729,72.995],[110.801,73.035],[110.909,73.044],[110.909,73.08],[110.837,73.129],[110.909,73.166],[110.873,73.19],[110.657,73.202],[110.477,73.182],[110.333,73.227],[110.585,73.292],[110.549,73.345],[110.081,73.41],[110.189,73.438],[110.657,73.442],[110.909,73.621],[111.125,73.597],[111.161,73.637],[111.053,73.686],[110.909,73.694],[110.909,73.747],[110.981,73.816],[111.269,73.865],[111.521,73.78],[111.881,73.723],[112.385,73.698],[112.781,73.715],[112.853,73.731],[112.997,73.788],[112.925,73.837],[112.853,73.906],[112.817,73.991],[112.925,73.914],[113.177,73.857],[113.177,73.804],[113.393,73.698],[113.465,73.621],[113.429,73.576],[113.321,73.56],[113.177,73.434],[113.249,73.418],[113.321,73.369],[113.501,73.345],[113.573,73.275],[113.501,73.235],[113.573,73.227],[113.717,73.267],[113.753,73.32],[113.897,73.312],[114.041,73.324],[114.077,73.361],[113.897,73.336],[113.501,73.446],[113.501,73.503],[113.753,73.536],[113.969,73.556],[114.041,73.58],[114.221,73.597],[114.545,73.585],[114.869,73.597],[114.941,73.621],[115.158,73.646],[115.086,73.654],[115.338,73.702],[115.41,73.686],[115.554,73.711],[115.734,73.694],[115.914,73.698],[116.166,73.662],[116.31,73.654],[116.49,73.67],[116.778,73.646],[116.994,73.613],[117.39,73.576],[117.858,73.568],[118.146,73.58],[118.65,73.56],[118.794,73.544],[118.794,73.495],[118.938,73.479],[118.974,73.45],[118.758,73.43],[118.722,73.454],[118.578,73.467],[118.398,73.414],[118.398,73.369],[118.47,73.361],[118.434,73.312],[118.362,73.292],[118.398,73.227],[118.542,73.178],[118.794,73.141],[118.974,73.125],[119.118,73.092],[119.55,73.048],[119.694,73.003],[119.874,73.023],[120.126,72.995],[120.342,72.995],[120.486,72.974],[120.666,72.983],[120.954,72.938],[121.134,72.926],[121.422,72.966],[121.674,72.974],[121.782,72.946],[121.998,72.942],[122.214,72.958],[122.286,72.983],[122.358,72.942],[122.43,72.95],[122.538,72.922],[122.682,72.918],[122.682,72.95],[122.79,72.942],[122.574,73.027],[122.682,73.027],[122.754,72.983],[122.862,72.958],[123.15,72.93],[123.15,72.901],[123.33,72.918],[123.366,72.966],[123.438,72.966],[123.402,73.052],[123.51,73.109],[123.654,73.084],[123.726,73.101],[123.582,73.157],[123.474,73.17],[123.654,73.194],[123.582,73.198],[123.582,73.267],[123.51,73.259],[123.474,73.316],[123.366,73.353],[123.546,73.369],[123.294,73.393],[123.402,73.402],[123.33,73.43],[123.402,73.458],[123.402,73.422],[123.474,73.41],[123.474,73.458],[123.33,73.479],[123.402,73.495],[123.366,73.552],[123.402,73.585],[123.474,73.552],[123.546,73.564],[123.438,73.654],[123.546,73.605],[123.546,73.646],[123.69,73.654],[123.69,73.601],[123.798,73.572],[123.798,73.605],[123.87,73.621],[123.906,73.589],[124.05,73.613],[124.05,73.662],[124.266,73.702],[124.338,73.735],[124.338,73.772],[124.446,73.796],[124.41,73.763],[124.482,73.763],[124.518,73.731],[124.59,73.739],[124.698,73.719],[124.77,73.739],[124.734,73.698],[124.878,73.727],[124.95,73.719],[124.914,73.67],[124.986,73.646],[125.059,73.702],[125.059,73.629],[125.131,73.629],[125.167,73.682],[125.239,73.637],[125.203,73.589],[125.203,73.511],[125.347,73.552],[125.527,73.528],[125.599,73.536],[125.707,73.519],[125.671,73.471],[125.851,73.418],[125.923,73.426],[125.959,73.528],[126.031,73.503],[125.995,73.479],[126.175,73.495],[126.319,73.552],[126.391,73.503],[126.463,73.511],[126.427,73.458],[126.427,73.353],[126.571,73.377],[126.751,73.377],[126.787,73.45],[126.859,73.454],[126.895,73.377],[126.931,73.426],[127.003,73.418],[127.003,73.519],[127.183,73.528],[127.363,73.511],[127.471,73.479],[127.435,73.434],[127.507,73.454],[127.687,73.467],[127.939,73.458],[127.795,73.418],[127.939,73.422],[127.975,73.402],[128.119,73.414],[128.155,73.385],[128.011,73.345],[128.047,73.328],[128.191,73.353],[128.443,73.361],[128.515,73.296],[128.335,73.251],[128.443,73.235],[128.767,73.243],[128.875,73.198],[128.803,73.145],[128.911,73.129],[128.947,73.076],[129.055,73.117],[129.127,73.117],[129.307,73.072],[129.343,73.019],[129.523,73.007],[129.523,72.974],[129.595,72.958],[129.559,72.93],[129.343,72.93],[129.127,72.946],[129.307,72.893],[129.415,72.881],[129.415,72.84],[129.307,72.808],[129.451,72.771],[129.343,72.771],[129.343,72.743],[129.163,72.734],[129.307,72.69],[129.415,72.698],[129.523,72.669],[129.523,72.629],[129.451,72.6],[129.127,72.617],[129.199,72.58],[128.875,72.58],[128.875,72.519],[128.839,72.503],[128.983,72.462],[129.163,72.47],[129.451,72.438],[129.451,72.401],[129.379,72.389],[129.523,72.368],[129.559,72.303],[129.415,72.271],[129.487,72.259],[129.415,72.242],[129.595,72.222],[129.487,72.206],[129.415,72.137],[129.559,72.153],[129.595,72.133],[129.487,72.096],[129.307,72.063],[128.983,72.051],[128.695,72.051],[128.623,71.994],[128.767,71.941],[128.875,71.925],[128.731,71.909],[128.659,71.929],[128.587,71.998],[128.515,71.99],[128.515,71.958],[128.587,71.88],[128.695,71.864],[128.731,71.758],[128.983,71.726],[129.199,71.754],[129.271,71.827],[129.163,71.893],[129.163,71.949],[129.379,71.836],[129.379,71.783],[129.595,71.71],[129.415,71.726],[129.271,71.722],[129.163,71.697],[128.947,71.681],[128.875,71.632],[128.947,71.616],[128.947,71.583],[129.019,71.571],[129.235,71.592],[129.343,71.514],[129.307,71.461],[129.379,71.461],[129.415,71.356],[129.487,71.287],[129.739,71.221],[129.775,71.152],[129.883,71.104],[130.027,71.075],[130.099,71.087],[130.171,71.059],[130.279,70.977],[130.279,70.933],[130.351,70.9],[130.459,70.892],[130.567,70.904],[130.567,70.851],[130.675,70.835],[130.819,70.859],[130.855,70.953],[130.891,70.908],[130.891,70.843],[130.963,70.766],[130.927,70.762],[131.035,70.709],[131.143,70.701],[131.395,70.778],[131.503,70.815],[131.719,70.933],[131.791,71.022],[131.791,71.075],[131.755,71.104],[131.863,71.152],[131.863,71.181],[131.971,71.238],[132.043,71.307],[132.043,71.372],[132.079,71.388],[132.079,71.453],[132.187,71.547],[132.331,71.722],[132.475,71.795],[132.619,71.909],[132.763,71.945],[132.871,71.941],[133.015,71.966],[133.195,71.958],[133.339,71.88],[133.339,71.844],[133.267,71.901],[133.159,71.917],[133.087,71.949],[132.799,71.909],[132.835,71.836],[132.763,71.819],[132.799,71.75],[132.979,71.73],[133.051,71.673],[133.195,71.583],[133.375,71.506],[133.843,71.404],[134.059,71.372],[134.419,71.356],[134.599,71.372],[134.743,71.4],[134.815,71.449],[134.959,71.482],[134.959,71.498],[135.212,71.531],[135.5,71.604],[135.644,71.62],[135.824,71.612],[135.932,71.632],[136.076,71.62],[136.148,71.6],[136.544,71.567],[136.544,71.543],[136.652,71.514],[136.868,71.527],[136.94,71.465],[137.084,71.445],[137.12,71.413],[137.372,71.388],[137.552,71.364],[137.516,71.319],[137.552,71.266],[137.696,71.246],[137.696,71.266],[137.876,71.246],[138.02,71.205],[138.2,71.23],[138.2,71.274],[138.056,71.278],[138.056,71.343],[137.948,71.343],[137.912,71.372],[138.02,71.404],[138.128,71.514],[138.128,71.571],[138.344,71.588],[138.488,71.571],[138.488,71.527],[138.56,71.547],[138.668,71.539],[138.668,71.583],[138.596,71.592],[138.776,71.624],[138.92,71.616],[139.028,71.579],[139.136,71.575],[139.172,71.498],[139.172,71.421],[139.28,71.396],[139.46,71.421],[139.46,71.478],[139.676,71.478],[139.784,71.445],[139.892,71.449],[139.892,71.478],[140.0,71.478],[140.036,71.506],[139.964,71.555],[139.82,71.616],[139.784,71.657],[139.784,71.807],[139.856,71.856],[139.748,71.86],[139.748,71.901],[139.388,71.945],[139.568,71.937],[139.712,71.945],[139.784,71.994],[139.748,72.019],[139.928,72.092],[139.928,72.133],[140.036,72.161],[140.144,72.133],[140.252,72.149],[140.288,72.198],[140.216,72.214],[139.856,72.214],[139.712,72.226],[139.604,72.218],[139.46,72.137],[139.172,72.185],[139.172,72.283],[139.244,72.344],[139.604,72.486],[139.856,72.499],[140.144,72.47],[140.18,72.446],[140.288,72.47],[140.504,72.466],[140.612,72.474],[140.864,72.519],[140.972,72.507],[140.936,72.527],[141.008,72.556],[141.224,72.58],[141.188,72.637],[140.9,72.751],[140.864,72.791],[140.792,72.795],[140.72,72.877],[140.9,72.881],[141.044,72.861],[141.296,72.856],[141.44,72.832],[141.548,72.779],[141.764,72.743],[142.052,72.714],[142.664,72.698],[142.808,72.698],[143.096,72.69],[143.348,72.698],[143.744,72.669],[144.284,72.649],[144.716,72.608],[144.824,72.592],[145.077,72.588],[145.617,72.535],[146.013,72.495],[146.409,72.429],[146.913,72.352],[146.877,72.32],[147.021,72.295],[147.453,72.328],[147.633,72.332],[147.993,72.311],[148.137,72.328],[148.461,72.32],[148.605,72.303],[148.785,72.263],[149.217,72.222],[149.469,72.177],[149.685,72.124],[149.937,72.011],[149.973,71.978],[150.081,71.929],[150.117,71.852],[150.081,71.827],[149.901,71.803],[149.721,71.746],[149.613,71.738],[149.613,71.783],[149.541,71.795],[149.541,71.848],[149.433,71.884],[149.361,71.844],[149.289,71.844],[149.181,71.766],[149.037,71.73],[149.073,71.673],[149.145,71.693],[149.253,71.677],[149.325,71.693],[149.469,71.649],[149.577,71.64],[149.901,71.673],[150.189,71.608],[150.153,71.579],[150.225,71.563],[150.225,71.522],[150.297,71.514],[150.657,71.506],[150.729,71.441],[150.693,71.38],[150.765,71.38],[150.801,71.352],[151.125,71.388],[151.197,71.364],[151.413,71.335],[151.485,71.335],[151.665,71.291],[151.665,71.27],[151.845,71.152],[151.917,71.12],[151.953,71.063],[152.025,71.055],[152.133,70.986],[151.989,70.977],[151.737,70.986],[151.809,70.945],[151.989,70.937],[152.097,70.92],[152.169,70.884],[152.385,70.835],[152.529,70.827],[152.997,70.819],[153.609,70.872],[153.681,70.843],[153.753,70.868],[153.825,70.851],[153.861,70.88],[154.365,70.949],[154.473,70.953],[155.122,71.03],[155.338,71.03],[155.554,71.059],[155.626,71.055],[155.806,71.071],[156.058,71.079],[156.598,71.071],[156.922,71.087],[157.21,71.067],[157.354,71.067],[158.074,71.01],[158.47,70.961],[158.83,70.904],[158.866,70.884],[159.046,70.851],[159.586,70.701],[159.658,70.668],[159.874,70.554],[160.018,70.441],[160.126,70.258],[160.054,70.18],[159.946,70.115],[159.982,70.074],[159.874,69.993],[159.91,69.981],[159.694,69.887],[159.766,69.818],[159.946,69.745],[160.018,69.741],[160.054,69.713],[160.198,69.717],[160.342,69.696],[160.378,69.676],[160.486,69.668],[160.63,69.635],[160.666,69.66],[160.81,69.635],[160.99,69.619],[160.99,69.346],[161.026,69.334],[161.026,69.233],[161.098,69.22],[161.17,69.294],[161.17,69.33],[161.098,69.375],[161.098,69.456],[161.278,69.489],[161.314,69.517],[161.422,69.509],[161.422,69.444],[161.314,69.412],[161.35,69.359],[161.494,69.359],[161.494,69.375],[161.638,69.395],[161.638,69.416],[161.818,69.481],[161.818,69.493],[162.034,69.509],[162.07,69.566],[162.25,69.599],[162.214,69.627],[162.358,69.627],[162.358,69.586],[162.286,69.509],[162.178,69.493],[162.286,69.444],[162.25,69.391],[162.394,69.367]],[[137.48,71.429],[137.372,71.425],[137.3,71.461],[137.48,71.457],[137.48,71.429]],[[137.264,71.433],[137.12,71.449],[137.192,71.461],[137.264,71.433]],[[137.192,71.543],[137.192,71.563],[137.372,71.588],[137.516,71.592],[137.696,71.567],[137.768,71.579],[137.984,71.571],[138.02,71.551],[138.02,71.486],[137.876,71.417],[137.696,71.413],[137.624,71.465],[137.336,71.47],[137.156,71.486],[137.13880597014924,71.49137313432837],[137.156,71.478],[137.012,71.49],[137.10100502512563,71.50318592964824],[137.012,71.531],[137.012,71.563],[137.084,71.571],[137.192,71.543]],[[135.356,71.592],[135.212,71.588],[135.356,71.608],[135.356,71.592]],[[138.704,71.693],[138.812,71.705],[138.884,71.685],[138.704,71.64],[138.488,71.649],[138.596,71.685],[138.596,71.705],[138.704,71.693]],[[138.632,71.852],[138.488,71.832],[138.38,71.84],[138.488,71.884],[138.56,71.872],[138.632,71.852]],[[132.943,71.876],[132.907,71.901],[133.015,71.893],[132.943,71.876]],[[128.947,71.954],[128.803,71.954],[128.695,72.011],[128.875,71.982],[128.947,71.954]],[[128.767,72.019],[129.019,72.002],[129.019,71.986],[128.875,71.994],[128.767,72.019]],[[129.379,72.499],[129.343,72.535],[129.487,72.531],[129.595,72.515],[129.523,72.503],[129.379,72.499]],[[128.911,72.556],[129.127,72.543],[129.019,72.535],[128.911,72.556]],[[129.523,72.69],[129.343,72.714],[129.451,72.751],[129.559,72.739],[129.523,72.69]],[[126.607,73.385],[126.571,73.422],[126.715,73.434],[126.607,73.385]],[[127.867,73.503],[127.831,73.479],[127.651,73.487],[127.687,73.528],[127.795,73.519],[127.867,73.503]],[[125.78778048780487,73.519],[125.887,73.519],[125.851,73.495],[125.78778048780487,73.519]],[[125.851,73.62133333333334],[125.851,73.621],[125.81338805970148,73.60114925373134],[125.815,73.605],[125.851,73.62133333333334]],[[125.851,73.62133333333334],[125.851,73.654],[125.923,73.654],[125.851,73.62133333333334]],[[136.328,73.914],[136.184,73.881],[136.112,73.906],[136.112,73.947],[135.788,74.032],[135.752,74.097],[135.464,74.158],[135.5,74.235],[135.644,74.223],[135.716,74.182],[136.148,74.048],[136.148,74.024],[136.328,73.983],[136.328,73.914]],[[140.864,73.979],[140.54,73.898],[140.396,73.951],[140.216,74.048],[140.216,74.199],[140.36,74.252],[140.54,74.264],[140.9,74.268],[141.08,74.243],[141.116,74.15],[141.044,74.121],[141.116,74.064],[141.044,73.991],[140.864,73.979]],[[135.644,75.525],[135.644,75.744],[135.716,75.769],[135.716,75.874],[135.896,75.712],[136.04,75.659],[136.256,75.618],[136.112,75.577],[136.076,75.533],[135.968,75.476],[136.004,75.451],[136.076,75.439],[135.896,75.374],[135.716,75.358],[135.536,75.374],[135.5,75.439],[135.644,75.525]],[[161.602,69.44],[161.602,69.416],[161.494,69.403],[161.602,69.44]],[[161.35,69.416],[161.458,69.44],[161.422,69.538],[161.53,69.517],[161.53,69.566],[161.638,69.538],[161.602,69.501],[161.638,69.46],[161.566,69.452],[161.53,69.42],[161.35,69.391],[161.35,69.416]],[[161.746,69.529],[161.782,69.603],[161.854,69.607],[161.89,69.558],[161.818,69.534],[161.746,69.529]],[[161.494,69.574],[161.458,69.59],[161.53,69.611],[161.494,69.574]],[[161.674,69.586],[161.71,69.619],[161.782,69.615],[161.746,69.578],[161.674,69.586]],[[161.89,69.643],[161.818,69.611],[161.818,69.643],[161.89,69.643]],[[160.594,69.676],[160.63,69.651],[160.522,69.668],[160.594,69.676]],[[162.43,70.64],[162.502,70.611],[162.358,70.611],[162.43,70.64]],[[161.71,70.774],[161.674,70.746],[161.53,70.762],[161.566,70.807],[161.638,70.794],[161.71,70.774]],[[160.594,70.843],[160.594,70.88],[160.486,70.904],[160.702,70.872],[160.702,70.835],[160.774,70.79],[160.63,70.786],[160.522,70.794],[160.594,70.843]],[[161.53,70.92],[161.53,70.892],[161.602,70.884],[161.458,70.888],[161.53,70.92]],[[152.097,70.929],[152.241,70.937],[152.313,70.888],[152.241,70.892],[152.097,70.929]],[[151.485,71.348],[151.161,71.38],[151.197,71.4],[151.485,71.348]],[[150.729,71.417],[150.909,71.4],[150.801,71.372],[150.729,71.417]],[[150.621,71.543],[150.477,71.527],[150.477,71.559],[150.621,71.543]],[[143.6,73.43],[143.528,73.418],[143.492,73.345],[143.528,73.279],[143.6,73.21],[143.528,73.218],[143.276,73.178],[142.7,73.235],[142.556,73.227],[142.376,73.251],[142.088,73.259],[141.62,73.296],[141.332,73.332],[140.864,73.422],[140.648,73.43],[140.396,73.41],[140.288,73.385],[140.0,73.345],[139.892,73.345],[139.82,73.393],[139.82,73.426],[139.964,73.442],[140.036,73.434],[140.216,73.446],[140.324,73.434],[140.684,73.536],[140.828,73.621],[140.864,73.711],[140.972,73.763],[141.044,73.829],[141.152,73.861],[141.296,73.841],[141.44,73.849],[141.584,73.881],[141.872,73.906],[142.088,73.914],[142.304,73.857],[142.556,73.841],[142.736,73.796],[142.736,73.78],[143.384,73.589],[143.6,73.471],[143.6,73.43]],[[147.525,75.419],[147.633,75.443],[148.065,75.39],[148.425,75.399],[148.605,75.366],[148.533,75.325],[148.533,75.24],[148.605,75.199],[148.785,75.199],[149.397,75.264],[149.793,75.224],[150.153,75.199],[150.297,75.171],[150.261,75.146],[150.549,75.098],[150.837,75.146],[150.981,75.122],[150.837,75.073],[150.837,75.049],[150.693,74.996],[150.729,74.939],[150.657,74.862],[150.225,74.821],[150.081,74.813],[149.649,74.76],[149.253,74.727],[149.001,74.727],[148.713,74.736],[148.245,74.776],[148.065,74.809],[147.993,74.854],[147.705,74.947],[147.561,74.971],[147.345,74.98],[147.093,75.012],[146.769,75.106],[146.517,75.15],[146.337,75.163],[146.193,75.216],[146.301,75.264],[146.265,75.39],[146.445,75.492],[146.409,75.557],[146.517,75.59],[146.697,75.553],[146.769,75.5],[146.661,75.468],[146.661,75.431],[146.805,75.35],[147.021,75.321],[147.165,75.321],[147.309,75.35],[147.129,75.358],[147.273,75.374],[147.453,75.431],[147.525,75.419]],[[139.964,75.842],[140.18,75.801],[140.396,75.801],[140.54,75.769],[140.576,75.732],[140.504,75.7],[140.54,75.659],[140.612,75.667],[140.576,75.708],[140.684,75.708],[140.864,75.667],[140.936,75.626],[141.08,75.634],[140.936,75.704],[140.936,75.944],[140.972,75.996],[141.116,76.061],[141.728,76.0],[141.476,76.11],[141.404,76.171],[141.62,76.127],[141.8,76.11],[142.052,76.037],[142.052,76.021],[142.232,75.988],[142.412,75.935],[142.412,75.911],[142.628,75.854],[142.88,75.834],[143.024,75.809],[143.204,75.801],[143.384,75.813],[143.42,75.842],[143.6,75.854],[143.852,75.834],[144.104,75.801],[144.356,75.72],[144.5,75.7],[144.716,75.695],[144.788,75.651],[145.257,75.573],[145.401,75.492],[145.185,75.5],[145.113,75.476],[144.86,75.431],[144.788,75.382],[144.86,75.293],[145.005,75.272],[144.824,75.248],[144.752,75.195],[144.752,75.15],[144.68,75.138],[144.392,75.053],[144.176,75.037],[144.068,75.008],[143.96,75.016],[143.96,75.053],[143.636,75.073],[143.528,75.061],[143.492,75.004],[143.564,75.008],[143.708,74.971],[143.708,74.939],[143.6,74.906],[143.42,74.89],[143.06,74.878],[143.024,74.894],[142.88,74.87],[142.736,74.898],[142.736,74.862],[142.592,74.809],[142.448,74.805],[141.98,74.923],[142.052,74.963],[142.16,74.971],[142.376,74.919],[142.376,74.939],[142.232,74.98],[142.268,75.02],[142.16,74.996],[141.872,75.004],[141.8,74.971],[141.656,74.963],[141.548,74.931],[140.828,74.886],[140.108,74.801],[140.072,74.886],[139.928,74.906],[139.82,74.955],[139.676,74.963],[139.568,74.935],[139.532,74.862],[139.64,74.837],[139.46,74.695],[139.352,74.662],[139.172,74.638],[138.992,74.654],[138.74,74.711],[138.2,74.76],[138.02,74.837],[137.912,74.91],[137.948,74.939],[137.768,74.963],[137.732,75.02],[137.552,75.02],[137.372,75.065],[137.156,75.183],[136.976,75.248],[136.94,75.338],[137.012,75.358],[137.228,75.382],[137.192,75.431],[137.3,75.451],[137.3,75.492],[137.192,75.549],[137.156,75.533],[137.012,75.59],[137.228,75.634],[137.228,75.687],[137.156,75.72],[137.264,75.761],[137.48,75.744],[137.624,75.777],[137.516,75.85],[137.48,75.83],[137.444,75.927],[137.66,75.992],[138.128,76.005],[138.2,76.053],[138.2,76.098],[138.344,76.127],[138.416,76.07],[138.488,76.07],[138.524,76.155],[138.596,76.171],[139.136,76.204],[139.064,76.188],[139.1,76.127],[139.28,76.07],[139.46,76.053],[139.568,76.0],[140.036,75.948],[139.964,75.919],[139.82,75.903],[139.964,75.842]],[[137.3,75.573],[137.228,75.626],[137.048,75.594],[137.192,75.549],[137.3,75.573]],[[152.889,76.11],[152.781,76.094],[152.565,76.135],[152.637,76.179],[152.853,76.188],[152.889,76.11]],[[148.641,76.676],[148.713,76.672],[148.857,76.724],[149.217,76.745],[149.397,76.745],[149.217,76.7],[149.181,76.631],[149.145,76.651],[148.929,76.655],[148.713,76.639],[148.461,76.639],[148.641,76.676]],[[156.742,76.993],[156.67,76.952],[156.526,76.968],[156.634,77.001],[156.742,76.993]],[[145.905,43.426],[145.905,43.454],[145.941,43.426],[145.905,43.426]],[[146.085,43.495],[146.085,43.532],[146.157,43.544],[146.193,43.528],[146.193,43.475],[146.121,43.462],[146.121,43.495],[146.085,43.495]],[[146.337,43.613],[146.301,43.654],[146.337,43.645],[146.337,43.613]],[[146.697,43.735],[146.697,43.711],[146.625,43.702],[146.625,43.731],[146.589,43.731],[146.589,43.812],[146.733,43.833],[146.733,43.857],[146.805,43.861],[146.841,43.881],[146.877,43.849],[146.913,43.849],[146.913,43.804],[146.841,43.8],[146.769,43.743],[146.697,43.735]],[[146.553,44.435],[146.553,44.39],[146.517,44.39],[146.517,44.365],[146.409,44.374],[146.373,44.361],[146.373,44.321],[146.301,44.272],[146.157,44.268],[146.085,44.256],[146.085,44.231],[146.049,44.231],[146.049,44.186],[145.977,44.174],[145.977,44.15],[145.905,44.134],[145.905,44.089],[145.869,44.089],[145.869,44.032],[145.797,44.012],[145.797,43.926],[145.725,43.91],[145.617,43.898],[145.617,43.865],[145.581,43.865],[145.581,43.727],[145.437,43.723],[145.437,43.796],[145.401,43.796],[145.401,43.845],[145.437,43.845],[145.437,43.869],[145.473,43.869],[145.473,43.906],[145.545,43.918],[145.581,43.938],[145.581,43.971],[145.653,43.987],[145.761,44.052],[145.761,44.129],[145.797,44.129],[145.797,44.162],[145.833,44.166],[145.833,44.19],[145.869,44.195],[145.869,44.247],[145.941,44.264],[145.977,44.292],[145.977,44.325],[146.013,44.325],[146.013,44.394],[146.049,44.394],[146.049,44.443],[146.085,44.443],[146.085,44.487],[146.121,44.487],[146.157,44.516],[146.193,44.487],[146.229,44.487],[146.229,44.451],[146.337,44.414],[146.481,44.414],[146.553,44.435]],[[148.821,45.427],[148.857,45.427],[148.857,45.333],[148.785,45.325],[148.605,45.329],[148.497,45.256],[148.425,45.252],[148.425,45.236],[148.281,45.207],[148.281,45.183],[148.209,45.175],[148.209,45.146],[148.101,45.122],[148.065,45.097],[148.065,45.061],[148.029,45.061],[148.029,45.036],[147.993,45.036],[147.993,44.996],[147.921,44.988],[147.921,44.959],[147.849,44.967],[147.813,44.943],[147.741,44.959],[147.741,45.0],[147.633,44.988],[147.633,44.951],[147.597,44.931],[147.633,44.919],[147.633,44.886],[147.597,44.886],[147.597,44.837],[147.561,44.813],[147.489,44.801],[147.489,44.78],[147.417,44.768],[147.345,44.699],[147.309,44.699],[147.309,44.658],[147.273,44.658],[147.273,44.605],[147.237,44.605],[147.237,44.581],[147.201,44.569],[147.057,44.557],[147.057,44.524],[147.021,44.524],[147.021,44.475],[146.985,44.475],[146.985,44.435],[146.877,44.43],[146.877,44.516],[146.949,44.524],[146.949,44.589],[147.021,44.581],[147.021,44.654],[147.057,44.638],[147.129,44.642],[147.201,44.691],[147.201,44.764],[147.129,44.768],[147.093,44.788],[147.093,44.825],[147.165,44.825],[147.165,44.805],[147.237,44.797],[147.237,44.837],[147.273,44.837],[147.273,44.874],[147.309,44.874],[147.417,44.923],[147.417,44.951],[147.453,44.951],[147.453,44.984],[147.525,44.988],[147.525,45.106],[147.597,45.077],[147.705,45.093],[147.705,45.175],[147.885,45.22],[147.885,45.305],[147.849,45.305],[147.849,45.39],[147.885,45.39],[147.885,45.431],[147.957,45.431],[147.957,45.374],[147.993,45.374],[147.993,45.289],[148.065,45.252],[148.173,45.256],[148.317,45.272],[148.353,45.289],[148.353,45.317],[148.425,45.321],[148.461,45.35],[148.461,45.403],[148.497,45.403],[148.497,45.439],[148.569,45.455],[148.569,45.492],[148.641,45.496],[148.641,45.533],[148.785,45.553],[148.857,45.545],[148.893,45.525],[148.893,45.472],[148.821,45.459],[148.821,45.427]],[[141.26,46.277],[141.26,46.236],[141.224,46.236],[141.224,46.277],[141.26,46.277]],[[144.716,48.648],[144.68,48.652],[144.68,48.681],[144.716,48.681],[144.716,48.648]],[[144.536,48.896],[144.536,48.925],[144.464,48.949],[144.464,48.9815],[144.536,48.941],[144.608,48.921],[144.608,48.9],[144.68,48.884],[144.68,48.701],[144.644,48.701],[144.644,48.799],[144.608,48.803],[144.608,48.848],[144.572,48.848],[144.572,48.896],[144.536,48.896]],[[144.464,48.9815],[144.45600000000002,48.986],[144.464,48.986],[144.464,48.9815]],[[144.45600000000002,48.986],[144.428,48.986],[144.39929113924052,49.01789873417721],[144.45600000000002,48.986]],[[144.392,49.026],[144.39929113924052,49.01789873417721],[144.392,49.022],[144.392,49.026]],[[143.492,49.319],[143.636,49.319],[143.456,49.311],[143.492,49.319]],[[143.564,46.403],[143.528,46.391],[143.6,46.391],[143.6,46.358],[143.564,46.358],[143.564,46.297],[143.528,46.297],[143.528,46.244],[143.492,46.244],[143.492,46.196],[143.456,46.196],[143.456,46.066],[143.384,46.07],[143.384,46.106],[143.42,46.106],[143.42,46.261],[143.384,46.261],[143.384,46.338],[143.348,46.342],[143.348,46.472],[143.312,46.505],[143.384,46.509],[143.384,46.545],[143.24,46.545],[143.204,46.59],[143.06,46.594],[142.952,46.619],[142.808,46.611],[142.772,46.598],[142.772,46.651],[142.736,46.651],[142.736,46.741],[142.7,46.724],[142.628,46.724],[142.52,46.704],[142.484,46.655],[142.448,46.655],[142.448,46.623],[142.412,46.619],[142.412,46.558],[142.376,46.558],[142.376,46.472],[142.34,46.468],[142.34,46.411],[142.304,46.407],[142.304,46.334],[142.268,46.334],[142.268,46.249],[142.232,46.249],[142.232,46.114],[142.196,46.114],[142.196,46.025],[142.16,46.0],[142.088,45.988],[142.088,45.907],[142.016,45.927],[142.016,45.972],[141.98,45.972],[141.98,46.013],[141.944,46.013],[141.944,46.114],[141.908,46.114],[141.908,46.293],[141.872,46.293],[141.872,46.403],[141.836,46.403],[141.836,46.505],[141.8,46.505],[141.8,46.602],[141.836,46.602],[141.836,46.651],[141.872,46.651],[141.872,46.737],[141.908,46.741],[141.908,46.818],[141.944,46.818],[141.944,46.863],[141.98,46.871],[141.98,46.924],[142.016,46.924],[142.016,47.038],[142.052,47.038],[142.052,47.229],[142.016,47.229],[142.016,47.265],[141.98,47.265],[141.98,47.505],[141.944,47.505],[141.944,47.583],[141.98,47.583],[141.98,47.66],[142.016,47.66],[142.016,47.733],[142.052,47.733],[142.052,47.79],[142.088,47.79],[142.088,47.875],[142.16,47.904],[142.16,47.932],[142.196,47.932],[142.196,48.071],[142.16,48.071],[142.16,48.323],[142.124,48.323],[142.124,48.384],[142.088,48.384],[142.088,48.433],[142.052,48.433],[142.052,48.469],[142.016,48.469],[142.016,48.514],[141.98,48.514],[141.98,48.547],[141.944,48.547],[141.944,48.591],[141.908,48.595],[141.908,48.644],[141.872,48.644],[141.872,48.734],[141.836,48.738],[141.836,48.786],[141.872,48.786],[141.872,48.823],[141.98,48.856],[141.98,48.909],[141.944,48.909],[142.016,48.937],[142.016,49.148],[142.088,49.132],[142.052,49.161],[142.052,49.193],[142.088,49.193],[142.088,49.433],[142.124,49.433],[142.124,49.515],[142.16,49.515],[142.16,49.868],[142.124,49.868],[142.124,49.962],[142.16,49.962],[142.16,50.381],[142.124,50.385],[142.124,50.417],[142.088,50.417],[142.088,50.483],[142.052,50.483],[142.052,50.67],[142.088,50.67],[142.088,50.836],[142.124,50.84],[142.124,50.901],[142.16,50.901],[142.196,50.93],[142.196,50.971],[142.232,50.971],[142.232,51.044],[142.268,51.044],[142.268,51.154],[142.232,51.154],[142.232,51.194],[142.196,51.194],[142.196,51.243],[142.16,51.247],[142.16,51.333],[142.124,51.333],[142.124,51.373],[142.088,51.373],[142.088,51.475],[142.052,51.479],[141.944,51.544],[141.944,51.63],[141.908,51.597],[141.836,51.621],[141.836,51.658],[141.8,51.691],[141.728,51.715],[141.8,51.715],[141.836,51.735],[141.836,51.792],[141.8,51.792],[141.8,51.825],[141.764,51.849],[141.62,51.874],[141.692,51.922],[141.692,51.983],[141.656,51.983],[141.656,52.061],[141.62,52.065],[141.62,52.105],[141.692,52.126],[141.692,52.191],[141.656,52.195],[141.656,52.398],[141.728,52.41],[141.764,52.443],[141.764,52.484],[141.8,52.484],[141.8,52.541],[141.836,52.541],[141.836,52.858],[141.872,52.858],[141.872,52.964],[141.908,52.964],[141.908,53.098],[141.872,53.098],[141.872,53.126],[141.836,53.126],[141.836,53.212],[141.8,53.212],[141.8,53.334],[141.764,53.334],[141.764,53.387],[141.836,53.399],[141.98,53.468],[142.052,53.48],[142.088,53.509],[142.232,53.525],[142.232,53.378],[142.34,53.366],[142.448,53.378],[142.484,53.395],[142.484,53.431],[142.52,53.435],[142.52,53.472],[142.556,53.472],[142.556,53.513],[142.592,53.525],[142.664,53.513],[142.664,53.549],[142.592,53.557],[142.592,53.582],[142.52,53.59],[142.52,53.557],[142.484,53.557],[142.484,53.574],[142.484,53.663],[142.52,53.679],[142.664,53.659],[142.664,53.614],[142.736,53.631],[142.736,53.663],[142.772,53.663],[142.772,53.814],[142.7,53.834],[142.7,53.781],[142.664,53.781],[142.664,53.716],[142.592,53.692],[142.592,53.74],[142.628,53.74],[142.628,53.785],[142.664,53.785],[142.664,53.842],[142.7,53.842],[142.7,53.956],[142.664,53.956],[142.592,54.001],[142.592,54.033],[142.52,54.058],[142.52,54.094],[142.412,54.135],[142.412,54.204],[142.376,54.204],[142.376,54.245],[142.34,54.269],[142.268,54.285],[142.268,54.31],[142.376,54.273],[142.448,54.273],[142.592,54.314],[142.592,54.285],[142.52,54.281],[142.52,54.233],[142.556,54.233],[142.556,54.277],[142.628,54.273],[142.628,54.342],[142.664,54.342],[142.664,54.412],[142.7,54.42],[142.736,54.416],[142.736,54.371],[142.772,54.371],[142.772,54.306],[142.808,54.306],[142.808,54.265],[142.88,54.241],[142.88,54.204],[142.916,54.204],[142.916,54.172],[142.988,54.139],[142.988,54.029],[142.916,54.005],[142.916,53.972],[142.88,53.972],[142.88,53.879],[142.808,53.879],[142.808,53.862],[142.88,53.862],[142.916,53.822],[142.88,53.822],[142.88,53.761],[142.952,53.765],[142.952,53.647],[143.024,53.635],[142.952,53.627],[142.952,53.606],[143.024,53.61],[143.024,53.59],[142.952,53.557],[142.988,53.529],[143.096,53.529],[143.096,53.472],[143.132,53.472],[143.132,53.427],[143.096,53.427],[143.096,53.378],[143.168,53.391],[143.168,53.362],[143.096,53.354],[143.096,53.313],[143.06,53.313],[143.06,53.187],[143.096,53.187],[143.096,53.016],[143.168,52.996],[143.168,52.923],[143.204,52.923],[143.204,52.878],[143.276,52.858],[143.276,52.923],[143.312,52.923],[143.312,52.593],[143.312,52.492],[143.276,52.492],[143.276,52.48],[143.24,52.48],[143.24,52.496],[143.168,52.484],[143.168,52.398],[143.132,52.398],[143.132,52.349],[143.096,52.349],[143.096,52.309],[143.168,52.28],[143.132,52.256],[143.132,52.162],[143.096,52.162],[143.096,52.04],[143.132,52.04],[143.132,52.077],[143.168,52.077],[143.168,51.991],[143.132,52.02],[143.132,51.947],[143.096,51.922],[143.168,51.898],[143.132,51.869],[143.24,51.853],[143.276,51.829],[143.276,51.768],[143.312,51.768],[143.312,51.715],[143.24,51.691],[143.24,51.556],[143.204,51.556],[143.204,51.503],[143.348,51.503],[143.348,51.601],[143.384,51.601],[143.384,51.524],[143.42,51.524],[143.42,51.487],[143.456,51.483],[143.456,51.369],[143.384,51.349],[143.42,51.304],[143.456,51.304],[143.456,51.247],[143.528,51.215],[143.528,51.17],[143.564,51.17],[143.564,51.06],[143.6,51.06],[143.6,50.946],[143.636,50.946],[143.636,50.828],[143.672,50.82],[143.672,50.682],[143.708,50.682],[143.708,50.491],[143.744,50.491],[143.744,50.389],[143.78,50.389],[143.78,50.308],[143.816,50.308],[143.816,50.234],[143.852,50.234],[143.852,50.182],[143.888,50.182],[143.888,50.125],[143.924,50.125],[143.924,50.088],[143.96,50.088],[143.96,50.039],[143.996,50.039],[143.996,49.921],[144.032,49.921],[144.032,49.86],[144.068,49.856],[144.068,49.795],[144.104,49.791],[144.104,49.657],[144.14,49.657],[144.14,49.584],[144.176,49.584],[144.176,49.539],[144.212,49.539],[144.212,49.397],[144.248,49.397],[144.248,49.323],[144.212,49.311],[144.284,49.311],[144.284,49.214],[144.32,49.214],[144.32,49.165],[144.356,49.161],[144.356,49.096],[144.392,49.092],[144.392,49.026],[144.32,49.035],[144.32,49.063],[144.284,49.063],[144.284,49.096],[144.248,49.096],[144.248,49.136],[144.176,49.161],[144.176,49.193],[144.14,49.193],[144.14,49.222],[144.068,49.238],[143.996,49.266],[143.924,49.27],[143.744,49.303],[143.744,49.327],[143.636,49.327],[143.636,49.34],[143.492,49.34],[143.456,49.356],[143.456,49.388],[143.384,49.413],[143.24,49.393],[143.24,49.356],[143.312,49.336],[143.312,49.319],[143.42,49.319],[143.42,49.307],[143.312,49.299],[143.24,49.262],[143.168,49.254],[143.132,49.266],[143.132,49.242],[143.096,49.234],[143.096,49.201],[143.024,49.181],[143.024,49.148],[142.988,49.148],[142.988,49.112],[142.952,49.112],[142.952,48.982],[142.988,48.982],[142.988,48.884],[142.952,48.884],[142.952,48.843],[142.916,48.843],[142.916,48.795],[142.88,48.791],[142.88,48.754],[142.844,48.75],[142.844,48.697],[142.808,48.697],[142.808,48.632],[142.772,48.628],[142.772,48.563],[142.736,48.559],[142.736,48.465],[142.7,48.465],[142.7,48.38],[142.664,48.38],[142.664,48.307],[142.628,48.307],[142.628,48.225],[142.592,48.225],[142.592,48.128],[142.556,48.124],[142.556,48.01],[142.52,48.01],[142.52,47.737],[142.556,47.733],[142.556,47.656],[142.592,47.656],[142.592,47.591],[142.628,47.591],[142.628,47.55],[142.664,47.55],[142.664,47.509],[142.7,47.509],[142.7,47.469],[142.736,47.469],[142.736,47.444],[142.772,47.424],[142.844,47.416],[142.88,47.375],[142.952,47.359],[142.952,47.294],[142.988,47.294],[142.988,47.261],[143.024,47.257],[143.024,47.046],[143.06,47.042],[143.06,46.981],[143.096,46.977],[143.096,46.855],[143.168,46.875],[143.168,46.842],[143.24,46.806],[143.312,46.789],[143.42,46.794],[143.42,46.846],[143.492,46.826],[143.492,46.639],[143.528,46.639],[143.528,46.468],[143.564,46.468],[143.564,46.403]],[[143.24,52.598],[143.24,52.545],[143.276,52.581],[143.312,52.593],[143.24,52.598]],[[143.24,52.52],[143.276,52.52],[143.276,52.545],[143.24,52.545],[143.24,52.52]],[[143.06,46.806],[143.132,46.798],[143.132,46.741],[143.168,46.741],[143.168,46.704],[143.204,46.72],[143.276,46.716],[143.312,46.684],[143.384,46.684],[143.384,46.733],[143.276,46.777],[143.168,46.789],[143.168,46.838],[143.096,46.855],[143.06,46.806]],[[143.204,52.37],[143.204,52.41],[143.276,52.443],[143.276,52.406],[143.24,52.406],[143.24,52.37],[143.204,52.37]],[[143.132,53.289],[143.168,53.289],[143.168,53.354],[143.204,53.354],[143.204,53.277],[143.24,53.277],[143.24,53.179],[143.276,53.179],[143.276,53.065],[143.24,53.065],[143.24,53.167],[143.204,53.191],[143.132,53.195],[143.132,53.289]],[[141.8,53.427],[141.836,53.403],[141.764,53.403],[141.8,53.427]],[[142.304,53.553],[142.304,53.57],[142.412,53.594],[142.484,53.574],[142.304,53.553]],[[150.297,46.053],[150.225,46.033],[150.225,46.0],[150.189,46.0],[150.189,45.923],[150.153,45.923],[150.153,45.899],[150.081,45.854],[150.009,45.842],[150.009,45.821],[149.937,45.826],[149.793,45.712],[149.757,45.712],[149.757,45.683],[149.721,45.683],[149.721,45.655],[149.685,45.655],[149.685,45.618],[149.541,45.59],[149.541,45.573],[149.397,45.577],[149.469,45.606],[149.469,45.667],[149.541,45.687],[149.541,45.724],[149.577,45.724],[149.577,45.781],[149.613,45.781],[149.613,45.809],[149.649,45.809],[149.649,45.846],[149.793,45.854],[149.865,45.907],[149.865,45.968],[149.901,45.988],[149.973,46.009],[149.973,46.049],[150.009,46.049],[150.045,46.094],[150.153,46.09],[150.189,46.106],[150.189,46.175],[150.225,46.188],[150.297,46.192],[150.333,46.224],[150.441,46.22],[150.441,46.196],[150.549,46.216],[150.441,46.139],[150.369,46.127],[150.369,46.102],[150.297,46.074],[150.297,46.053]],[[150.837,46.476],[150.837,46.448],[150.765,46.456],[150.801,46.484],[150.837,46.476]],[[150.873,46.541],[150.909,46.541],[150.909,46.513],[150.837,46.497],[150.837,46.533],[150.873,46.541]],[[150.729,46.737],[150.765,46.708],[150.729,46.708],[150.729,46.737]],[[152.061,46.952],[152.061,46.924],[152.025,46.924],[152.025,46.895],[151.953,46.855],[151.881,46.846],[151.881,46.806],[151.845,46.806],[151.845,46.781],[151.809,46.769],[151.737,46.777],[151.737,46.83],[151.701,46.855],[151.881,46.855],[151.881,46.899],[151.917,46.899],[151.917,46.944],[151.989,46.952],[151.989,46.981],[152.061,46.989],[152.061,47.034],[152.097,47.034],[152.097,47.062],[152.133,47.066],[152.133,47.111],[152.169,47.111],[152.169,47.151],[152.205,47.1595],[152.205,47.115],[152.277,47.135],[152.277,47.111],[152.241,47.082],[152.169,47.066],[152.169,46.993],[152.097,46.981],[152.061,46.952]],[[152.205,47.16],[152.241,47.168],[152.205,47.1595],[152.205,47.16]],[[152.457,47.379],[152.529,47.371],[152.529,47.298],[152.421,47.298],[152.421,47.375],[152.457,47.379]],[[152.961,47.692],[152.961,47.766],[152.997,47.766],[152.997,47.794],[153.033,47.798],[153.069,47.79],[153.069,47.725],[153.033,47.725],[153.033,47.701],[152.961,47.692]],[[153.177,48.054],[153.177,48.124],[153.213,48.124],[153.249,48.107],[153.249,48.067],[153.285,48.067],[153.285,48.042],[153.213,48.038],[153.177,48.054]],[[154.041,48.721],[153.969,48.725],[153.969,48.766],[154.005,48.782],[154.077,48.786],[154.077,48.738],[154.041,48.721]],[[154.113,48.856],[154.113,48.896],[154.185,48.904],[154.221,48.9],[154.221,48.848],[154.185,48.848],[154.185,48.811],[154.077,48.791],[154.077,48.856],[154.113,48.856]],[[153.933,48.974],[154.005,48.957],[154.005,48.921],[153.897,48.921],[153.897,48.965],[153.933,48.974]],[[153.501,48.965],[153.465,48.965],[153.465,48.99],[153.501,48.99],[153.501,48.965]],[[154.581,49.148],[154.617,49.104],[154.545,49.067],[154.473,49.083],[154.473,49.169],[154.581,49.148]],[[154.797,49.47],[154.797,49.401],[154.833,49.401],[154.833,49.291],[154.725,49.258],[154.617,49.27],[154.617,49.372],[154.653,49.372],[154.653,49.425],[154.689,49.425],[154.689,49.474],[154.725,49.474],[154.725,49.527],[154.761,49.527],[154.761,49.592],[154.833,49.608],[154.833,49.637],[154.869,49.604],[154.905,49.604],[154.905,49.527],[154.833,49.515],[154.833,49.47],[154.797,49.47]],[[154.437,49.82],[154.473,49.816],[154.473,49.738],[154.401,49.73],[154.401,49.811],[154.437,49.82]],[[155.014,50.19],[154.941,50.19],[154.941,50.202],[155.014,50.202],[155.014,50.19]],[[156.274,50.775],[156.346,50.812],[156.382,50.853],[156.49,50.861],[156.49,50.718],[156.454,50.718],[156.454,50.67],[156.418,50.67],[156.418,50.633],[156.274,50.637],[156.238,50.666],[156.166,50.678],[156.166,50.702],[156.13,50.702],[156.13,50.625],[156.166,50.625],[156.166,50.499],[156.058,50.483],[156.022,50.458],[156.022,50.381],[155.986,50.381],[155.986,50.344],[155.95,50.344],[155.95,50.312],[155.914,50.312],[155.914,50.259],[155.806,50.234],[155.806,50.19],[155.59,50.182],[155.59,50.161],[155.482,50.125],[155.482,50.1],[155.446,50.1],[155.446,50.035],[155.374,50.031],[155.338,50.06],[155.23,50.055],[155.23,50.125],[155.266,50.125],[155.266,50.222],[155.194,50.251],[155.194,50.287],[155.302,50.304],[155.374,50.283],[155.374,50.336],[155.41,50.352],[155.554,50.361],[155.662,50.377],[155.77,50.454],[155.77,50.523],[155.842,50.539],[155.842,50.653],[155.914,50.674],[155.914,50.71],[155.95,50.71],[156.022,50.767],[156.166,50.747],[156.166,50.714],[156.202,50.714],[156.202,50.771],[156.274,50.775]],[[155.554,50.918],[155.662,50.906],[155.662,50.804],[155.518,50.804],[155.482,50.828],[155.482,50.914],[155.554,50.918]],[[52.547,54.387],[52.511,54.363],[52.403,54.33],[52.403,54.265],[52.367,54.241],[52.403,54.22],[52.331,54.184],[52.331,54.135],[52.367,54.131],[52.439,54.078],[52.439,54.009],[52.403,53.944],[52.403,53.875],[52.295,53.81],[52.223,53.72],[52.223,53.61],[52.115,53.566],[52.115,53.468],[52.151,53.423],[52.295,53.411],[52.259,53.374],[52.223,53.382],[52.151,53.354],[52.187,53.313],[52.151,53.256],[52.079,53.187],[52.151,53.134],[52.115,53.094],[52.115,53.037],[52.079,53.012],[52.007,53.004],[51.935,52.984],[51.863,52.927],[51.863,52.911],[51.791,52.894],[51.719,52.829],[51.755,52.801],[51.755,52.752],[51.683,52.675],[51.611,52.679],[51.539,52.654],[51.539,52.618],[51.467,52.565],[51.467,52.536],[51.575,52.484],[51.575,52.443],[51.503,52.419],[51.503,52.402],[51.395,52.317],[51.431,52.26],[51.431,52.179],[51.467,52.126],[51.323,52.016],[51.179,51.943],[51.071,51.898],[50.927,51.821],[50.855,51.792],[50.747,51.857],[50.747,51.914],[50.639,51.987],[50.495,51.996],[50.387,52.044],[50.315,52.028],[50.243,52.044],[50.171,52.142],[50.099,52.142],[50.027,52.187],[49.847,52.191],[49.811,52.231],[49.739,52.248],[49.667,52.292],[49.667,52.366],[49.595,52.402],[49.559,52.398],[49.523,52.353],[49.379,52.41],[49.415,52.459],[49.307,52.5],[49.199,52.508],[48.947,52.48],[48.911,52.524],[48.839,52.536],[48.731,52.589],[48.695,52.646],[48.623,52.642],[48.551,52.683],[48.479,52.699],[48.335,52.634],[48.299,52.65],[48.299,52.699],[48.371,52.732],[48.407,52.776],[48.371,52.801],[48.479,52.821],[48.515,52.858],[48.515,52.89],[48.551,52.935],[48.479,52.996],[48.335,53.012],[48.371,53.025],[48.299,53.057],[48.191,53.033],[48.191,53.094],[48.227,53.147],[48.155,53.191],[48.155,53.265],[48.083,53.293],[48.011,53.334],[47.975,53.391],[48.047,53.431],[48.047,53.472],[48.191,53.513],[48.371,53.468],[48.407,53.496],[48.407,53.533],[48.371,53.582],[48.407,53.598],[48.335,53.635],[48.335,53.663],[48.407,53.692],[48.587,53.659],[48.623,53.704],[48.479,53.724],[48.443,53.74],[48.551,53.785],[48.731,53.724],[48.839,53.708],[48.875,53.712],[48.911,53.765],[49.019,53.858],[49.235,53.842],[49.163,53.887],[49.271,53.866],[49.379,53.895],[49.451,53.887],[49.523,53.866],[49.595,53.83],[49.847,53.899],[49.883,53.866],[49.955,53.858],[50.027,53.887],[49.919,53.952],[49.991,53.993],[50.063,54.005],[50.207,54.094],[50.207,54.184],[50.279,54.253],[50.207,54.322],[50.243,54.363],[50.171,54.428],[50.135,54.481],[50.063,54.529],[50.243,54.501],[50.243,54.481],[50.315,54.432],[50.351,54.432],[50.387,54.477],[50.459,54.44],[50.495,54.391],[50.495,54.346],[50.567,54.33],[50.603,54.355],[50.711,54.448],[50.747,54.452],[50.855,54.391],[50.963,54.35],[50.999,54.383],[50.999,54.534],[51.107,54.566],[51.179,54.627],[51.143,54.643],[51.179,54.672],[51.287,54.635],[51.395,54.68],[51.359,54.627],[51.359,54.59],[51.431,54.582],[51.503,54.647],[51.539,54.643],[51.611,54.595],[51.683,54.586],[51.827,54.513],[51.899,54.521],[51.971,54.501],[51.935,54.456],[52.043,54.399],[52.079,54.342],[52.151,54.375],[52.259,54.444],[52.367,54.444],[52.403,54.42],[52.475,54.456],[52.511,54.452],[52.511,54.416],[52.547,54.387]],[[50.855,51.792],[50.819,51.743],[50.747,51.768],[50.747,51.67],[50.783,51.666],[50.783,51.593],[50.675,51.573],[50.711,51.63],[50.567,51.642],[50.567,51.609],[50.495,51.573],[50.495,51.503],[50.531,51.487],[50.459,51.471],[50.459,51.438],[50.351,51.438],[50.387,51.41],[50.351,51.398],[50.351,51.337],[50.243,51.296],[50.135,51.28],[49.919,51.235],[49.883,51.194],[49.739,51.113],[49.595,51.125],[49.487,51.109],[49.415,51.125],[49.379,51.105],[49.379,51.048],[49.343,51.032],[49.343,50.975],[49.379,50.954],[49.379,50.926],[49.415,50.897],[49.415,50.857],[49.235,50.828],[49.235,50.808],[49.127,50.796],[49.055,50.767],[49.019,50.714],[48.947,50.657],[48.875,50.633],[48.839,50.596],[48.767,50.621],[48.659,50.633],[48.623,50.657],[48.551,50.649],[48.551,50.625],[48.623,50.605],[48.659,50.572],[48.623,50.531],[48.659,50.47],[48.659,50.413],[48.695,50.377],[48.695,50.287],[48.731,50.255],[48.731,50.222],[48.767,50.202],[48.767,50.1],[48.839,50.088],[48.875,50.043],[48.875,50.003],[48.839,49.994],[48.659,49.897],[48.443,49.84],[48.443,49.811],[48.407,49.828],[48.335,49.828],[48.335,49.856],[48.227,49.864],[48.227,49.909],[48.155,49.954],[48.155,49.982],[48.119,49.99],[48.119,50.06],[47.975,50.145],[47.975,50.19],[47.939,50.194],[47.939,50.239],[47.867,50.263],[47.831,50.295],[47.831,50.328],[47.759,50.332],[47.723,50.369],[47.759,50.377],[47.651,50.401],[47.651,50.417],[47.579,50.454],[47.507,50.458],[47.507,50.442],[47.435,50.413],[47.435,50.393],[47.363,50.385],[47.291,50.389],[47.219,50.446],[47.219,50.483],[47.111,50.483],[47.075,50.458],[47.003,50.487],[46.895,50.568],[46.931,50.6],[46.859,50.641],[46.787,50.645],[46.679,50.694],[46.607,50.67],[46.607,50.592],[46.499,50.535],[46.355,50.568],[46.247,50.515],[46.175,50.511],[46.139,50.539],[46.139,50.649],[46.103,50.678],[45.995,50.706],[45.959,50.739],[45.815,50.771],[45.707,50.727],[45.707,50.694],[45.779,50.605],[45.743,50.572],[45.563,50.592],[45.455,50.592],[45.347,50.552],[45.311,50.552],[45.239,50.592],[45.239,50.694],[45.311,50.71],[45.347,50.739],[45.347,50.893],[45.275,50.926],[45.275,50.995],[45.203,51.056],[45.131,51.076],[45.095,51.121],[44.986,51.125],[44.878,51.182],[44.77,51.178],[44.698,51.186],[44.662,51.145],[44.59,51.15],[44.554,51.198],[44.338,51.19],[44.194,51.109],[44.122,51.105],[44.086,51.08],[44.05,51.109],[44.086,51.17],[44.05,51.182],[43.978,51.17],[43.978,51.15],[43.906,51.125],[43.834,51.133],[43.762,51.113],[43.726,51.076],[43.582,51.056],[43.582,51.044],[43.51,51.019],[43.438,51.023],[43.15,51.17],[43.078,51.194],[43.042,51.235],[42.97,51.239],[42.97,51.255],[42.934,51.304],[42.934,51.418],[42.898,51.446],[42.79,51.495],[42.646,51.52],[42.574,51.573],[42.538,51.63],[42.61,51.739],[42.682,51.796],[42.718,51.845],[42.718,51.91],[42.826,52.0],[42.826,52.036],[42.862,52.057],[42.862,52.142],[42.97,52.227],[42.97,52.284],[43.006,52.349],[43.114,52.374],[43.114,52.394],[43.15,52.394],[43.222,52.451],[43.294,52.451],[43.33,52.402],[43.402,52.37],[43.474,52.358],[43.546,52.398],[43.69,52.41],[43.798,52.447],[43.87,52.419],[43.906,52.39],[44.014,52.366],[44.158,52.358],[44.302,52.292],[44.374,52.301],[44.41,52.321],[44.41,52.353],[44.482,52.394],[44.554,52.402],[44.59,52.459],[44.59,52.508],[44.626,52.512],[44.734,52.463],[44.842,52.48],[44.95,52.419],[44.986,52.382],[45.059,52.333],[45.131,52.37],[45.131,52.402],[45.203,52.419],[45.239,52.402],[45.311,52.402],[45.383,52.431],[45.455,52.41],[45.527,52.41],[45.671,52.52],[45.743,52.516],[45.779,52.471],[45.851,52.459],[45.959,52.398],[46.031,52.402],[46.067,52.439],[46.031,52.459],[45.995,52.524],[46.067,52.549],[46.139,52.553],[46.139,52.589],[46.211,52.618],[46.319,52.614],[46.319,52.634],[46.391,52.695],[46.463,52.703],[46.535,52.695],[46.571,52.724],[46.643,52.728],[46.679,52.707],[46.679,52.663],[46.787,52.642],[46.859,52.614],[46.967,52.65],[47.039,52.646],[47.075,52.581],[47.147,52.61],[47.255,52.577],[47.327,52.585],[47.435,52.561],[47.543,52.618],[47.615,52.63],[47.687,52.614],[47.759,52.581],[47.831,52.602],[47.831,52.638],[47.759,52.683],[47.831,52.756],[47.903,52.752],[47.939,52.711],[48.011,52.724],[48.083,52.793],[48.191,52.785],[48.299,52.833],[48.371,52.801],[48.407,52.776],[48.371,52.732],[48.299,52.699],[48.299,52.65],[48.335,52.634],[48.479,52.699],[48.551,52.683],[48.623,52.642],[48.695,52.646],[48.731,52.589],[48.839,52.536],[48.911,52.524],[48.947,52.48],[49.199,52.508],[49.307,52.5],[49.415,52.459],[49.379,52.41],[49.523,52.353],[49.559,52.398],[49.595,52.402],[49.667,52.366],[49.667,52.292],[49.739,52.248],[49.811,52.231],[49.847,52.191],[50.027,52.187],[50.099,52.142],[50.171,52.142],[50.243,52.044],[50.315,52.028],[50.387,52.044],[50.495,51.996],[50.639,51.987],[50.747,51.914],[50.747,51.857],[50.855,51.792]],[[35.194,55.92],[35.302,55.819],[35.374,55.778],[35.374,55.685],[35.41,55.636],[35.446,55.619],[35.41,55.546],[35.338,55.53],[35.338,55.262],[35.374,55.229],[35.374,55.16],[35.302,55.083],[35.266,55.066],[35.194,54.981],[35.158,54.948],[35.122,54.993],[35.05,54.94],[34.941,54.92],[34.941,54.875],[34.905,54.855],[34.905,54.794],[34.977,54.773],[34.833,54.696],[34.761,54.692],[34.689,54.656],[34.617,54.664],[34.509,54.696],[34.473,54.66],[34.545,54.643],[34.545,54.59],[34.509,54.578],[34.509,54.497],[34.329,54.509],[34.257,54.485],[34.221,54.529],[34.149,54.521],[34.041,54.534],[34.005,54.554],[33.933,54.55],[33.897,54.525],[33.861,54.55],[33.753,54.493],[33.717,54.501],[33.645,54.444],[33.717,54.42],[33.645,54.35],[33.753,54.31],[33.717,54.249],[33.645,54.228],[33.681,54.188],[33.609,54.167],[33.573,54.111],[33.609,54.098],[33.573,54.07],[33.501,54.062],[33.537,54.005],[33.465,53.984],[33.501,53.956],[33.429,53.923],[33.357,53.968],[33.357,53.919],[33.285,53.866],[33.357,53.818],[33.321,53.785],[33.249,53.801],[33.249,53.716],[33.177,53.724],[33.105,53.683],[33.105,53.647],[32.997,53.61],[32.961,53.574],[32.961,53.529],[32.925,53.496],[32.925,53.423],[32.853,53.443],[32.745,53.411],[32.745,53.448],[32.781,53.464],[32.673,53.456],[32.673,53.496],[32.601,53.464],[32.601,53.509],[32.565,53.509],[32.529,53.545],[32.457,53.574],[32.457,53.631],[32.421,53.627],[32.421,53.663],[32.493,53.688],[32.457,53.728],[32.349,53.724],[32.349,53.753],[32.277,53.753],[32.277,53.773],[32.205,53.769],[32.205,53.789],[32.133,53.81],[31.989,53.785],[31.845,53.781],[31.773,53.797],[31.773,53.858],[31.845,53.875],[31.845,53.944],[31.881,53.944],[31.845,53.98],[31.881,54.001],[31.881,54.058],[31.773,54.062],[31.773,54.106],[31.701,54.102],[31.665,54.135],[31.593,54.131],[31.521,54.163],[31.521,54.188],[31.413,54.224],[31.413,54.257],[31.305,54.265],[31.341,54.306],[31.305,54.326],[31.341,54.359],[31.269,54.391],[31.269,54.444],[31.197,54.477],[31.089,54.505],[31.089,54.538],[31.125,54.542],[31.125,54.582],[31.197,54.611],[31.197,54.668],[31.089,54.664],[30.981,54.672],[31.017,54.684],[30.945,54.745],[30.873,54.757],[30.837,54.79],[30.765,54.794],[30.765,54.834],[30.837,54.879],[30.837,54.948],[30.945,54.961],[30.945,55.038],[31.017,55.034],[31.017,55.066],[30.981,55.074],[30.981,55.188],[30.909,55.229],[30.909,55.266],[30.837,55.286],[30.837,55.343],[30.945,55.384],[30.945,55.432],[30.909,55.449],[30.909,55.485],[30.945,55.493],[30.945,55.636],[30.909,55.628],[30.945,55.656],[31.017,55.68],[30.981,55.701],[31.053,55.729],[31.125,55.741],[31.233,55.717],[31.341,55.737],[31.449,55.746],[31.521,55.721],[31.665,55.705],[31.737,55.721],[31.809,55.668],[31.917,55.644],[31.917,55.705],[32.025,55.721],[32.133,55.713],[32.133,55.664],[32.241,55.66],[32.133,55.636],[32.205,55.607],[32.277,55.648],[32.313,55.632],[32.385,55.632],[32.457,55.656],[32.493,55.656],[32.565,55.603],[32.601,55.676],[32.673,55.656],[32.601,55.615],[32.637,55.587],[32.673,55.628],[32.925,55.607],[32.997,55.587],[33.069,55.64],[33.141,55.603],[33.177,55.644],[33.213,55.595],[33.249,55.595],[33.249,55.632],[33.285,55.676],[33.321,55.668],[33.393,55.709],[33.465,55.697],[33.537,55.701],[33.537,55.721],[33.609,55.733],[33.609,55.79],[33.717,55.798],[33.717,55.835],[33.753,55.847],[33.717,55.892],[33.753,55.933],[33.789,55.908],[33.825,55.92],[33.861,55.904],[33.861,55.864],[33.897,55.872],[33.897,55.92],[33.933,55.949],[33.861,55.981],[33.897,55.986],[33.933,56.034],[34.005,56.038],[34.077,56.006],[34.185,56.01],[34.221,56.038],[34.293,56.03],[34.365,55.957],[34.365,55.925],[34.437,55.986],[34.509,55.969],[34.581,55.916],[34.725,55.88],[34.833,55.945],[34.869,55.925],[34.941,55.949],[35.05,55.925],[35.122,55.945],[35.194,55.92]],[[45.707,44.988],[45.599,44.878],[45.599,44.837],[45.635,44.797],[45.635,44.736],[45.491,44.593],[45.455,44.573],[45.383,44.565],[45.311,44.536],[45.311,44.508],[45.347,44.459],[45.311,44.447],[45.311,44.41],[45.455,44.414],[45.491,44.382],[45.491,44.304],[45.455,44.256],[45.383,44.247],[45.203,44.186],[45.203,44.142],[45.275,44.146],[45.347,44.113],[45.491,44.15],[45.563,44.129],[45.599,44.097],[45.563,44.073],[45.563,43.975],[45.491,43.922],[45.527,43.885],[45.527,43.849],[45.455,43.808],[45.311,43.804],[45.275,43.824],[45.275,43.898],[45.131,43.869],[45.167,43.841],[45.167,43.751],[45.131,43.723],[45.131,43.686],[45.023,43.629],[44.95,43.645],[44.914,43.706],[44.842,43.739],[44.698,43.759],[44.518,43.715],[44.446,43.715],[44.41,43.727],[44.41,43.796],[44.446,43.837],[44.518,43.861],[44.518,43.946],[44.482,43.922],[44.41,43.837],[44.338,43.841],[44.266,43.881],[44.158,43.894],[44.086,43.922],[44.014,43.894],[43.942,43.833],[43.942,43.776],[43.87,43.735],[43.798,43.763],[43.69,43.784],[43.618,43.784],[43.474,43.739],[43.438,43.768],[43.438,43.82],[43.402,43.869],[43.33,43.865],[43.33,43.849],[43.114,43.792],[43.078,43.8],[42.97,43.759],[42.862,43.747],[42.79,43.812],[42.79,43.845],[42.826,43.873],[42.718,43.971],[42.646,43.983],[42.682,43.926],[42.646,43.91],[42.574,43.914],[42.538,43.934],[42.538,43.967],[42.466,43.979],[42.466,44.048],[42.502,44.081],[42.574,44.109],[42.61,44.142],[42.682,44.15],[42.754,44.195],[42.826,44.211],[42.826,44.247],[42.718,44.3],[42.718,44.329],[42.682,44.321],[42.682,44.26],[42.574,44.264],[42.574,44.219],[42.502,44.239],[42.466,44.3],[42.25,44.329],[42.178,44.321],[42.07,44.374],[42.034,44.435],[42.034,44.463],[41.926,44.471],[41.854,44.443],[41.746,44.491],[41.602,44.585],[41.53,44.622],[41.494,44.675],[41.602,44.707],[41.674,44.736],[41.674,44.768],[41.746,44.817],[41.746,44.919],[41.674,44.951],[41.566,44.971],[41.53,44.992],[41.458,45.089],[41.422,45.118],[41.422,45.199],[41.35,45.228],[41.206,45.203],[41.062,45.232],[41.062,45.386],[41.026,45.435],[40.954,45.455],[40.954,45.52],[40.882,45.537],[40.846,45.565],[40.846,45.659],[40.918,45.699],[41.062,45.708],[41.098,45.671],[41.134,45.671],[41.206,45.708],[41.17,45.744],[41.206,45.765],[41.278,45.765],[41.314,45.793],[41.278,45.838],[41.206,45.878],[41.17,45.887],[41.17,45.984],[41.35,45.952],[41.386,45.952],[41.458,46.013],[41.71,46.004],[41.89,46.004],[41.998,45.988],[42.07,45.939],[42.142,45.931],[42.178,45.943],[42.178,46.017],[42.214,46.045],[42.178,46.098],[42.214,46.131],[42.25,46.135],[42.358,46.118],[42.322,46.074],[42.322,45.972],[42.574,45.988],[42.61,46.017],[42.682,46.045],[42.682,46.07],[42.826,46.09],[42.826,46.122],[42.862,46.171],[42.934,46.224],[43.006,46.196],[43.006,46.179],[43.114,46.131],[43.258,46.106],[43.366,46.061],[43.438,46.004],[43.582,45.96],[43.726,45.964],[43.942,45.911],[44.05,45.874],[44.122,45.826],[44.158,45.769],[44.158,45.724],[44.194,45.699],[44.302,45.573],[44.374,45.525],[44.518,45.464],[44.662,45.439],[44.878,45.411],[44.914,45.398],[44.914,45.374],[44.95,45.35],[45.023,45.337],[45.203,45.268],[45.419,45.199],[45.563,45.126],[45.707,44.988]],[[65.977,58.568],[65.977,58.491],[66.049,58.369],[66.049,58.267],[66.193,58.064],[65.869,57.966],[65.833,57.922],[65.725,57.901],[65.653,57.84],[65.545,57.787],[65.473,57.804],[65.401,57.84],[65.185,57.771],[64.968,57.718],[64.896,57.686],[64.932,57.645],[65.005,57.633],[65.005,57.608],[64.896,57.499],[64.86,57.482],[64.932,57.34],[64.968,57.242],[65.041,57.169],[65.041,57.071],[65.077,56.97],[65.113,56.937],[65.257,56.949],[65.293,56.929],[65.221,56.864],[65.221,56.815],[65.041,56.787],[64.968,56.791],[64.896,56.827],[64.86,56.86],[64.716,56.856],[64.572,56.86],[64.428,56.787],[64.392,56.791],[64.32,56.775],[64.32,56.722],[64.356,56.681],[64.248,56.64],[64.212,56.579],[64.248,56.539],[64.176,56.51],[64.104,56.502],[64.068,56.522],[63.96,56.514],[63.78,56.522],[63.708,56.547],[63.6,56.616],[63.492,56.648],[63.384,56.624],[63.348,56.575],[63.312,56.6],[63.24,56.608],[63.132,56.592],[62.988,56.648],[62.88,56.628],[62.808,56.587],[62.736,56.583],[62.664,56.518],[62.592,56.547],[62.556,56.596],[62.52,56.6],[62.412,56.551],[62.304,56.486],[62.196,56.388],[62.16,56.348],[62.052,56.303],[62.052,56.189],[62.016,56.181],[61.872,56.213],[61.836,56.282],[61.728,56.307],[61.692,56.343],[61.584,56.352],[61.548,56.335],[61.476,56.36],[61.476,56.38],[61.404,56.4],[61.296,56.38],[61.188,56.404],[61.152,56.4],[61.08,56.348],[61.08,56.323],[61.152,56.282],[61.152,56.254],[61.08,56.242],[60.864,56.242],[60.792,56.234],[60.648,56.254],[60.576,56.238],[60.468,56.282],[60.324,56.295],[60.252,56.262],[60.072,56.254],[59.964,56.278],[59.82,56.27],[59.784,56.25],[59.712,56.25],[59.64,56.307],[59.64,56.335],[59.46,56.343],[59.316,56.364],[59.28,56.388],[59.172,56.356],[59.172,56.242],[59.064,56.221],[59.028,56.152],[58.992,56.108],[58.92,56.079],[58.812,56.091],[58.776,56.116],[58.704,56.124],[58.632,56.173],[58.56,56.185],[58.488,56.173],[58.452,56.128],[58.308,56.108],[58.272,56.132],[58.128,56.144],[58.02,56.103],[57.948,56.112],[57.804,56.169],[57.696,56.173],[57.552,56.132],[57.516,56.173],[57.552,56.221],[57.444,56.287],[57.408,56.343],[57.372,56.396],[57.372,56.514],[57.408,56.543],[57.372,56.587],[57.444,56.636],[57.444,56.673],[57.372,56.726],[57.264,56.84],[57.264,56.909],[57.3,56.945],[57.372,56.958],[57.588,56.909],[57.696,56.929],[57.768,56.998],[57.876,57.031],[57.948,57.096],[58.02,57.096],[58.056,57.055],[58.092,57.067],[58.056,57.112],[58.092,57.132],[57.984,57.202],[57.984,57.259],[58.056,57.287],[57.912,57.36],[57.912,57.401],[57.984,57.478],[57.984,57.588],[58.056,57.653],[58.056,57.706],[58.164,57.755],[58.308,57.722],[58.488,57.73],[58.488,57.682],[58.524,57.616],[58.56,57.625],[58.668,57.714],[58.884,57.787],[58.884,57.881],[58.848,57.917],[58.776,57.913],[58.704,57.938],[58.596,57.999],[58.632,58.035],[58.596,58.092],[58.74,58.19],[58.812,58.263],[58.884,58.284],[58.992,58.345],[59.136,58.332],[59.208,58.353],[59.244,58.426],[59.352,58.483],[59.424,58.499],[59.46,58.544],[59.46,58.597],[59.424,58.641],[59.424,58.711],[59.46,58.735],[59.424,58.755],[59.28,58.739],[59.208,58.768],[59.172,58.82],[59.1,58.837],[59.1,58.926],[59.208,58.983],[59.208,59.007],[59.136,59.077],[59.136,59.125],[59.172,59.17],[59.1,59.203],[58.992,59.284],[58.848,59.292],[58.74,59.325],[58.596,59.443],[58.488,59.487],[58.56,59.626],[58.632,59.731],[58.74,59.805],[58.776,59.853],[58.848,59.878],[58.956,59.947],[59.028,59.955],[59.064,59.984],[59.172,60.171],[59.244,60.252],[59.244,60.305],[59.208,60.35],[59.388,60.573],[59.424,60.671],[59.496,60.765],[59.496,60.923],[59.352,61.082],[59.352,61.135],[59.316,61.192],[59.316,61.342],[59.388,61.399],[59.496,61.578],[59.46,61.651],[59.388,61.7],[59.388,61.753],[59.352,61.814],[59.352,61.855],[59.424,61.891],[59.46,61.948],[59.532,61.973],[59.64,61.936],[59.748,61.932],[59.964,61.883],[60.0,61.859],[59.964,61.814],[60.0,61.753],[60.072,61.712],[60.432,61.745],[60.72,61.733],[60.9,61.708],[61.08,61.704],[61.296,61.659],[61.476,61.582],[61.872,61.456],[62.052,61.415],[62.232,61.346],[62.448,61.281],[62.736,61.2],[62.88,61.07],[62.916,61.017],[62.88,60.968],[62.88,60.923],[62.844,60.887],[62.88,60.834],[62.88,60.785],[62.952,60.708],[63.024,60.606],[63.132,60.512],[63.24,60.451],[63.312,60.321],[63.276,60.24],[63.348,60.211],[63.636,60.171],[63.708,60.146],[63.78,60.085],[63.78,60.02],[63.852,59.853],[63.816,59.809],[63.816,59.74],[63.852,59.675],[63.852,59.577],[63.924,59.5],[64.032,59.439],[64.176,59.41],[64.464,59.406],[64.608,59.374],[64.86,59.333],[65.113,59.341],[65.149,59.252],[65.257,59.256],[65.293,59.235],[65.293,59.162],[65.401,59.048],[65.401,59.012],[65.473,58.873],[65.545,58.804],[65.653,58.735],[65.797,58.67],[65.941,58.658],[65.977,58.621],[65.977,58.568]],[[42.106,53.781],[42.142,53.761],[42.142,53.724],[42.106,53.692],[42.142,53.667],[42.142,53.594],[42.106,53.578],[42.106,53.509],[42.178,53.472],[42.322,53.435],[42.322,53.387],[42.286,53.37],[42.286,53.326],[42.43,53.317],[42.502,53.269],[42.538,53.212],[42.61,53.183],[42.574,53.114],[42.61,53.086],[42.718,53.061],[42.718,53.041],[42.79,52.984],[42.862,52.964],[42.898,52.931],[42.97,52.919],[42.97,52.903],[43.114,52.817],[43.222,52.715],[43.294,52.671],[43.294,52.61],[43.258,52.577],[43.15,52.532],[43.114,52.496],[43.15,52.463],[43.114,52.455],[43.114,52.394],[43.114,52.374],[43.006,52.349],[42.97,52.284],[42.97,52.227],[42.862,52.142],[42.862,52.057],[42.826,52.036],[42.826,52.0],[42.718,51.91],[42.718,51.845],[42.682,51.796],[42.61,51.739],[42.538,51.63],[42.574,51.573],[42.502,51.597],[42.394,51.573],[42.358,51.593],[42.358,51.658],[42.322,51.666],[42.214,51.67],[42.214,51.601],[42.142,51.638],[41.998,51.638],[41.998,51.654],[41.926,51.707],[41.854,51.691],[41.782,51.703],[41.674,51.739],[41.53,51.739],[41.422,51.772],[41.35,51.735],[41.314,51.707],[41.242,51.715],[41.062,51.691],[40.99,51.723],[41.026,51.731],[41.026,51.849],[40.954,51.878],[40.882,51.874],[40.81,51.906],[40.702,51.91],[40.594,51.93],[40.666,52.008],[40.666,52.065],[40.702,52.097],[40.702,52.13],[40.738,52.15],[40.81,52.162],[40.81,52.219],[40.774,52.248],[40.702,52.268],[40.594,52.325],[40.45,52.337],[40.378,52.374],[40.378,52.41],[40.414,52.443],[40.234,52.484],[40.126,52.532],[40.054,52.585],[40.054,52.679],[40.018,52.695],[40.018,52.76],[40.054,52.781],[40.162,52.772],[40.198,52.797],[40.126,52.862],[40.126,52.915],[40.198,52.927],[40.198,52.976],[40.162,52.988],[40.162,53.049],[40.126,53.065],[40.162,53.11],[40.162,53.151],[40.126,53.171],[40.126,53.199],[40.162,53.216],[40.162,53.281],[40.198,53.317],[40.306,53.305],[40.342,53.382],[40.378,53.342],[40.522,53.391],[40.522,53.435],[40.486,53.456],[40.558,53.48],[40.594,53.439],[40.63,53.427],[40.63,53.472],[40.702,53.484],[40.738,53.537],[40.81,53.533],[40.846,53.505],[40.846,53.46],[40.882,53.456],[40.954,53.496],[41.098,53.456],[41.134,53.399],[41.206,53.391],[41.242,53.427],[41.242,53.464],[41.278,53.456],[41.35,53.464],[41.314,53.509],[41.386,53.521],[41.422,53.732],[41.566,53.736],[41.602,53.789],[41.638,53.753],[41.71,53.749],[41.71,53.777],[41.782,53.785],[41.818,53.761],[41.926,53.785],[42.106,53.781]],[[51.431,56.14],[51.539,56.148],[51.647,56.181],[51.683,56.148],[51.575,56.124],[51.431,56.006],[51.467,55.953],[51.539,55.945],[51.683,55.981],[51.719,55.961],[51.863,55.953],[51.971,55.973],[52.043,55.965],[52.151,55.896],[52.223,55.9],[52.259,55.92],[52.259,55.986],[52.223,56.038],[52.223,56.075],[52.295,56.103],[52.367,56.112],[52.439,56.087],[52.439,56.051],[52.475,56.034],[52.619,56.083],[52.691,56.014],[52.763,56.051],[52.691,56.144],[52.727,56.169],[52.835,56.132],[52.871,56.177],[52.799,56.23],[52.691,56.246],[52.583,56.27],[52.619,56.323],[52.691,56.331],[52.727,56.38],[52.871,56.392],[52.943,56.433],[52.943,56.465],[52.907,56.51],[52.979,56.522],[53.051,56.571],[53.123,56.531],[53.087,56.494],[53.015,56.457],[53.015,56.242],[53.123,56.189],[53.231,56.144],[53.339,56.132],[53.375,56.177],[53.303,56.27],[53.339,56.307],[53.483,56.282],[53.555,56.254],[53.555,56.209],[53.591,56.169],[53.555,56.14],[53.483,56.128],[53.411,56.095],[53.447,56.055],[53.339,55.99],[53.267,55.973],[53.267,55.937],[53.303,55.892],[53.375,55.872],[53.735,55.969],[53.807,55.981],[53.843,55.953],[53.951,55.937],[54.023,55.851],[54.095,55.823],[54.059,55.803],[54.167,55.79],[54.203,55.77],[54.203,55.689],[54.023,55.591],[54.023,55.522],[53.951,55.485],[53.951,55.445],[53.915,55.388],[53.843,55.38],[53.699,55.323],[53.627,55.249],[53.519,55.209],[53.411,55.213],[53.375,55.188],[53.267,55.18],[53.195,55.16],[53.159,55.107],[53.267,55.083],[53.303,55.054],[53.483,54.977],[53.519,54.924],[53.627,54.928],[53.699,54.896],[53.591,54.802],[53.627,54.765],[53.627,54.704],[53.555,54.615],[53.483,54.542],[53.447,54.525],[53.447,54.489],[53.411,54.452],[53.411,54.395],[53.375,54.33],[53.375,54.204],[53.411,54.098],[53.375,54.058],[53.339,54.058],[53.231,54.131],[53.051,54.086],[53.087,54.119],[53.051,54.147],[52.943,54.188],[52.979,54.228],[53.123,54.257],[53.159,54.277],[53.087,54.33],[53.051,54.31],[52.979,54.294],[52.907,54.302],[52.871,54.342],[52.727,54.363],[52.619,54.35],[52.547,54.387],[52.511,54.416],[52.511,54.452],[52.475,54.456],[52.403,54.42],[52.367,54.444],[52.259,54.444],[52.151,54.375],[52.079,54.342],[52.043,54.399],[51.935,54.456],[51.971,54.501],[51.899,54.521],[51.827,54.513],[51.683,54.586],[51.611,54.595],[51.539,54.643],[51.503,54.647],[51.431,54.582],[51.359,54.59],[51.359,54.627],[51.395,54.68],[51.287,54.635],[51.179,54.672],[51.143,54.643],[51.179,54.627],[51.107,54.566],[50.999,54.534],[50.999,54.383],[50.963,54.35],[50.855,54.391],[50.747,54.452],[50.711,54.448],[50.603,54.355],[50.567,54.33],[50.495,54.346],[50.495,54.391],[50.459,54.44],[50.387,54.477],[50.351,54.432],[50.315,54.432],[50.243,54.481],[50.243,54.501],[50.063,54.529],[49.955,54.538],[49.883,54.525],[49.811,54.55],[49.775,54.595],[49.631,54.586],[49.595,54.59],[49.595,54.635],[49.559,54.684],[49.487,54.729],[49.487,54.757],[49.379,54.855],[49.307,54.9],[49.271,54.904],[49.199,54.863],[49.199,54.891],[49.127,54.859],[49.127,54.834],[48.983,54.818],[49.055,54.81],[49.127,54.79],[49.055,54.794],[48.983,54.79],[48.983,54.761],[48.839,54.647],[48.767,54.651],[48.731,54.627],[48.659,54.635],[48.515,54.627],[48.407,54.676],[48.299,54.7],[48.299,54.749],[48.263,54.761],[48.191,54.745],[48.155,54.778],[48.083,54.765],[48.047,54.717],[47.975,54.733],[47.903,54.672],[47.939,54.647],[47.903,54.627],[47.831,54.68],[47.831,54.729],[47.759,54.761],[47.687,54.745],[47.723,54.704],[47.579,54.611],[47.615,54.55],[47.579,54.538],[47.507,54.546],[47.435,54.574],[47.435,54.534],[47.399,54.529],[47.363,54.582],[47.363,54.619],[47.399,54.643],[47.363,54.668],[47.291,54.696],[47.291,54.725],[47.471,54.765],[47.399,54.794],[47.363,54.83],[47.435,54.859],[47.435,54.896],[47.471,54.9],[47.507,54.859],[47.579,54.834],[47.687,54.839],[47.723,54.818],[47.759,54.843],[47.723,54.879],[47.831,54.891],[47.831,54.924],[47.795,54.944],[47.795,54.981],[47.903,54.977],[48.047,54.989],[48.119,55.009],[48.119,55.042],[47.975,55.009],[47.939,55.054],[47.939,55.111],[48.011,55.148],[48.083,55.152],[48.083,55.188],[48.047,55.229],[47.975,55.257],[47.975,55.31],[47.903,55.323],[47.903,55.266],[47.831,55.27],[47.759,55.217],[47.723,55.233],[47.723,55.327],[47.759,55.343],[47.867,55.363],[47.939,55.449],[48.011,55.506],[48.155,55.563],[48.155,55.587],[48.047,55.603],[48.047,55.656],[48.119,55.685],[48.227,55.697],[48.227,55.725],[48.335,55.77],[48.443,55.778],[48.443,55.835],[48.407,55.9],[48.623,55.99],[48.659,56.034],[48.659,56.075],[48.695,56.099],[48.767,56.067],[48.803,56.079],[48.911,56.173],[48.983,56.16],[49.091,56.254],[48.947,56.254],[48.911,56.299],[48.947,56.356],[49.127,56.417],[49.307,56.388],[49.379,56.388],[49.415,56.449],[49.487,56.465],[49.523,56.457],[49.595,56.465],[49.595,56.494],[49.667,56.539],[49.811,56.551],[49.847,56.518],[49.811,56.47],[49.847,56.453],[49.955,56.502],[49.991,56.461],[50.027,56.461],[50.099,56.51],[50.099,56.531],[50.207,56.559],[50.207,56.608],[50.063,56.636],[50.063,56.665],[50.099,56.648],[50.171,56.648],[50.207,56.677],[50.315,56.657],[50.351,56.71],[50.423,56.685],[50.423,56.636],[50.495,56.612],[50.567,56.559],[50.567,56.478],[50.639,56.449],[50.639,56.392],[50.819,56.372],[50.819,56.404],[50.783,56.437],[50.855,56.457],[50.927,56.417],[50.927,56.372],[50.963,56.331],[50.927,56.307],[50.927,56.262],[50.999,56.221],[51.035,56.177],[51.107,56.136],[51.215,56.144],[51.251,56.116],[51.395,56.099],[51.431,56.14]],[[84.266,60.846],[84.266,60.789],[84.338,60.781],[84.41,60.744],[84.446,60.675],[84.554,60.577],[84.734,60.447],[84.842,60.333],[84.77,60.293],[84.77,60.264],[84.626,60.154],[84.662,60.102],[84.662,60.057],[84.59,59.984],[84.59,59.943],[84.662,59.87],[84.914,59.878],[85.527,59.882],[85.635,59.91],[85.887,59.931],[86.463,59.947],[86.823,59.898],[86.967,59.882],[87.039,59.862],[87.147,59.756],[87.147,59.67],[87.255,59.675],[87.471,59.666],[87.543,59.605],[87.687,59.386],[87.867,59.243],[88.227,59.264],[88.407,59.284],[88.551,59.288],[88.587,59.264],[88.587,59.178],[88.659,59.146],[88.659,59.109],[88.803,59.052],[88.803,59.016],[88.659,58.959],[88.515,58.934],[88.263,58.768],[88.011,58.601],[87.903,58.532],[87.939,58.397],[87.939,58.267],[87.939,58.255],[88.083,58.141],[88.083,58.109],[88.191,58.084],[88.587,58.048],[88.731,57.978],[88.875,57.934],[88.983,57.926],[89.163,57.942],[89.235,57.93],[89.379,57.865],[89.379,57.759],[89.307,57.706],[89.379,57.682],[89.379,57.608],[89.307,57.592],[89.127,57.584],[89.055,57.555],[89.055,57.499],[89.091,57.47],[88.911,57.454],[88.911,57.429],[88.875,57.421],[88.767,57.311],[88.767,57.275],[88.659,57.21],[88.659,57.189],[88.587,57.153],[88.515,57.059],[88.587,57.055],[88.659,57.071],[88.731,57.019],[88.587,56.868],[88.587,56.84],[88.551,56.783],[88.443,56.787],[88.407,56.803],[88.191,56.714],[88.011,56.669],[87.867,56.583],[87.615,56.526],[87.615,56.624],[87.579,56.644],[87.363,56.575],[87.363,56.64],[87.291,56.632],[87.183,56.64],[87.147,56.563],[87.039,56.531],[86.967,56.539],[86.823,56.526],[86.787,56.547],[86.823,56.612],[86.715,56.62],[86.643,56.608],[86.607,56.616],[86.571,56.587],[86.391,56.547],[86.319,56.551],[86.247,56.632],[86.175,56.587],[86.175,56.51],[86.067,56.506],[85.995,56.453],[85.887,56.433],[85.851,56.396],[85.743,56.38],[85.743,56.331],[85.671,56.299],[85.527,56.278],[85.563,56.23],[85.635,56.217],[85.563,56.197],[85.275,56.197],[85.023,56.16],[84.95,56.124],[84.77,56.132],[84.734,56.124],[84.698,56.099],[84.59,56.055],[84.446,56.018],[84.374,55.969],[84.266,55.965],[84.194,55.99],[84.122,56.018],[83.978,55.99],[83.87,55.925],[83.798,55.868],[83.726,55.77],[83.654,55.733],[83.618,55.705],[83.618,55.668],[83.546,55.66],[83.474,55.668],[83.402,55.66],[83.402,55.689],[83.294,55.668],[83.222,55.701],[83.222,55.725],[83.33,55.778],[83.294,55.811],[83.366,55.843],[83.294,55.925],[83.294,55.965],[83.222,55.994],[83.222,56.095],[83.15,56.112],[83.15,56.189],[83.078,56.217],[83.078,56.242],[83.15,56.27],[83.15,56.356],[83.222,56.376],[83.222,56.417],[83.15,56.498],[83.078,56.526],[82.97,56.494],[82.898,56.506],[82.826,56.482],[82.826,56.433],[82.79,56.388],[82.682,56.38],[82.574,56.388],[82.394,56.368],[82.25,56.348],[82.178,56.335],[82.07,56.311],[81.854,56.303],[81.746,56.254],[81.602,56.25],[81.53,56.258],[81.278,56.461],[81.206,56.51],[81.134,56.522],[80.882,56.498],[80.558,56.441],[80.486,56.429],[80.234,56.417],[79.982,56.624],[79.838,56.75],[79.73,56.836],[79.55,56.893],[79.478,56.901],[79.262,56.982],[79.154,56.99],[78.758,57.035],[78.434,57.076],[78.434,57.092],[78.362,57.141],[78.362,57.153],[78.002,57.132],[77.606,57.149],[77.138,57.149],[76.886,57.157],[76.742,57.165],[76.742,57.181],[76.67,57.198],[76.418,57.185],[76.274,57.202],[76.166,57.202],[76.094,57.226],[76.022,57.344],[75.95,57.389],[75.842,57.368],[75.806,57.503],[75.662,57.633],[75.554,57.637],[75.59,57.714],[75.59,57.787],[75.518,57.942],[75.41,57.978],[75.266,57.999],[75.086,58.088],[75.086,58.129],[75.23,58.206],[75.122,58.247],[75.05,58.284],[75.05,58.336],[75.338,58.438],[75.23,58.528],[75.158,58.572],[75.194,58.58],[75.158,58.65],[75.194,58.698],[75.302,58.739],[75.446,58.82],[75.626,58.91],[75.698,59.012],[75.662,59.073],[75.662,59.134],[75.626,59.182],[75.842,59.28],[75.842,59.329],[75.95,59.41],[76.058,59.418],[76.166,59.52],[76.238,59.516],[76.418,59.544],[76.562,59.544],[76.67,59.565],[76.67,59.683],[76.742,59.723],[76.742,59.939],[76.742,59.976],[76.706,60.077],[76.742,60.11],[76.814,60.159],[76.814,60.268],[76.814,60.342],[76.814,60.394],[76.814,60.451],[76.922,60.48],[77.066,60.512],[77.03,60.606],[76.994,60.634],[77.066,60.712],[77.066,60.789],[77.138,60.838],[77.246,60.805],[77.354,60.797],[77.462,60.805],[77.786,60.793],[77.93,60.748],[78.038,60.748],[78.11,60.789],[78.218,60.793],[78.434,60.765],[78.542,60.769],[78.686,60.821],[78.686,60.781],[78.866,60.744],[78.938,60.752],[78.938,60.785],[79.01,60.805],[79.19,60.797],[79.262,60.765],[79.262,60.691],[79.262,60.659],[79.334,60.643],[79.586,60.651],[79.658,60.667],[79.838,60.659],[80.162,60.667],[80.306,60.724],[80.45,60.744],[80.558,60.748],[80.63,60.773],[80.738,60.789],[80.882,60.777],[81.062,60.732],[81.062,60.663],[81.098,60.622],[81.206,60.606],[81.35,60.61],[81.494,60.602],[81.602,60.63],[81.674,60.622],[81.782,60.634],[81.998,60.594],[82.142,60.508],[82.25,60.512],[82.394,60.594],[82.43,60.638],[82.43,60.691],[82.502,60.756],[82.97,60.927],[83.15,61.0],[83.366,61.017],[83.474,61.013],[83.618,60.988],[83.69,60.931],[83.87,60.87],[83.942,60.834],[84.05,60.821],[84.266,60.846]],[[38.614,54.253],[38.722,54.224],[38.722,54.167],[38.83,54.139],[38.794,54.094],[38.686,54.094],[38.686,54.041],[38.794,54.017],[38.758,53.997],[38.794,53.984],[38.794,53.936],[38.83,53.923],[38.938,53.928],[38.83,53.895],[38.866,53.842],[38.794,53.822],[38.902,53.814],[38.866,53.781],[38.902,53.744],[39.01,53.744],[38.938,53.704],[38.938,53.639],[38.902,53.561],[38.902,53.525],[38.866,53.549],[38.758,53.525],[38.722,53.492],[38.794,53.464],[38.758,53.456],[38.83,53.37],[38.722,53.33],[38.614,53.334],[38.542,53.321],[38.578,53.26],[38.65,53.252],[38.65,53.191],[38.578,53.183],[38.65,53.159],[38.722,53.11],[38.614,53.057],[38.65,53.021],[38.578,53.016],[38.542,53.069],[38.506,53.065],[38.506,53.025],[38.47,52.992],[38.398,53.0],[38.398,52.972],[38.326,52.947],[38.326,53.0],[38.29,53.053],[38.218,53.057],[38.182,53.041],[38.11,53.057],[38.002,53.041],[38.002,53.061],[37.894,53.061],[37.93,53.021],[37.858,53.016],[37.786,53.114],[37.714,53.143],[37.678,53.106],[37.57,53.143],[37.57,53.277],[37.498,53.269],[37.426,53.305],[37.282,53.305],[37.282,53.256],[37.21,53.24],[37.138,53.269],[36.994,53.277],[36.994,53.297],[36.922,53.269],[36.742,53.305],[36.706,53.382],[36.67,53.411],[36.49,53.391],[36.31,53.48],[36.31,53.517],[36.274,53.529],[36.13,53.557],[36.094,53.582],[36.058,53.574],[36.022,53.635],[35.986,53.639],[36.058,53.688],[36.022,53.724],[35.986,53.724],[35.914,53.761],[35.986,53.793],[35.914,53.834],[36.022,53.866],[35.986,53.899],[36.058,53.936],[36.13,53.928],[36.13,53.984],[36.166,53.993],[36.13,54.013],[36.166,54.05],[36.238,54.078],[36.202,54.09],[36.13,54.078],[36.058,54.094],[36.13,54.098],[36.166,54.123],[36.058,54.163],[36.13,54.167],[36.202,54.143],[36.202,54.172],[36.31,54.224],[36.346,54.204],[36.418,54.212],[36.49,54.269],[36.562,54.265],[36.634,54.298],[36.706,54.265],[36.814,54.273],[36.922,54.269],[36.994,54.277],[36.958,54.314],[36.958,54.416],[36.886,54.432],[36.85,54.489],[36.922,54.521],[36.886,54.57],[36.994,54.586],[37.102,54.529],[37.174,54.615],[37.21,54.676],[37.21,54.721],[37.246,54.782],[37.318,54.818],[37.498,54.806],[37.498,54.773],[37.57,54.765],[37.534,54.721],[37.57,54.7],[37.642,54.717],[37.678,54.692],[37.75,54.712],[37.822,54.834],[37.966,54.818],[37.966,54.778],[38.074,54.745],[38.038,54.717],[38.074,54.68],[38.11,54.7],[38.254,54.615],[38.326,54.643],[38.398,54.623],[38.47,54.643],[38.506,54.603],[38.47,54.525],[38.398,54.517],[38.434,54.44],[38.47,54.42],[38.434,54.395],[38.506,54.379],[38.542,54.346],[38.47,54.314],[38.506,54.273],[38.614,54.253]],[[99.208,52.931],[99.208,52.878],[99.1,52.894],[98.992,52.939],[98.884,52.923],[98.884,52.898],[98.884,52.858],[98.812,52.817],[98.884,52.793],[98.956,52.801],[98.956,52.732],[98.884,52.683],[98.812,52.585],[98.812,52.536],[98.74,52.496],[98.704,52.443],[98.632,52.435],[98.668,52.394],[98.668,52.353],[98.632,52.313],[98.632,52.276],[98.74,52.297],[98.812,52.292],[98.812,52.227],[98.884,52.199],[98.884,52.227],[98.992,52.187],[98.992,52.122],[98.956,52.146],[98.884,52.146],[98.884,52.114],[98.812,52.093],[98.812,52.04],[98.812,52.016],[98.812,51.963],[98.776,51.947],[98.776,51.898],[98.74,51.849],[98.668,51.8],[98.416,51.752],[98.308,51.719],[98.308,51.65],[98.236,51.552],[98.236,51.512],[98.236,51.507],[98.236,51.459],[98.164,51.451],[98.092,51.459],[98.02,51.426],[97.984,51.385],[97.984,51.341],[97.912,51.333],[97.912,51.19],[97.912,51.174],[97.912,51.117],[97.84,51.105],[97.84,51.044],[97.84,51.036],[97.84,50.995],[97.84,50.975],[97.84,50.934],[98.02,50.877],[98.02,50.845],[97.912,50.8],[97.912,50.771],[97.984,50.747],[97.984,50.714],[98.02,50.714],[98.02,50.666],[98.128,50.592],[98.236,50.576],[98.308,50.564],[98.308,50.503],[98.236,50.458],[98.236,50.255],[98.164,50.202],[98.164,50.177],[98.128,50.104],[98.056,50.043],[97.912,50.019],[97.84,49.95],[97.804,49.958],[97.804,49.986],[97.768,49.986],[97.66,49.946],[97.588,49.95],[97.588,49.905],[97.588,49.885],[97.48,49.82],[97.444,49.787],[97.264,49.754],[97.156,49.787],[97.156,49.828],[97.084,49.836],[97.012,49.913],[96.796,49.946],[96.724,49.909],[96.616,49.913],[96.688,49.966],[96.616,49.982],[96.508,49.95],[96.472,49.901],[96.4,49.901],[96.364,49.95],[96.22,49.986],[96.148,49.999],[96.112,50.015],[96.04,50.011],[95.968,49.986],[95.896,49.994],[95.896,50.035],[95.86,50.043],[95.752,50.007],[95.752,49.966],[95.644,49.958],[95.536,49.925],[95.464,49.925],[95.284,49.954],[95.068,49.95],[94.995,49.982],[94.995,50.06],[94.851,50.06],[94.743,50.051],[94.671,50.027],[94.599,50.039],[94.599,50.08],[94.527,50.108],[94.527,50.169],[94.419,50.19],[94.347,50.234],[94.347,50.356],[94.347,50.413],[94.347,50.483],[94.311,50.491],[94.311,50.564],[94.239,50.584],[93.879,50.592],[93.663,50.576],[93.519,50.58],[93.447,50.592],[93.375,50.584],[93.123,50.564],[93.051,50.568],[93.051,50.584],[93.015,50.588],[92.979,50.617],[92.979,50.67],[93.015,50.702],[93.015,50.784],[92.799,50.792],[92.727,50.767],[92.727,50.71],[92.619,50.706],[92.619,50.767],[92.475,50.771],[92.403,50.788],[92.403,50.812],[92.403,50.889],[92.331,50.893],[92.331,50.857],[92.295,50.849],[92.295,50.723],[92.151,50.678],[92.007,50.678],[91.935,50.702],[91.899,50.727],[91.755,50.718],[91.755,50.702],[91.647,50.661],[91.647,50.576],[91.611,50.556],[91.503,50.564],[91.431,50.548],[91.431,50.503],[91.431,50.491],[91.431,50.458],[91.251,50.483],[91.107,50.458],[91.071,50.458],[90.963,50.478],[90.855,50.478],[90.783,50.458],[90.711,50.478],[90.711,50.417],[90.675,50.393],[90.675,50.32],[90.747,50.324],[90.783,50.295],[90.783,50.255],[90.675,50.214],[90.675,50.165],[90.531,50.177],[90.351,50.141],[90.315,50.116],[90.315,50.072],[90.279,50.06],[90.279,50.011],[90.207,50.035],[90.099,50.039],[89.991,50.007],[89.955,49.99],[89.883,49.986],[89.847,49.994],[89.739,49.994],[89.703,49.974],[89.631,49.978],[89.559,49.946],[89.559,49.99],[89.559,50.011],[89.559,50.096],[89.523,50.129],[89.487,50.177],[89.307,50.194],[89.307,50.234],[89.379,50.275],[89.451,50.324],[89.523,50.336],[89.487,50.409],[89.487,50.458],[89.559,50.45],[89.559,50.373],[89.703,50.348],[89.811,50.373],[89.883,50.458],[89.847,50.503],[89.703,50.552],[89.631,50.605],[89.631,50.625],[89.559,50.645],[89.559,50.723],[89.415,50.788],[89.379,50.812],[89.379,50.861],[89.307,50.857],[89.199,50.918],[89.199,50.983],[89.127,50.999],[89.055,51.056],[88.983,51.101],[89.055,51.137],[88.983,51.19],[88.911,51.288],[88.911,51.324],[88.983,51.353],[88.983,51.418],[88.911,51.434],[88.803,51.536],[88.803,51.552],[88.911,51.552],[88.983,51.564],[88.983,51.597],[89.199,51.63],[89.163,51.536],[89.235,51.524],[89.307,51.556],[89.451,51.577],[89.487,51.548],[89.559,51.524],[89.631,51.52],[89.739,51.56],[89.775,51.605],[89.847,51.654],[89.883,51.695],[89.991,51.719],[90.027,51.715],[90.063,51.739],[90.027,51.817],[89.955,51.894],[89.991,51.967],[90.063,52.02],[90.063,52.126],[90.099,52.138],[90.171,52.114],[90.207,52.13],[90.279,52.17],[90.459,52.162],[90.531,52.093],[90.639,52.057],[90.711,51.979],[90.783,51.874],[90.999,51.926],[91.071,51.918],[91.107,51.861],[91.395,51.894],[91.431,51.882],[91.503,51.849],[91.611,51.837],[91.755,51.857],[91.827,51.825],[91.827,51.776],[91.935,51.76],[92.079,51.768],[92.259,51.817],[92.331,51.817],[92.403,51.792],[92.547,51.837],[92.655,51.857],[92.727,51.857],[92.799,51.853],[92.979,51.963],[93.015,51.963],[93.123,52.044],[93.195,52.048],[93.267,52.109],[93.375,52.15],[93.375,52.183],[93.591,52.203],[93.627,52.329],[93.699,52.382],[93.699,52.488],[93.843,52.561],[93.915,52.577],[93.915,52.654],[93.987,52.679],[94.023,52.789],[94.023,52.809],[94.095,52.882],[94.239,52.919],[94.347,52.923],[94.419,52.931],[94.527,53.004],[94.527,53.114],[94.563,53.212],[94.635,53.252],[94.635,53.289],[94.563,53.33],[94.671,53.387],[94.887,53.403],[94.959,53.403],[94.959,53.391],[94.995,53.403],[95.14,53.46],[95.32,53.395],[95.392,53.415],[95.464,53.452],[95.536,53.456],[95.644,53.513],[95.644,53.476],[95.788,53.505],[95.896,53.496],[95.968,53.468],[96.04,53.484],[96.04,53.525],[96.148,53.533],[96.184,53.59],[96.364,53.533],[96.472,53.553],[96.616,53.59],[96.616,53.667],[96.688,53.744],[96.832,53.749],[96.94,53.659],[97.012,53.651],[97.048,53.606],[97.192,53.606],[97.264,53.557],[97.336,53.496],[97.408,53.456],[97.48,53.448],[97.516,53.382],[97.588,53.399],[97.696,53.395],[97.768,53.366],[97.84,53.378],[97.912,53.362],[97.912,53.289],[97.984,53.236],[98.056,53.244],[98.164,53.212],[98.164,53.106],[98.236,53.102],[98.38,53.126],[98.488,53.122],[98.56,53.134],[98.56,53.163],[98.668,53.163],[98.704,53.122],[98.812,53.159],[98.956,53.11],[98.884,53.057],[98.992,53.012],[99.208,52.931]],[[37.642,58.491],[37.642,58.438],[37.678,58.426],[37.534,58.373],[37.498,58.385],[37.426,58.332],[37.498,58.292],[37.354,58.227],[37.426,58.218],[37.462,58.166],[37.606,58.166],[37.714,58.084],[37.714,58.056],[37.606,58.052],[37.57,57.987],[37.462,57.978],[37.39,57.95],[37.39,57.913],[37.498,57.922],[37.57,57.885],[37.426,57.885],[37.426,57.856],[37.498,57.856],[37.426,57.824],[37.426,57.783],[37.606,57.759],[37.714,57.686],[37.714,57.645],[37.858,57.58],[37.894,57.551],[37.858,57.499],[37.894,57.466],[37.894,57.433],[37.93,57.393],[38.074,57.324],[38.146,57.316],[38.218,57.324],[38.254,57.356],[38.326,57.356],[38.362,57.279],[38.29,57.218],[38.218,57.226],[38.218,57.173],[38.254,57.132],[38.326,57.12],[38.326,57.1],[38.254,57.084],[38.326,57.051],[38.29,56.986],[38.146,56.962],[38.254,56.937],[38.254,56.921],[38.182,56.868],[38.218,56.856],[38.218,56.791],[38.29,56.799],[38.326,56.758],[38.074,56.742],[38.074,56.771],[38.002,56.827],[37.93,56.844],[37.894,56.876],[37.786,56.893],[37.786,56.937],[37.642,56.917],[37.642,56.88],[37.57,56.88],[37.606,56.827],[37.498,56.762],[37.462,56.779],[37.39,56.758],[37.39,56.73],[37.21,56.775],[37.138,56.746],[37.138,56.697],[37.174,56.657],[37.138,56.628],[37.138,56.514],[37.066,56.506],[36.994,56.539],[36.922,56.551],[36.634,56.486],[36.526,56.445],[36.418,56.441],[36.274,56.38],[36.202,56.372],[36.13,56.335],[36.13,56.311],[36.022,56.352],[35.914,56.356],[35.842,56.38],[35.77,56.36],[35.734,56.376],[35.77,56.433],[35.698,56.457],[35.626,56.445],[35.59,56.396],[35.554,56.441],[35.518,56.4],[35.518,56.36],[35.554,56.327],[35.554,56.221],[35.518,56.197],[35.446,56.221],[35.374,56.181],[35.41,56.124],[35.338,56.116],[35.41,56.01],[35.338,56.034],[35.194,55.969],[35.194,55.92],[35.122,55.945],[35.05,55.925],[34.941,55.949],[34.869,55.925],[34.833,55.945],[34.725,55.88],[34.581,55.916],[34.509,55.969],[34.437,55.986],[34.365,55.925],[34.365,55.957],[34.293,56.03],[34.221,56.038],[34.185,56.01],[34.077,56.006],[34.005,56.038],[33.933,56.034],[33.897,55.986],[33.861,55.981],[33.933,55.949],[33.897,55.92],[33.897,55.872],[33.861,55.864],[33.861,55.904],[33.825,55.92],[33.789,55.908],[33.753,55.933],[33.717,55.892],[33.753,55.847],[33.717,55.835],[33.717,55.798],[33.609,55.79],[33.609,55.733],[33.537,55.721],[33.537,55.701],[33.465,55.697],[33.393,55.709],[33.321,55.668],[33.285,55.676],[33.249,55.632],[33.249,55.595],[33.213,55.595],[33.177,55.644],[33.141,55.603],[33.069,55.64],[32.997,55.587],[32.925,55.607],[32.673,55.628],[32.637,55.587],[32.601,55.615],[32.673,55.656],[32.601,55.676],[32.565,55.603],[32.493,55.656],[32.457,55.656],[32.385,55.632],[32.313,55.632],[32.277,55.648],[32.205,55.607],[32.133,55.636],[32.241,55.66],[32.133,55.664],[32.133,55.713],[32.025,55.721],[31.917,55.705],[31.917,55.644],[31.809,55.668],[31.737,55.721],[31.665,55.705],[31.521,55.721],[31.449,55.746],[31.449,55.786],[31.377,55.868],[31.413,55.916],[31.377,55.933],[31.413,55.977],[31.521,56.018],[31.557,56.055],[31.485,56.108],[31.485,56.16],[31.557,56.197],[31.485,56.234],[31.485,56.278],[31.557,56.287],[31.521,56.319],[31.341,56.319],[31.233,56.356],[31.269,56.384],[31.233,56.437],[31.053,56.461],[31.053,56.559],[31.089,56.616],[30.945,56.661],[30.909,56.661],[30.837,56.714],[30.909,56.746],[30.801,56.75],[30.873,56.795],[30.909,56.795],[30.981,56.929],[31.017,56.937],[31.089,56.929],[31.233,56.884],[31.305,56.901],[31.305,56.921],[31.413,56.917],[31.449,56.893],[31.665,56.888],[31.701,56.962],[31.773,56.97],[31.737,56.994],[31.773,57.002],[31.809,57.055],[31.881,57.043],[31.917,57.071],[31.989,57.08],[32.025,57.031],[32.061,57.039],[32.025,57.071],[32.097,57.076],[32.061,57.112],[32.205,57.124],[32.205,57.157],[32.313,57.149],[32.349,57.169],[32.313,57.226],[32.385,57.21],[32.457,57.218],[32.457,57.25],[32.565,57.246],[32.565,57.287],[32.709,57.291],[32.745,57.356],[32.853,57.421],[32.889,57.429],[32.961,57.409],[33.033,57.425],[33.105,57.401],[33.141,57.433],[33.213,57.446],[33.321,57.381],[33.357,57.429],[33.285,57.458],[33.285,57.515],[33.393,57.551],[33.357,57.588],[33.393,57.637],[33.357,57.665],[33.429,57.665],[33.501,57.686],[33.573,57.673],[33.645,57.706],[33.609,57.734],[33.609,57.775],[33.645,57.791],[33.609,57.812],[33.717,57.852],[33.753,57.885],[33.717,57.909],[33.753,57.942],[33.609,58.007],[33.609,58.044],[33.717,58.088],[33.717,58.113],[33.825,58.133],[33.933,58.113],[34.005,58.133],[34.113,58.206],[34.113,58.182],[34.221,58.19],[34.329,58.141],[34.401,58.141],[34.473,58.109],[34.545,58.121],[34.581,58.096],[34.725,58.056],[34.797,58.092],[34.761,58.117],[34.797,58.157],[34.761,58.186],[34.833,58.231],[34.941,58.198],[35.014,58.214],[35.014,58.194],[35.086,58.174],[35.122,58.198],[35.266,58.223],[35.374,58.3],[35.338,58.345],[35.626,58.434],[35.698,58.434],[35.878,58.401],[35.986,58.397],[36.022,58.462],[36.094,58.442],[36.166,58.487],[36.238,58.471],[36.274,58.507],[36.382,58.507],[36.418,58.491],[36.49,58.523],[36.562,58.515],[36.562,58.568],[36.634,58.625],[36.706,58.629],[36.706,58.682],[36.778,58.719],[36.814,58.707],[36.922,58.731],[36.85,58.796],[36.994,58.841],[37.066,58.808],[37.102,58.845],[37.174,58.8],[37.174,58.768],[37.282,58.723],[37.318,58.666],[37.39,58.646],[37.426,58.601],[37.498,58.585],[37.534,58.532],[37.642,58.491]],[[75.158,58.65],[75.194,58.58],[75.158,58.572],[75.086,58.544],[74.941,58.467],[74.905,58.393],[74.725,58.365],[74.581,58.263],[74.437,58.247],[74.221,58.133],[74.149,58.113],[73.969,58.125],[73.609,58.121],[73.321,58.137],[73.141,58.129],[73.069,58.096],[73.033,58.056],[72.961,58.027],[72.997,58.003],[72.817,57.958],[72.637,57.999],[72.385,57.991],[72.169,57.991],[72.061,58.064],[71.989,58.084],[71.773,58.072],[71.521,58.044],[71.413,58.039],[71.305,58.019],[71.233,58.088],[71.269,58.137],[71.233,58.214],[71.305,58.365],[71.125,58.397],[71.089,58.462],[70.981,58.471],[70.909,58.515],[70.873,58.519],[70.873,58.462],[70.801,58.357],[70.549,58.044],[70.513,57.909],[70.513,57.791],[70.477,57.739],[70.549,57.722],[70.621,57.657],[70.621,57.612],[70.729,57.515],[70.549,57.413],[70.405,57.34],[70.477,57.287],[70.549,57.259],[70.621,57.259],[70.657,57.202],[70.801,57.202],[70.801,57.311],[70.945,57.336],[70.981,57.316],[71.053,57.324],[71.089,57.255],[71.161,57.173],[71.269,57.076],[71.413,57.015],[71.557,56.925],[71.629,56.827],[71.629,56.783],[71.557,56.722],[71.557,56.693],[71.485,56.661],[71.449,56.669],[71.377,56.616],[71.305,56.612],[71.233,56.636],[71.161,56.62],[71.053,56.653],[71.161,56.539],[71.089,56.465],[70.981,56.425],[70.909,56.437],[70.837,56.417],[70.837,56.376],[70.945,56.368],[71.017,56.262],[70.945,56.246],[70.837,56.238],[70.801,56.189],[70.873,56.169],[70.873,56.124],[70.909,56.099],[70.909,55.977],[70.837,55.904],[70.765,55.864],[70.693,55.876],[70.585,55.868],[70.549,55.827],[70.585,55.803],[70.837,55.823],[70.801,55.786],[70.729,55.782],[70.621,55.758],[70.585,55.725],[70.585,55.652],[70.693,55.583],[70.765,55.587],[70.765,55.563],[70.693,55.469],[70.621,55.453],[70.549,55.453],[70.477,55.371],[70.513,55.314],[70.513,55.27],[70.441,55.262],[70.405,55.196],[70.297,55.172],[70.189,55.127],[70.117,55.135],[70.045,55.188],[69.937,55.201],[69.901,55.27],[69.829,55.302],[69.613,55.347],[69.469,55.339],[69.361,55.367],[69.217,55.331],[69.181,55.331],[69.145,55.388],[69.001,55.432],[68.929,55.428],[68.929,55.351],[69.001,55.339],[69.001,55.29],[68.965,55.294],[68.785,55.359],[68.713,55.335],[68.713,55.278],[68.641,55.257],[68.677,55.327],[68.605,55.416],[68.461,55.473],[68.425,55.514],[68.353,55.526],[68.317,55.571],[68.209,55.615],[68.173,55.668],[68.173,55.729],[68.101,55.737],[67.993,55.697],[67.885,55.693],[67.777,55.762],[67.741,55.762],[67.597,55.725],[67.381,55.758],[67.309,55.827],[67.309,55.876],[67.237,55.973],[67.165,55.961],[67.021,55.973],[66.949,56.026],[66.841,55.99],[66.733,56.01],[66.733,56.059],[66.697,56.075],[66.625,56.055],[66.553,55.998],[66.481,55.981],[66.409,56.014],[66.301,56.103],[66.265,56.112],[66.013,56.047],[65.941,56.059],[65.905,56.103],[65.761,56.189],[65.689,56.246],[65.653,56.303],[65.545,56.335],[65.185,56.331],[65.113,56.38],[65.149,56.425],[65.077,56.494],[65.005,56.535],[65.005,56.575],[64.968,56.62],[65.005,56.632],[65.005,56.701],[64.968,56.742],[64.968,56.791],[65.041,56.787],[65.221,56.815],[65.221,56.864],[65.293,56.929],[65.257,56.949],[65.113,56.937],[65.077,56.97],[65.041,57.071],[65.041,57.169],[64.968,57.242],[64.932,57.34],[64.86,57.482],[64.896,57.499],[65.005,57.608],[65.005,57.633],[64.932,57.645],[64.896,57.686],[64.968,57.718],[65.185,57.771],[65.401,57.84],[65.473,57.804],[65.545,57.787],[65.653,57.84],[65.725,57.901],[65.833,57.922],[65.869,57.966],[66.193,58.064],[66.049,58.267],[66.049,58.369],[65.977,58.491],[65.977,58.568],[66.049,58.597],[66.301,58.572],[66.841,58.658],[66.841,58.833],[66.805,58.885],[66.949,58.93],[67.021,58.975],[67.129,58.959],[67.165,58.914],[67.453,59.007],[67.633,59.048],[67.669,59.081],[67.777,59.158],[67.921,59.162],[68.101,59.182],[68.353,59.239],[68.425,59.247],[68.497,59.3],[68.569,59.374],[68.569,59.451],[68.605,59.544],[68.857,59.544],[69.397,59.76],[69.325,59.829],[69.253,59.862],[69.289,59.927],[69.361,59.947],[69.541,59.955],[69.685,59.923],[69.685,59.853],[69.793,59.862],[69.973,59.886],[70.153,59.935],[70.225,59.898],[70.405,59.841],[70.585,59.805],[70.873,59.845],[70.909,59.813],[70.981,59.792],[71.125,59.837],[71.197,59.841],[71.377,59.736],[71.737,59.609],[71.881,59.532],[71.953,59.52],[72.097,59.52],[72.349,59.353],[72.421,59.3],[72.421,59.219],[72.457,59.195],[72.565,59.154],[72.637,59.101],[72.781,59.125],[72.817,59.154],[72.889,59.154],[72.997,59.109],[72.997,59.089],[72.889,59.052],[72.889,59.032],[73.105,58.951],[73.069,58.91],[72.961,58.869],[72.961,58.857],[73.105,58.82],[73.357,58.788],[73.429,58.792],[73.609,58.845],[73.681,58.841],[73.825,58.784],[73.933,58.8],[74.005,58.784],[74.113,58.702],[74.401,58.711],[74.653,58.707],[74.833,58.686],[74.869,58.674],[75.05,58.69],[75.158,58.65]],[[53.771,58.491],[53.807,58.422],[53.879,58.369],[53.879,58.292],[53.807,58.251],[53.879,58.182],[53.951,58.137],[53.951,58.109],[54.131,57.991],[54.131,57.913],[54.167,57.852],[54.203,57.832],[54.131,57.739],[54.131,57.653],[54.059,57.596],[54.059,57.576],[54.167,57.551],[54.239,57.503],[54.275,57.454],[54.203,57.413],[54.167,57.344],[54.203,57.324],[54.311,57.324],[54.311,57.255],[54.347,57.218],[54.347,57.173],[54.311,57.157],[54.347,57.116],[54.419,57.108],[54.419,57.067],[54.275,57.031],[54.203,56.994],[54.167,56.962],[54.167,56.921],[54.059,56.84],[53.879,56.819],[53.843,56.766],[53.879,56.726],[53.879,56.657],[53.951,56.612],[53.951,56.669],[54.059,56.701],[54.131,56.681],[54.095,56.657],[54.095,56.616],[54.167,56.587],[54.239,56.514],[54.347,56.498],[54.347,56.437],[54.419,56.372],[54.383,56.307],[54.239,56.27],[54.059,56.108],[53.843,56.026],[53.807,55.981],[53.735,55.969],[53.375,55.872],[53.303,55.892],[53.267,55.937],[53.267,55.973],[53.339,55.99],[53.447,56.055],[53.411,56.095],[53.483,56.128],[53.555,56.14],[53.591,56.169],[53.555,56.209],[53.555,56.254],[53.483,56.282],[53.339,56.307],[53.303,56.27],[53.375,56.177],[53.339,56.132],[53.231,56.144],[53.123,56.189],[53.015,56.242],[53.015,56.457],[53.087,56.494],[53.123,56.531],[53.051,56.571],[52.979,56.522],[52.907,56.51],[52.943,56.465],[52.943,56.433],[52.871,56.392],[52.727,56.38],[52.691,56.331],[52.619,56.323],[52.583,56.27],[52.691,56.246],[52.799,56.23],[52.871,56.177],[52.835,56.132],[52.727,56.169],[52.691,56.144],[52.763,56.051],[52.691,56.014],[52.619,56.083],[52.475,56.034],[52.439,56.051],[52.439,56.087],[52.367,56.112],[52.295,56.103],[52.223,56.075],[52.223,56.038],[52.259,55.986],[52.259,55.92],[52.223,55.9],[52.151,55.896],[52.043,55.965],[51.971,55.973],[51.863,55.953],[51.719,55.961],[51.683,55.981],[51.539,55.945],[51.467,55.953],[51.431,56.006],[51.575,56.124],[51.683,56.148],[51.647,56.181],[51.539,56.148],[51.431,56.14],[51.503,56.197],[51.395,56.246],[51.395,56.258],[51.503,56.307],[51.431,56.319],[51.323,56.372],[51.323,56.429],[51.179,56.478],[51.143,56.51],[51.179,56.531],[51.179,56.587],[51.143,56.624],[51.179,56.673],[51.251,56.681],[51.323,56.661],[51.395,56.701],[51.395,56.766],[51.503,56.811],[51.539,56.876],[51.395,56.929],[51.359,57.002],[51.251,57.092],[51.251,57.12],[51.179,57.242],[51.107,57.295],[51.143,57.352],[51.215,57.429],[51.287,57.458],[51.431,57.466],[51.539,57.454],[51.611,57.466],[51.611,57.511],[51.755,57.555],[51.755,57.596],[51.863,57.645],[51.863,57.706],[51.935,57.743],[51.935,57.84],[51.863,57.869],[51.935,58.007],[51.863,58.003],[51.827,58.023],[51.863,58.06],[51.755,58.137],[51.719,58.141],[51.683,58.19],[51.755,58.247],[51.791,58.292],[51.791,58.349],[51.863,58.365],[51.971,58.45],[52.187,58.475],[52.439,58.414],[52.619,58.41],[52.691,58.418],[52.835,58.397],[52.907,58.426],[52.907,58.503],[52.979,58.528],[53.123,58.54],[53.231,58.422],[53.375,58.414],[53.447,58.467],[53.483,58.442],[53.555,58.467],[53.627,58.454],[53.663,58.483],[53.771,58.491]],[[50.063,54.529],[50.135,54.481],[50.171,54.428],[50.243,54.363],[50.207,54.322],[50.279,54.253],[50.207,54.184],[50.207,54.094],[50.063,54.005],[49.991,53.993],[49.919,53.952],[50.027,53.887],[49.955,53.858],[49.883,53.866],[49.847,53.899],[49.595,53.83],[49.523,53.866],[49.451,53.887],[49.379,53.895],[49.271,53.866],[49.163,53.887],[49.235,53.842],[49.019,53.858],[48.911,53.765],[48.875,53.712],[48.839,53.708],[48.731,53.724],[48.551,53.785],[48.443,53.74],[48.479,53.724],[48.623,53.704],[48.587,53.659],[48.407,53.692],[48.335,53.663],[48.335,53.635],[48.407,53.598],[48.371,53.582],[48.407,53.533],[48.407,53.496],[48.371,53.468],[48.191,53.513],[48.047,53.472],[48.047,53.431],[47.975,53.391],[48.011,53.334],[48.083,53.293],[48.155,53.265],[48.155,53.191],[48.227,53.147],[48.191,53.094],[48.191,53.033],[48.299,53.057],[48.371,53.025],[48.335,53.012],[48.479,52.996],[48.551,52.935],[48.515,52.89],[48.515,52.858],[48.479,52.821],[48.371,52.801],[48.299,52.833],[48.191,52.785],[48.083,52.793],[48.011,52.724],[47.939,52.711],[47.903,52.752],[47.831,52.756],[47.759,52.683],[47.831,52.638],[47.831,52.602],[47.759,52.581],[47.687,52.614],[47.615,52.63],[47.543,52.618],[47.435,52.561],[47.327,52.585],[47.255,52.577],[47.147,52.61],[47.075,52.581],[47.039,52.646],[46.967,52.65],[46.859,52.614],[46.787,52.642],[46.823,52.699],[46.967,52.768],[47.003,52.809],[46.931,52.882],[46.931,53.098],[46.967,53.126],[46.895,53.232],[46.967,53.285],[46.895,53.391],[46.823,53.403],[46.823,53.431],[46.751,53.448],[46.715,53.484],[46.607,53.468],[46.535,53.468],[46.499,53.496],[46.499,53.627],[46.463,53.659],[46.355,53.72],[46.319,53.769],[46.247,53.801],[46.211,53.85],[46.211,53.899],[46.175,53.948],[46.103,53.96],[46.031,53.993],[45.959,53.989],[45.887,53.964],[45.851,53.976],[45.995,54.115],[45.995,54.135],[46.067,54.159],[46.283,54.184],[46.355,54.196],[46.463,54.241],[46.607,54.306],[46.715,54.33],[46.715,54.383],[46.571,54.416],[46.571,54.444],[46.643,54.468],[46.643,54.505],[46.499,54.477],[46.499,54.505],[46.571,54.517],[46.571,54.554],[46.463,54.566],[46.463,54.578],[46.571,54.623],[46.499,54.68],[46.499,54.721],[46.463,54.733],[46.499,54.765],[46.499,54.749],[46.571,54.712],[46.679,54.676],[46.787,54.676],[46.859,54.635],[46.931,54.639],[46.967,54.692],[47.075,54.717],[47.183,54.664],[47.255,54.717],[47.291,54.725],[47.291,54.696],[47.363,54.668],[47.399,54.643],[47.363,54.619],[47.363,54.582],[47.399,54.529],[47.435,54.534],[47.435,54.574],[47.507,54.546],[47.579,54.538],[47.615,54.55],[47.579,54.611],[47.723,54.704],[47.687,54.745],[47.759,54.761],[47.831,54.729],[47.831,54.68],[47.903,54.627],[47.939,54.647],[47.903,54.672],[47.975,54.733],[48.047,54.717],[48.083,54.765],[48.155,54.778],[48.191,54.745],[48.263,54.761],[48.299,54.749],[48.299,54.7],[48.407,54.676],[48.515,54.627],[48.659,54.635],[48.731,54.627],[48.767,54.651],[48.839,54.647],[48.983,54.761],[48.983,54.79],[49.055,54.794],[49.127,54.79],[49.055,54.81],[48.983,54.818],[49.127,54.834],[49.127,54.859],[49.199,54.891],[49.199,54.863],[49.271,54.904],[49.307,54.9],[49.379,54.855],[49.487,54.757],[49.487,54.729],[49.559,54.684],[49.595,54.635],[49.595,54.59],[49.631,54.586],[49.775,54.595],[49.811,54.55],[49.883,54.525],[49.955,54.538],[50.063,54.529]],[[42.61,56.4],[42.682,56.388],[42.718,56.356],[42.718,56.295],[42.754,56.242],[42.826,56.217],[42.934,56.197],[42.934,56.16],[42.826,56.099],[42.718,56.087],[42.682,56.051],[42.718,56.026],[42.646,55.949],[42.574,55.92],[42.502,55.92],[42.466,55.908],[42.466,55.839],[42.394,55.778],[42.25,55.737],[42.214,55.697],[42.106,55.619],[42.07,55.53],[42.07,55.497],[42.142,55.436],[42.142,55.396],[42.034,55.331],[41.998,55.331],[41.962,55.253],[41.89,55.176],[41.89,55.127],[41.818,55.115],[41.71,55.123],[41.674,55.103],[41.638,55.144],[41.566,55.123],[41.53,55.135],[41.458,55.111],[41.386,55.127],[41.278,55.201],[41.206,55.209],[41.134,55.168],[41.134,55.119],[41.062,55.144],[41.062,55.188],[40.99,55.241],[40.918,55.249],[40.882,55.188],[40.846,55.184],[40.774,55.209],[40.738,55.18],[40.594,55.18],[40.558,55.241],[40.558,55.298],[40.522,55.31],[40.45,55.257],[40.342,55.257],[40.342,55.29],[40.414,55.302],[40.378,55.323],[40.234,55.314],[40.198,55.363],[40.126,55.388],[40.198,55.42],[40.162,55.461],[40.198,55.502],[40.126,55.485],[40.018,55.506],[40.054,55.53],[40.054,55.567],[40.126,55.587],[40.09,55.619],[40.126,55.64],[40.018,55.66],[39.946,55.701],[39.946,55.782],[39.91,55.823],[39.838,55.811],[39.73,55.811],[39.73,55.79],[39.658,55.774],[39.586,55.786],[39.514,55.721],[39.442,55.737],[39.442,55.766],[39.37,55.75],[39.298,55.79],[39.334,55.811],[39.262,55.827],[39.154,55.811],[39.118,55.827],[39.046,55.904],[38.938,55.92],[38.83,55.904],[38.794,55.925],[38.614,55.977],[38.614,56.014],[38.542,56.055],[38.506,56.108],[38.506,56.213],[38.434,56.193],[38.434,56.4],[38.326,56.494],[38.326,56.535],[38.362,56.583],[38.362,56.62],[38.398,56.636],[38.362,56.669],[38.434,56.685],[38.542,56.632],[38.542,56.559],[38.614,56.543],[38.686,56.583],[38.758,56.579],[38.794,56.608],[38.866,56.596],[38.938,56.543],[39.082,56.547],[39.154,56.587],[39.19,56.551],[39.262,56.547],[39.262,56.526],[39.334,56.539],[39.406,56.632],[39.37,56.632],[39.37,56.685],[39.406,56.705],[39.442,56.762],[39.478,56.754],[39.55,56.787],[39.694,56.803],[39.874,56.766],[39.91,56.697],[39.838,56.612],[39.91,56.608],[39.982,56.531],[39.982,56.49],[40.018,56.461],[40.126,56.449],[40.234,56.404],[40.234,56.449],[40.306,56.51],[40.378,56.502],[40.378,56.526],[40.486,56.531],[40.522,56.563],[40.63,56.571],[40.738,56.592],[40.81,56.579],[40.846,56.535],[40.846,56.502],[40.918,56.478],[40.918,56.498],[41.026,56.478],[41.098,56.445],[41.134,56.47],[41.242,56.498],[41.278,56.465],[41.458,56.461],[41.53,56.413],[41.602,56.449],[41.782,56.457],[41.89,56.498],[41.926,56.445],[41.926,56.368],[42.07,56.335],[42.106,56.38],[42.178,56.396],[42.178,56.441],[42.25,56.437],[42.286,56.457],[42.43,56.437],[42.466,56.396],[42.538,56.388],[42.61,56.4]],[[47.435,50.393],[47.399,50.377],[47.399,50.332],[47.327,50.328],[47.291,50.312],[47.291,50.259],[47.327,50.243],[47.255,50.19],[47.327,50.129],[47.327,50.084],[47.219,49.966],[47.111,49.905],[46.967,49.864],[46.895,49.86],[46.859,49.75],[46.859,49.592],[46.823,49.571],[46.823,49.454],[46.787,49.433],[46.787,49.327],[47.039,49.205],[47.039,49.112],[47.003,49.055],[46.931,48.998],[46.751,48.921],[46.715,48.852],[46.679,48.754],[46.643,48.73],[46.607,48.656],[46.607,48.681],[46.571,48.713],[46.391,48.799],[46.247,48.848],[46.067,48.856],[45.923,48.734],[45.887,48.693],[45.815,48.664],[45.599,48.571],[45.527,48.579],[45.419,48.559],[45.275,48.542],[45.239,48.53],[45.275,48.51],[45.383,48.494],[45.383,48.445],[45.347,48.441],[45.239,48.486],[45.203,48.473],[45.059,48.363],[45.023,48.274],[45.131,48.229],[45.203,48.217],[45.347,48.128],[45.275,48.107],[45.203,48.115],[45.059,48.168],[44.986,48.164],[44.95,48.128],[44.986,48.111],[44.986,48.083],[44.914,48.054],[44.842,48.054],[44.806,48.095],[44.698,48.054],[44.626,48.05],[44.59,48.071],[44.626,48.124],[44.626,48.176],[44.482,48.209],[44.41,48.189],[44.374,48.144],[44.374,48.111],[44.338,48.067],[44.518,48.03],[44.554,48.002],[44.518,47.957],[44.41,47.867],[44.302,47.863],[44.23,47.875],[44.158,47.916],[44.05,47.879],[44.05,47.802],[43.978,47.77],[43.87,47.737],[43.798,47.713],[43.726,47.635],[43.726,47.465],[43.582,47.457],[43.51,47.424],[43.33,47.395],[43.222,47.428],[43.222,47.497],[43.258,47.513],[43.15,47.538],[43.114,47.534],[43.114,47.509],[43.006,47.481],[42.97,47.526],[42.862,47.631],[42.79,47.729],[42.754,47.757],[42.754,47.843],[42.682,47.879],[42.61,47.908],[42.574,47.949],[42.466,47.997],[42.394,48.018],[42.178,48.014],[42.034,48.03],[42.034,48.071],[41.998,48.111],[42.07,48.148],[42.07,48.197],[42.034,48.229],[42.034,48.262],[42.142,48.278],[42.07,48.388],[42.07,48.416],[42.286,48.514],[42.43,48.522],[42.61,48.563],[42.718,48.624],[42.682,48.669],[42.682,48.701],[42.718,48.738],[42.79,48.791],[42.79,48.884],[42.754,48.896],[42.754,48.941],[42.682,48.998],[42.574,49.035],[42.466,49.018],[42.43,49.035],[42.43,49.071],[42.466,49.12],[42.394,49.161],[42.286,49.177],[42.142,49.148],[42.106,49.153],[42.106,49.25],[42.142,49.295],[42.106,49.327],[42.106,49.368],[42.07,49.397],[42.106,49.449],[42.106,49.502],[42.142,49.527],[42.142,49.563],[42.178,49.596],[42.178,49.632],[42.214,49.657],[42.214,49.734],[42.142,49.767],[42.106,49.791],[41.998,49.852],[41.962,49.856],[41.962,49.881],[41.926,49.901],[41.818,49.889],[41.674,49.933],[41.674,49.994],[41.71,50.027],[41.53,50.072],[41.53,50.161],[41.458,50.186],[41.53,50.255],[41.53,50.295],[41.566,50.324],[41.566,50.401],[41.53,50.438],[41.53,50.515],[41.638,50.544],[41.602,50.584],[41.53,50.596],[41.494,50.641],[41.386,50.727],[41.278,50.755],[41.314,50.784],[41.35,50.779],[41.494,50.808],[41.494,50.869],[41.602,50.922],[41.674,50.914],[41.71,50.938],[41.782,50.95],[41.854,50.995],[41.854,51.056],[41.89,51.109],[41.962,51.154],[42.034,51.162],[42.286,51.125],[42.394,51.125],[42.502,51.162],[42.61,51.154],[42.682,51.162],[42.718,51.198],[42.79,51.235],[42.898,51.235],[42.97,51.255],[42.97,51.239],[43.042,51.235],[43.078,51.194],[43.15,51.17],[43.438,51.023],[43.51,51.019],[43.582,51.044],[43.582,51.056],[43.726,51.076],[43.762,51.113],[43.834,51.133],[43.906,51.125],[43.978,51.15],[43.978,51.17],[44.05,51.182],[44.086,51.17],[44.05,51.109],[44.086,51.08],[44.122,51.105],[44.194,51.109],[44.338,51.19],[44.554,51.198],[44.59,51.15],[44.662,51.145],[44.698,51.186],[44.77,51.178],[44.878,51.182],[44.986,51.125],[45.095,51.121],[45.131,51.076],[45.203,51.056],[45.275,50.995],[45.275,50.926],[45.347,50.893],[45.347,50.739],[45.311,50.71],[45.239,50.694],[45.239,50.592],[45.311,50.552],[45.347,50.552],[45.455,50.592],[45.563,50.592],[45.743,50.572],[45.779,50.605],[45.707,50.694],[45.707,50.727],[45.815,50.771],[45.959,50.739],[45.995,50.706],[46.103,50.678],[46.139,50.649],[46.139,50.539],[46.175,50.511],[46.247,50.515],[46.355,50.568],[46.499,50.535],[46.607,50.592],[46.607,50.67],[46.679,50.694],[46.787,50.645],[46.859,50.641],[46.931,50.6],[46.895,50.568],[47.003,50.487],[47.075,50.458],[47.111,50.483],[47.219,50.483],[47.219,50.446],[47.291,50.389],[47.363,50.385],[47.435,50.393]],[[37.786,61.55],[37.822,61.509],[37.786,61.432],[37.858,61.383],[37.858,61.334],[38.002,61.24],[37.966,61.196],[38.038,61.163],[38.11,61.163],[38.218,61.086],[38.182,61.066],[38.182,61.017],[38.146,60.976],[38.29,60.931],[38.398,60.996],[38.398,60.927],[38.362,60.891],[38.434,60.846],[38.578,60.834],[38.686,60.74],[38.83,60.748],[38.938,60.708],[39.046,60.712],[39.154,60.683],[39.226,60.728],[39.298,60.728],[39.334,60.708],[39.406,60.716],[39.514,60.708],[39.622,60.773],[39.766,60.773],[39.838,60.712],[39.982,60.683],[40.054,60.712],[40.234,60.736],[40.306,60.72],[40.378,60.752],[40.378,60.793],[40.45,60.797],[40.63,60.756],[40.702,60.785],[40.774,60.765],[40.99,60.679],[41.17,60.671],[41.35,60.724],[41.422,60.781],[41.386,60.85],[41.458,60.866],[41.53,60.907],[41.602,60.923],[41.638,60.878],[41.782,60.846],[41.782,60.907],[41.818,60.927],[41.926,60.911],[41.962,60.87],[42.034,60.85],[42.106,60.891],[42.142,60.878],[42.142,60.834],[42.286,60.805],[42.394,60.769],[42.43,60.793],[42.538,60.809],[42.61,60.87],[42.718,60.883],[42.862,60.838],[43.006,60.736],[43.078,60.765],[43.15,60.821],[43.258,60.789],[43.33,60.785],[43.474,60.797],[43.474,60.854],[43.582,60.878],[43.618,60.927],[43.726,60.935],[43.726,60.996],[43.87,61.013],[44.014,61.049],[44.158,61.045],[44.194,61.021],[44.158,61.005],[44.23,60.952],[44.518,60.927],[44.95,60.927],[45.203,60.911],[45.203,60.972],[45.275,61.155],[45.275,61.2],[45.419,61.192],[45.671,61.183],[45.815,61.167],[45.815,61.118],[45.743,61.061],[45.779,61.017],[45.995,60.964],[46.175,60.964],[46.319,60.972],[46.427,61.029],[46.499,61.029],[46.535,60.992],[46.643,60.964],[46.751,60.972],[46.787,60.931],[46.751,60.883],[46.895,60.854],[47.003,60.85],[47.075,60.862],[47.003,60.76],[47.003,60.699],[47.075,60.594],[47.039,60.557],[46.967,60.541],[46.859,60.46],[46.859,60.403],[46.823,60.321],[46.751,60.252],[46.643,60.264],[46.535,60.252],[46.355,60.256],[46.319,60.228],[46.391,60.171],[46.427,60.118],[46.535,60.077],[46.715,60.041],[46.859,60.057],[46.967,60.126],[47.039,60.15],[47.039,60.073],[47.003,60.02],[47.003,59.963],[46.967,59.927],[46.967,59.882],[46.895,59.78],[47.075,59.756],[47.147,59.711],[47.147,59.662],[47.111,59.605],[46.787,59.609],[46.751,59.577],[46.643,59.569],[46.643,59.597],[46.427,59.593],[46.391,59.492],[46.427,59.463],[46.391,59.369],[46.175,59.353],[46.139,59.321],[46.067,59.329],[45.923,59.186],[45.779,59.195],[45.707,59.219],[45.671,59.195],[45.635,59.199],[45.311,59.219],[45.275,59.186],[45.059,59.191],[44.986,59.121],[44.734,59.146],[44.554,59.146],[44.518,59.158],[44.302,59.138],[44.302,59.166],[44.194,59.178],[44.158,59.219],[44.014,59.195],[43.906,59.223],[43.798,59.219],[43.834,59.264],[43.798,59.28],[43.618,59.231],[43.618,59.199],[43.546,59.182],[43.51,59.199],[43.546,59.223],[43.51,59.26],[43.51,59.304],[43.438,59.276],[43.366,59.276],[43.366,59.215],[43.294,59.235],[43.258,59.219],[43.15,59.268],[43.078,59.235],[43.078,59.207],[42.934,59.191],[42.898,59.203],[42.898,59.154],[42.826,59.146],[42.754,59.235],[42.682,59.235],[42.682,59.28],[42.61,59.325],[42.502,59.304],[42.394,59.3],[42.322,59.264],[42.286,59.28],[42.214,59.365],[42.214,59.406],[42.178,59.402],[42.07,59.426],[41.998,59.292],[41.962,59.284],[42.034,59.247],[42.106,59.235],[42.106,59.109],[42.034,59.101],[41.998,59.121],[41.962,59.101],[41.998,59.081],[41.926,59.069],[41.818,59.085],[41.674,59.06],[41.422,58.983],[41.386,58.938],[41.35,58.959],[41.35,58.999],[41.278,58.983],[41.278,58.951],[41.206,58.918],[41.278,58.894],[41.278,58.837],[41.242,58.849],[41.17,58.788],[41.278,58.719],[41.206,58.646],[41.134,58.637],[40.99,58.528],[40.882,58.528],[40.774,58.556],[40.594,58.552],[40.558,58.536],[40.522,58.556],[40.45,58.519],[40.342,58.548],[40.306,58.528],[40.198,58.556],[40.198,58.585],[40.126,58.589],[40.09,58.625],[40.162,58.633],[39.946,58.759],[39.874,58.768],[39.838,58.792],[39.874,58.808],[39.838,58.824],[39.73,58.812],[39.658,58.89],[39.514,58.873],[39.334,58.926],[39.226,58.922],[39.154,58.951],[39.118,58.926],[39.01,58.955],[38.974,58.926],[39.01,58.898],[39.01,58.841],[38.938,58.784],[38.974,58.755],[38.902,58.731],[38.83,58.755],[38.758,58.735],[38.722,58.759],[38.578,58.763],[38.578,58.727],[38.434,58.711],[38.038,58.735],[38.002,58.702],[37.966,58.723],[37.966,58.682],[38.038,58.65],[37.966,58.641],[38.002,58.621],[37.966,58.58],[37.894,58.601],[37.894,58.621],[37.75,58.641],[37.714,58.609],[37.714,58.491],[37.642,58.491],[37.534,58.532],[37.498,58.585],[37.426,58.601],[37.39,58.646],[37.318,58.666],[37.282,58.723],[37.174,58.768],[37.174,58.8],[37.102,58.845],[37.066,58.808],[36.994,58.841],[36.85,58.796],[36.922,58.731],[36.814,58.707],[36.778,58.719],[36.706,58.682],[36.706,58.629],[36.634,58.625],[36.562,58.568],[36.562,58.515],[36.49,58.523],[36.382,58.523],[36.274,58.552],[36.274,58.601],[36.202,58.625],[36.202,58.67],[36.13,58.719],[36.094,58.719],[35.914,58.776],[35.842,58.78],[35.77,58.824],[35.698,58.808],[35.518,58.869],[35.446,58.869],[35.374,58.833],[35.374,58.808],[35.302,58.772],[35.302,58.845],[35.194,58.812],[35.194,58.89],[35.23,58.914],[35.23,58.955],[35.194,58.971],[35.05,58.979],[34.941,59.016],[35.014,59.04],[34.797,59.089],[34.761,59.125],[34.797,59.134],[34.797,59.174],[34.941,59.272],[35.05,59.219],[35.086,59.264],[35.158,59.252],[35.23,59.272],[35.266,59.304],[35.374,59.304],[35.41,59.378],[35.518,59.439],[35.41,59.483],[35.518,59.524],[35.554,59.573],[35.554,59.67],[35.662,59.622],[35.662,59.715],[35.446,59.731],[35.41,59.882],[35.446,59.951],[35.518,59.988],[35.374,60.0],[35.266,60.041],[35.158,60.049],[35.23,60.077],[35.23,60.118],[35.158,60.15],[35.158,60.264],[35.266,60.354],[35.266,60.407],[35.338,60.516],[35.338,60.61],[35.302,60.647],[35.302,60.687],[35.194,60.797],[35.302,60.87],[35.374,60.878],[35.482,60.85],[35.554,60.887],[35.59,60.944],[35.518,60.972],[35.554,61.033],[35.662,61.061],[35.698,61.131],[35.698,61.196],[35.662,61.196],[36.454,61.415],[36.526,61.464],[36.634,61.562],[36.742,61.582],[36.886,61.55],[36.886,61.57],[36.994,61.619],[37.066,61.631],[37.174,61.59],[37.246,61.594],[37.318,61.545],[37.39,61.525],[37.606,61.545],[37.786,61.55]],[[40.594,51.93],[40.702,51.91],[40.81,51.906],[40.882,51.874],[40.954,51.878],[41.026,51.849],[41.026,51.731],[40.99,51.723],[41.062,51.691],[41.242,51.715],[41.314,51.707],[41.35,51.735],[41.422,51.772],[41.53,51.739],[41.674,51.739],[41.782,51.703],[41.854,51.691],[41.926,51.707],[41.998,51.654],[41.998,51.638],[42.142,51.638],[42.214,51.601],[42.214,51.67],[42.322,51.666],[42.358,51.658],[42.358,51.593],[42.394,51.573],[42.502,51.597],[42.574,51.573],[42.646,51.52],[42.79,51.495],[42.898,51.446],[42.934,51.418],[42.934,51.304],[42.97,51.255],[42.898,51.235],[42.79,51.235],[42.718,51.198],[42.682,51.162],[42.61,51.154],[42.502,51.162],[42.394,51.125],[42.286,51.125],[42.034,51.162],[41.962,51.154],[41.89,51.109],[41.854,51.056],[41.854,50.995],[41.782,50.95],[41.71,50.938],[41.674,50.914],[41.602,50.922],[41.494,50.869],[41.494,50.808],[41.35,50.779],[41.314,50.784],[41.278,50.755],[41.386,50.727],[41.494,50.641],[41.53,50.596],[41.602,50.584],[41.638,50.544],[41.53,50.515],[41.53,50.438],[41.566,50.401],[41.566,50.324],[41.53,50.295],[41.53,50.255],[41.458,50.186],[41.422,50.182],[41.422,50.088],[41.386,50.06],[41.386,50.035],[41.314,49.99],[41.206,49.97],[41.134,49.905],[41.134,49.872],[41.062,49.783],[41.026,49.763],[41.026,49.702],[40.954,49.669],[40.882,49.669],[40.846,49.649],[40.702,49.632],[40.594,49.58],[40.522,49.584],[40.414,49.604],[40.27,49.612],[40.198,49.563],[40.126,49.604],[39.946,49.596],[39.946,49.571],[39.802,49.567],[39.766,49.592],[39.658,49.616],[39.658,49.653],[39.622,49.653],[39.622,49.702],[39.586,49.71],[39.622,49.734],[39.478,49.767],[39.37,49.734],[39.262,49.767],[39.226,49.824],[39.298,49.848],[39.298,49.925],[39.37,49.99],[39.37,50.047],[39.226,50.141],[39.226,50.239],[39.19,50.263],[39.19,50.312],[39.226,50.332],[39.154,50.393],[39.154,50.446],[39.226,50.487],[39.154,50.527],[39.19,50.564],[39.262,50.544],[39.298,50.556],[39.262,50.596],[39.118,50.617],[39.082,50.674],[39.01,50.661],[38.938,50.706],[38.902,50.739],[38.938,50.788],[38.83,50.816],[38.83,50.853],[38.866,50.91],[38.938,50.885],[38.974,50.926],[38.902,50.962],[38.938,50.979],[38.938,51.032],[38.83,51.08],[38.758,51.056],[38.722,51.011],[38.542,51.044],[38.47,51.076],[38.47,51.125],[38.578,51.162],[38.578,51.207],[38.542,51.247],[38.434,51.255],[38.362,51.28],[38.398,51.3],[38.398,51.381],[38.362,51.414],[38.362,51.516],[38.29,51.593],[38.218,51.634],[38.218,51.654],[38.47,51.695],[38.542,51.662],[38.614,51.682],[38.65,51.719],[38.542,51.739],[38.506,51.764],[38.506,51.792],[38.542,51.833],[38.506,51.857],[38.506,51.898],[38.47,51.922],[38.362,51.935],[38.326,51.959],[38.398,51.979],[38.542,52.04],[38.686,52.016],[38.722,52.04],[38.722,52.101],[38.83,52.077],[38.866,52.101],[38.938,52.085],[39.01,52.032],[39.046,51.987],[39.154,51.975],[39.154,52.04],[39.19,52.081],[39.262,52.089],[39.442,52.081],[39.586,52.048],[39.586,51.951],[39.658,51.926],[39.802,51.906],[39.838,51.914],[39.91,51.898],[39.946,51.926],[40.018,51.955],[40.054,51.935],[40.126,51.951],[40.45,51.943],[40.594,51.93]],[[70.117,66.43],[70.081,66.406],[70.045,66.438],[70.117,66.43]],[[69.973,66.463],[69.865,66.463],[69.829,66.508],[69.757,66.516],[69.613,66.573],[69.685,66.556],[69.757,66.573],[69.829,66.544],[69.973,66.528],[70.009,66.479],[69.973,66.463]],[[70.693,66.487],[70.333,66.564],[70.297,66.634],[70.441,66.638],[70.441,66.658],[70.585,66.67],[70.693,66.662],[70.84516494845359,66.63072164948454],[70.765,66.658],[70.621,66.678],[70.765,66.731],[70.873,66.8],[71.089,66.792],[71.197,66.833],[71.197,66.849],[71.413,66.861],[71.521,66.878],[71.521,66.76],[71.629,66.715],[71.593,66.707],[71.593,66.634],[71.449,66.625],[71.449,66.609],[71.233,66.634],[71.233,66.601],[71.089,66.621],[71.089,66.589],[71.017,66.589],[70.91214563106797,66.60841747572815],[71.017,66.564],[70.909,66.528],[70.945,66.52],[70.693,66.487]],[[70.081,66.548],[70.153,66.552],[70.117,66.499],[70.045,66.491],[70.009,66.528],[69.865,66.544],[69.721,66.589],[69.721,66.573],[69.613,66.589],[69.613,66.634],[69.541,66.65],[69.577,66.666],[69.505,66.707],[69.469,66.752],[69.541,66.768],[69.541,66.715],[69.685,66.67],[69.757,66.658],[69.757,66.666],[69.577,66.715],[69.613,66.747],[69.793,66.743],[69.973,66.691],[70.081,66.682],[70.153,66.65],[70.153,66.621],[70.081,66.638],[70.081,66.613],[70.009,66.613],[69.757,66.642],[69.757,66.634],[69.901,66.621],[70.045,66.581],[70.081,66.548]],[[69.397,66.63],[69.325,66.63],[69.289,66.691],[69.397,66.707],[69.397,66.63]],[[70.153,66.707],[70.261,66.723],[70.333,66.752],[70.405,66.731],[70.549,66.715],[70.585,66.682],[70.369,66.666],[70.225,66.678],[70.153,66.707]],[[69.397,66.735],[69.469,66.723],[69.469,66.699],[69.397,66.735]],[[69.793,66.772],[69.973,66.743],[70.081,66.707],[69.937,66.723],[69.901,66.715],[69.793,66.756],[69.793,66.772]],[[69.145,66.788],[69.289,66.792],[69.325,66.78],[69.541,66.788],[69.469,66.756],[69.289,66.723],[69.145,66.788]],[[69.433,66.808],[69.361,66.792],[69.253,66.808],[69.073,66.813],[69.109,66.857],[69.037,66.792],[68.929,66.788],[68.929,66.772],[69.109,66.772],[69.181,66.756],[69.145,66.699],[69.145,66.601],[69.253,66.564],[69.433,66.487],[69.505,66.487],[69.757,66.463],[69.865,66.438],[69.937,66.39],[70.081,66.381],[70.369,66.32],[70.657,66.329],[70.873,66.345],[71.089,66.341],[71.197,66.349],[71.413,66.337],[71.629,66.312],[71.737,66.288],[71.809,66.235],[71.917,66.231],[71.989,66.247],[72.097,66.227],[72.205,66.251],[72.241,66.243],[72.277,66.28],[72.385,66.312],[72.421,66.341],[72.421,66.398],[72.385,66.422],[72.385,66.491],[72.313,66.495],[72.421,66.532],[72.493,66.581],[72.601,66.601],[72.853,66.621],[72.925,66.638],[73.033,66.686],[73.033,66.723],[73.249,66.756],[73.285,66.78],[73.537,66.825],[73.609,66.89],[73.609,66.922],[73.861,66.975],[73.897,67.004],[73.861,67.044],[73.933,67.065],[73.897,67.101],[73.969,67.134],[73.969,67.219],[73.933,67.227],[73.933,67.292],[74.005,67.317],[74.041,67.378],[74.257,67.488],[74.329,67.504],[74.545,67.581],[74.725,67.654],[74.761,67.691],[74.761,67.752],[74.797,67.772],[74.761,67.809],[74.797,67.866],[74.797,68.025],[74.761,68.106],[74.581,68.26],[74.509,68.269],[74.329,68.346],[74.329,68.383],[74.473,68.496],[74.437,68.578],[74.437,68.667],[74.509,68.732],[74.617,68.765],[74.941,68.822],[75.194,68.862],[75.338,68.891],[75.626,68.907],[75.734,68.928],[75.878,68.94],[76.094,68.989],[76.382,68.989],[76.49,69.005],[76.598,68.956],[76.598,68.919],[76.67,68.854],[76.598,68.785],[76.598,68.753],[76.886,68.663],[77.03,68.602],[77.03,68.549],[77.138,68.561],[77.318,68.472],[77.21,68.48],[77.21,68.427],[77.246,68.407],[77.246,68.354],[77.138,68.293],[77.138,68.252],[77.318,68.24],[77.246,68.147],[77.138,68.122],[77.21,68.073],[77.21,68.012],[77.138,67.943],[77.282,67.87],[77.21,67.809],[77.066,67.817],[77.03,67.781],[77.138,67.728],[77.354,67.671],[77.39,67.667],[77.678,67.585],[77.678,67.471],[77.642,67.463],[77.642,67.41],[77.606,67.394],[77.606,67.325],[77.642,67.321],[77.642,67.406],[77.714,67.439],[77.786,67.386],[77.894,67.37],[77.894,67.423],[77.858,67.476],[77.966,67.512],[78.218,67.561],[78.326,67.52],[78.434,67.52],[78.506,67.549],[78.686,67.496],[78.83,67.415],[78.974,67.362],[79.082,67.354],[79.11179310344825,67.33468965517243],[79.082,67.362],[78.938,67.378],[78.866,67.419],[78.758,67.504],[78.758,67.561],[79.01,67.528],[79.262,67.459],[79.226,67.476],[79.19,67.512],[79.01,67.573],[78.794,67.606],[78.83,67.63],[78.686,67.63],[78.686,67.598],[78.614,67.581],[78.506,67.589],[78.506,67.61],[78.614,67.61],[78.614,67.646],[78.434,67.646],[78.362,67.675],[78.362,67.622],[78.326,67.654],[78.038,67.63],[78.038,67.667],[77.894,67.691],[77.966,67.699],[77.786,67.715],[77.786,67.748],[77.714,67.72],[77.642,67.711],[77.462,67.728],[77.462,67.744],[77.462,67.886],[77.57,67.907],[77.462,67.935],[77.462,68.008],[77.462,68.114],[77.57,68.167],[77.714,68.224],[77.858,68.232],[78.002,68.224],[78.11,68.248],[78.11,68.273],[78.038,68.293],[78.038,68.342],[77.966,68.383],[77.858,68.46],[77.966,68.48],[77.714,68.529],[77.714,68.602],[77.714,68.639],[77.714,68.712],[77.678,68.777],[77.606,68.907],[77.354,68.932],[77.21,68.98],[77.066,68.989],[76.814,69.058],[76.814,69.074],[76.67,69.147],[76.418,69.147],[76.094,69.233],[75.95,69.257],[75.842,69.249],[75.518,69.265],[75.374,69.224],[75.338,69.2],[75.158,69.151],[75.158,69.115],[74.797,69.098],[74.509,69.151],[74.293,69.147],[74.005,69.078],[73.861,69.098],[73.789,69.155],[73.789,69.233],[73.897,69.322],[73.933,69.391],[73.825,69.517],[73.573,69.664],[73.537,69.7],[73.537,69.769],[73.609,69.786],[73.681,69.835],[73.681,69.871],[73.753,69.92],[73.753,70.001],[73.789,70.018],[73.789,70.087],[73.681,70.107],[73.897,70.237],[74.077,70.306],[74.221,70.396],[74.293,70.485],[74.329,70.595],[74.257,70.66],[74.077,70.766],[73.897,70.843],[73.897,70.92],[73.933,70.941],[73.861,70.986],[73.753,71.018],[73.681,71.059],[73.645,71.144],[73.321,71.319],[73.033,71.372],[72.997,71.421],[73.105,71.478],[73.177,71.49],[73.285,71.543],[73.429,71.588],[73.429,71.612],[73.537,71.661],[73.537,71.73],[73.465,71.758],[73.537,71.803],[73.717,71.844],[74.545,71.986],[74.941,72.133],[75.014,72.177],[75.086,72.283],[75.086,72.397],[75.014,72.511],[75.014,72.58],[74.905,72.706],[74.761,72.791],[74.905,72.861],[74.977,72.869],[75.122,72.82],[75.374,72.775],[75.482,72.73],[75.374,72.714],[75.302,72.73],[75.302,72.682],[75.446,72.617],[75.59,72.564],[75.626,72.519],[75.482,72.515],[75.482,72.474],[75.554,72.421],[75.554,72.352],[75.698,72.267],[75.662,72.238],[75.518,72.21],[75.518,72.169],[75.446,72.128],[75.446,72.084],[75.374,72.019],[75.41,71.958],[75.266,71.933],[75.23,71.848],[75.23,71.746],[75.302,71.697],[75.482,71.624],[75.41,71.596],[75.41,71.563],[75.482,71.514],[75.374,71.465],[75.374,71.429],[75.302,71.445],[75.194,71.413],[75.266,71.331],[75.482,71.274],[75.59,71.27],[75.77,71.213],[75.878,71.193],[76.094,71.185],[76.094,71.193],[76.31,71.169],[76.634,71.169],[76.994,71.148],[77.066,71.152],[77.246,71.136],[77.39,71.148],[77.786,71.112],[77.894,71.042],[77.93,70.953],[78.002,70.937],[78.326,70.912],[78.362,70.892],[78.434,70.998],[78.29,71.042],[78.218,71.079],[78.254,71.14],[78.254,71.197],[78.29,71.238],[78.11,71.246],[78.002,71.262],[77.93,71.221],[77.894,71.262],[77.966,71.327],[77.858,71.331],[77.858,71.299],[77.714,71.295],[77.714,71.254],[77.606,71.27],[77.57,71.299],[77.462,71.307],[77.534,71.282],[77.318,71.311],[77.138,71.364],[77.138,71.396],[76.922,71.417],[76.634,71.474],[76.634,71.498],[76.49,71.531],[76.31,71.567],[76.31,71.657],[76.166,71.701],[76.166,71.783],[76.058,71.856],[75.986,71.872],[76.166,71.917],[76.49,72.019],[76.742,72.051],[76.922,72.051],[76.994,71.994],[77.138,71.97],[77.354,71.901],[77.462,71.844],[77.606,71.815],[77.786,71.811],[78.11,71.856],[78.254,71.945],[78.218,71.994],[78.038,72.076],[77.966,72.104],[77.714,72.096],[77.534,72.051],[77.39,72.072],[77.39,72.104],[77.462,72.169],[77.462,72.21],[77.534,72.214],[77.642,72.177],[77.714,72.21],[77.714,72.242],[77.858,72.267],[77.858,72.303],[77.966,72.328],[78.29,72.344],[78.29,72.328],[78.434,72.311],[78.434,72.336],[78.542,72.372],[78.578,72.336],[78.686,72.263],[78.686,72.23],[79.01,72.112],[79.262,72.043],[79.514,72.035],[79.838,72.051],[79.91,72.011],[80.126,71.99],[80.306,71.962],[80.45,71.917],[80.486,71.848],[80.306,71.84],[80.234,71.795],[80.234,71.746],[80.054,71.632],[79.838,71.596],[79.514,71.604],[79.442,71.596],[79.442,71.539],[79.478,71.498],[79.442,71.461],[79.334,71.457],[79.334,71.417],[79.406,71.315],[79.478,71.291],[79.586,71.287],[79.838,71.197],[79.91,71.132],[80.486,71.055],[80.63,71.042],[80.702,70.998],[80.738,70.937],[80.738,70.868],[80.81,70.827],[80.846,70.762],[80.774,70.689],[80.954,70.628],[80.81,70.518],[80.774,70.473],[80.954,70.392],[80.882,70.371],[80.774,70.375],[80.63,70.412],[80.414,70.416],[80.234,70.396],[80.234,70.367],[80.054,70.274],[79.766,70.201],[79.658,70.144],[79.658,70.115],[79.586,70.099],[79.586,70.123],[79.478,70.14],[79.406,70.119],[79.406,70.046],[79.262,70.009],[79.226,69.94],[79.01,69.867],[79.01,69.814],[79.154,69.733],[79.118,69.651],[79.262,69.627],[79.514,69.615],[79.586,69.57],[79.586,69.46],[79.658,69.399],[79.766,69.395],[79.874,69.326],[79.982,69.306],[80.306,69.314],[80.558,69.273],[80.702,69.281],[80.81,69.261],[81.026,69.192],[81.17,69.188],[81.386,69.241],[81.53,69.22],[81.602,69.233],[81.71,69.265],[81.746,69.314],[81.71,69.375],[81.782,69.416],[81.854,69.375],[82.07,69.338],[82.07,69.29],[81.926,69.208],[81.926,69.176],[82.178,69.155],[82.25,69.135],[82.466,69.127],[82.502,69.098],[82.502,69.05],[82.43,69.029],[82.502,68.972],[82.574,68.883],[82.574,68.838],[82.682,68.777],[82.898,68.712],[82.898,68.659],[82.898,68.606],[82.79,68.553],[82.718,68.545],[82.718,68.5],[82.79,68.415],[82.754,68.354],[82.754,68.26],[82.574,68.216],[82.574,68.183],[82.574,68.126],[82.43,68.069],[82.43,67.943],[82.394,67.923],[82.25,67.899],[82.106,67.923],[81.926,67.899],[81.818,67.899],[81.782,67.878],[81.926,67.744],[82.106,67.711],[82.106,67.638],[82.178,67.581],[82.358,67.532],[82.43,67.496],[82.43,67.459],[82.322,67.37],[82.358,67.333],[82.358,67.288],[82.178,67.195],[82.502,67.061],[82.718,66.996],[83.078,66.882],[83.078,66.821],[83.222,66.784],[83.294,66.686],[83.366,66.65],[83.33,66.601],[83.15,66.54],[83.114,66.455],[83.222,66.394],[83.366,66.329],[83.474,66.223],[83.546,66.178],[83.618,66.137],[83.474,66.105],[83.474,66.052],[83.402,66.044],[83.366,66.011],[83.402,65.967],[83.474,65.926],[83.546,65.853],[83.618,65.747],[83.762,65.735],[83.942,65.755],[84.122,65.698],[84.302,65.657],[84.374,65.609],[84.194,65.584],[84.194,65.556],[84.41,65.535],[84.518,65.507],[84.59,65.446],[84.554,65.389],[84.662,65.271],[84.554,65.214],[84.41,65.173],[84.338,65.104],[84.338,65.076],[84.41,65.06],[84.446,64.994],[84.374,64.929],[84.41,64.905],[84.698,64.893],[84.986,64.921],[85.023,64.921],[85.095,64.893],[85.023,64.844],[85.167,64.824],[85.239,64.779],[85.347,64.771],[85.419,64.811],[85.563,64.836],[85.671,64.811],[85.671,64.791],[85.815,64.787],[85.851,64.755],[85.851,64.694],[85.923,64.567],[85.815,64.49],[85.923,64.401],[85.887,64.364],[85.995,64.226],[85.959,64.165],[85.959,64.047],[85.671,63.961],[85.599,63.917],[85.491,63.872],[85.347,63.839],[85.311,63.803],[85.311,63.669],[85.239,63.608],[85.095,63.579],[85.167,63.534],[85.347,63.461],[85.347,63.425],[85.419,63.372],[85.563,63.376],[85.599,63.355],[85.563,63.25],[85.599,63.201],[85.527,63.172],[85.527,63.144],[85.599,63.103],[85.599,63.026],[85.527,63.006],[85.527,62.924],[85.347,62.863],[85.275,62.778],[85.167,62.733],[85.167,62.709],[85.023,62.676],[84.95,62.579],[84.986,62.534],[84.914,62.448],[84.842,62.396],[84.662,62.318],[84.59,62.261],[84.518,62.18],[84.446,62.196],[84.41,62.241],[84.338,62.265],[84.302,62.335],[84.194,62.379],[84.122,62.375],[84.014,62.436],[83.978,62.485],[83.87,62.53],[83.798,62.538],[83.726,62.505],[83.618,62.477],[83.618,62.53],[83.474,62.477],[83.402,62.457],[83.222,62.489],[83.114,62.53],[83.114,62.583],[83.078,62.607],[82.826,62.631],[82.79,62.648],[82.79,62.758],[82.574,62.766],[82.394,62.753],[82.322,62.762],[82.178,62.798],[82.142,62.819],[82.034,62.81],[81.926,62.696],[81.854,62.68],[81.746,62.713],[81.602,62.802],[81.53,62.786],[81.422,62.798],[81.278,62.863],[81.35,62.92],[81.17,62.989],[81.062,63.046],[80.954,63.136],[80.846,63.111],[80.738,63.103],[80.63,63.079],[80.63,63.014],[80.558,62.989],[80.486,62.981],[80.522,62.965],[80.234,62.847],[80.054,62.814],[79.91,62.81],[79.91,62.766],[79.91,62.725],[79.838,62.591],[79.73,62.579],[79.478,62.591],[79.334,62.574],[79.154,62.574],[78.974,62.583],[78.794,62.607],[78.614,62.587],[78.254,62.57],[78.038,62.522],[77.786,62.566],[77.678,62.631],[77.39,62.729],[77.138,62.843],[77.03,62.969],[76.958,63.002],[76.814,63.01],[76.742,63.038],[76.562,63.034],[76.418,62.969],[76.346,62.969],[76.238,63.03],[76.094,63.063],[75.914,63.087],[75.806,63.119],[75.626,63.107],[75.518,63.087],[75.41,63.099],[75.302,63.087],[75.194,63.063],[75.05,63.05],[74.725,63.034],[74.545,63.034],[74.437,63.091],[74.257,63.16],[74.185,63.176],[73.969,63.189],[73.753,63.18],[73.537,63.18],[73.429,63.201],[73.357,63.27],[73.213,63.327],[73.141,63.412],[72.925,63.412],[72.889,63.364],[72.745,63.29],[72.565,63.274],[72.205,63.294],[72.169,63.258],[72.097,63.242],[71.881,63.233],[71.773,63.197],[71.665,63.193],[71.557,63.412],[71.593,63.49],[71.557,63.567],[71.449,63.665],[71.377,63.689],[70.981,63.681],[70.945,63.693],[70.873,63.807],[70.801,63.876],[70.693,63.957],[70.657,64.002],[70.729,64.031],[70.801,64.087],[70.801,64.14],[70.765,64.181],[70.621,64.201],[70.513,64.242],[70.333,64.332],[70.189,64.315],[69.865,64.299],[69.829,64.36],[69.721,64.368],[69.469,64.352],[69.325,64.409],[69.253,64.425],[69.109,64.421],[68.965,64.397],[68.965,64.36],[69.037,64.315],[68.965,64.258],[68.965,64.165],[68.641,64.234],[68.569,64.262],[68.497,64.266],[68.389,64.222],[68.245,64.173],[68.137,64.124],[67.921,64.075],[67.885,64.031],[67.813,64.022],[67.741,64.083],[67.669,64.071],[67.381,64.071],[67.273,64.055],[67.237,64.128],[66.985,64.157],[66.877,64.201],[66.841,64.254],[66.913,64.38],[66.949,64.409],[66.913,64.482],[66.841,64.506],[66.733,64.506],[66.481,64.449],[66.409,64.449],[66.373,64.474],[66.193,64.527],[65.977,64.519],[65.653,64.494],[65.545,64.494],[65.257,64.441],[65.113,64.425],[65.005,64.433],[64.896,64.421],[64.68,64.376],[64.572,64.388],[64.5,64.352],[64.104,64.356],[63.96,64.291],[63.78,64.258],[63.672,64.254],[63.492,64.315],[63.492,64.401],[63.42,64.441],[63.204,64.494],[63.06,64.515],[62.88,64.474],[62.664,64.523],[62.592,64.551],[62.556,64.608],[62.7,64.645],[62.844,64.718],[62.88,64.771],[62.808,64.864],[62.736,64.885],[62.808,64.978],[62.808,65.076],[62.88,65.255],[62.88,65.291],[62.7,65.324],[62.448,65.401],[62.448,65.483],[62.34,65.548],[62.304,65.601],[62.232,65.641],[62.052,65.702],[62.196,65.727],[62.772,65.857],[62.772,65.91],[62.88,65.967],[62.844,66.024],[62.916,66.036],[62.952,66.101],[63.024,66.113],[63.06,66.186],[63.168,66.235],[63.24,66.247],[63.312,66.227],[63.312,66.268],[63.24,66.32],[63.312,66.357],[63.312,66.381],[63.384,66.455],[63.456,66.471],[63.6,66.479],[63.816,66.532],[63.852,66.573],[64.032,66.642],[64.212,66.634],[64.284,66.642],[64.356,66.686],[64.572,66.723],[64.608,66.792],[64.752,66.817],[64.896,66.817],[65.113,66.902],[65.113,66.975],[65.041,67.065],[65.185,67.093],[65.221,67.138],[65.329,67.191],[65.581,67.268],[65.617,67.305],[65.725,67.321],[65.761,67.362],[65.905,67.378],[66.049,67.41],[66.121,67.451],[66.157,67.496],[66.013,67.577],[65.833,67.593],[65.905,67.622],[65.905,67.654],[65.977,67.667],[66.193,67.646],[66.265,67.671],[66.265,67.707],[66.193,67.744],[66.013,67.809],[66.121,67.854],[66.085,67.947],[65.869,67.943],[65.725,67.907],[65.581,67.907],[65.473,67.951],[65.365,67.976],[65.329,68.069],[65.329,68.281],[65.473,68.362],[65.473,68.403],[65.689,68.48],[65.725,68.525],[65.689,68.578],[65.581,68.627],[65.617,68.704],[65.437,68.74],[65.437,68.785],[65.293,68.81],[65.113,68.801],[65.005,68.854],[64.824,68.903],[64.788,68.867],[64.68,68.879],[64.644,68.903],[64.68,68.928],[64.608,69.009],[64.644,69.033],[64.752,69.05],[64.788,69.07],[64.752,69.159],[64.824,69.188],[64.824,69.212],[64.932,69.257],[65.149,69.249],[65.185,69.216],[65.293,69.188],[65.473,69.155],[65.941,69.098],[66.049,69.09],[66.229,69.066],[66.517,68.948],[66.265,69.025],[66.157,69.062],[65.977,69.058],[65.941,69.082],[65.761,69.082],[65.761,69.106],[65.617,69.106],[65.725,69.086],[65.797,69.05],[65.905,69.058],[66.013,69.029],[66.121,69.021],[66.229,68.98],[66.301,68.989],[66.301,68.952],[66.373,68.928],[66.445,68.928],[66.697,68.871],[66.949,68.846],[67.165,68.81],[67.057,68.785],[67.093,68.749],[67.165,68.728],[67.273,68.663],[67.381,68.659],[67.561,68.586],[67.705,68.537],[67.705,68.513],[67.849,68.48],[67.741,68.488],[67.777,68.427],[67.849,68.452],[68.173,68.387],[68.281,68.309],[68.209,68.277],[68.173,68.232],[68.281,68.208],[68.317,68.167],[68.461,68.216],[68.605,68.301],[68.569,68.309],[68.641,68.399],[68.857,68.537],[68.965,68.635],[69.037,68.777],[69.145,68.814],[69.109,68.854],[68.965,68.879],[69.073,68.919],[68.929,68.928],[68.893,68.903],[68.641,68.915],[68.533,68.944],[68.425,69.005],[68.425,69.041],[68.137,69.204],[68.065,69.261],[68.029,69.326],[68.137,69.367],[68.137,69.501],[68.173,69.517],[68.029,69.509],[67.993,69.464],[67.849,69.485],[67.705,69.542],[67.669,69.574],[67.525,69.595],[67.381,69.595],[67.021,69.692],[66.985,69.635],[66.877,69.627],[66.877,69.574],[66.949,69.55],[66.913,69.517],[66.841,69.55],[66.841,69.627],[66.805,69.635],[66.805,69.725],[66.841,69.778],[66.841,69.896],[66.877,69.961],[66.949,69.997],[66.949,69.969],[67.057,69.944],[67.273,69.957],[67.309,69.985],[67.453,70.022],[67.381,70.062],[67.381,70.103],[67.309,70.115],[67.309,70.152],[67.237,70.217],[67.129,70.205],[67.201,70.306],[67.201,70.351],[67.309,70.392],[67.345,70.432],[67.309,70.493],[67.201,70.526],[67.273,70.558],[67.273,70.607],[67.381,70.664],[67.345,70.717],[67.345,70.786],[67.201,70.827],[66.985,70.798],[66.985,70.782],[66.733,70.766],[66.733,70.819],[66.661,70.843],[66.661,70.872],[66.769,70.9],[66.805,70.941],[66.913,71.006],[66.877,71.042],[66.985,71.067],[66.877,71.071],[66.769,71.095],[66.877,71.173],[66.949,71.262],[67.093,71.295],[67.273,71.319],[67.525,71.38],[67.669,71.441],[67.885,71.482],[68.137,71.579],[68.173,71.608],[68.281,71.632],[68.461,71.766],[68.497,71.807],[68.569,71.958],[68.605,71.974],[68.641,72.092],[68.713,72.145],[68.749,72.214],[68.749,72.295],[68.785,72.34],[68.821,72.466],[68.929,72.588],[68.965,72.686],[69.037,72.706],[69.181,72.775],[69.253,72.832],[69.325,72.93],[69.505,72.946],[69.757,72.938],[69.757,72.913],[69.613,72.905],[69.505,72.877],[69.541,72.856],[69.685,72.848],[69.865,72.869],[70.045,72.865],[70.189,72.881],[70.441,72.873],[70.477,72.885],[70.729,72.865],[70.873,72.881],[71.197,72.885],[71.305,72.873],[71.557,72.885],[71.737,72.848],[71.989,72.82],[71.989,72.787],[72.061,72.816],[72.205,72.787],[72.637,72.73],[72.817,72.686],[72.673,72.698],[72.673,72.665],[72.781,72.641],[72.673,72.572],[72.781,72.495],[72.601,72.49],[72.745,72.466],[72.781,72.377],[72.781,72.311],[72.817,72.259],[72.673,72.185],[72.709,72.12],[72.565,72.051],[72.529,71.994],[72.529,71.929],[72.493,71.88],[72.349,71.848],[72.313,71.815],[72.349,71.705],[72.205,71.661],[72.169,71.579],[72.061,71.575],[72.061,71.555],[71.917,71.539],[71.845,71.506],[71.845,71.425],[72.025,71.335],[72.025,71.287],[72.097,71.282],[72.205,71.217],[72.385,71.169],[72.601,71.14],[72.637,71.071],[72.601,70.986],[72.781,70.88],[72.817,70.872],[72.817,70.803],[72.781,70.782],[72.781,70.656],[72.709,70.628],[72.709,70.538],[72.781,70.506],[72.781,70.408],[72.385,70.27],[72.421,70.237],[72.565,70.164],[72.565,70.119],[72.493,69.989],[72.565,69.952],[72.673,69.855],[72.673,69.729],[72.601,69.708],[72.529,69.627],[72.601,69.529],[72.673,69.509],[72.709,69.452],[72.637,69.412],[72.529,69.428],[72.529,69.399],[72.637,69.326],[72.637,69.269],[72.529,69.233],[72.493,69.176],[72.493,69.086],[72.601,68.923],[72.601,68.899],[72.745,68.814],[72.961,68.749],[73.141,68.704],[73.321,68.627],[73.429,68.598],[73.537,68.537],[73.609,68.476],[73.573,68.399],[73.573,68.472],[73.465,68.452],[73.429,68.362],[73.393,68.358],[73.105,68.22],[73.105,68.126],[73.033,68.094],[73.069,68.025],[73.213,67.935],[73.213,67.842],[73.105,67.813],[73.069,67.772],[73.105,67.715],[72.889,67.675],[72.889,67.622],[72.601,67.581],[72.565,67.496],[72.421,67.459],[72.457,67.337],[72.421,67.305],[72.241,67.297],[72.241,67.317],[72.133,67.284],[72.241,67.227],[72.241,67.13],[72.097,67.15],[72.025,67.118],[71.953,67.118],[72.061,67.089],[72.025,67.061],[72.061,67.036],[71.917,67.004],[71.881,66.967],[71.809,66.951],[71.809,66.906],[71.845,66.886],[71.737,66.894],[71.737,66.869],[71.665,66.869],[71.737,66.906],[71.701,66.931],[71.557,66.931],[71.557,66.906],[71.377,66.967],[71.341,66.935],[71.485,66.898],[71.341,66.89],[71.341,66.874],[71.197,66.869],[71.125,66.817],[71.053,66.804],[70.837,66.804],[70.801,66.768],[70.513,66.731],[70.333,66.76],[70.261,66.735],[70.117,66.735],[70.009,66.788],[69.973,66.849],[69.901,66.849],[69.901,66.804],[69.649,66.804],[69.613,66.821],[69.5960843373494,66.82319277108434],[69.649,66.796],[69.433,66.808]],[[69.217,66.833],[69.289,66.821],[69.397,66.841],[69.49091304347833,66.83682608695652],[69.397,66.849],[69.289,66.857],[69.217,66.878],[69.217,66.906],[69.073,66.902],[69.073,66.882],[68.93160633484159,66.86138009049773],[69.109,66.857],[69.217,66.833]],[[68.92850173010382,66.86145674740484],[68.929,66.861],[68.93160633484159,66.86138009049773],[68.92850173010382,66.86145674740484]],[[68.893,66.894],[68.785,66.89],[68.785,66.865],[68.92850173010382,66.86145674740484],[68.893,66.894]],[[79.118,67.329],[79.12520000000004,67.32599999999998],[79.11179310344825,67.33468965517243],[79.118,67.329]],[[79.19,67.284],[79.262,67.268],[79.334,67.28],[79.334,67.244],[79.55,67.195],[79.658,67.142],[79.874,67.158],[79.658,67.158],[79.586,67.183],[79.514,67.223],[79.406,67.236],[79.406,67.284],[79.226,67.284],[79.12520000000004,67.32599999999998],[79.19,67.284]],[[79.262,67.431],[79.29301538461539,67.4241076923077],[79.262,67.459],[79.262,67.431]],[[79.334,67.378],[79.334,67.415],[79.29301538461539,67.4241076923077],[79.334,67.378]],[[79.334,67.362],[79.514,67.349],[79.334,67.378],[79.334,67.362]],[[67.417,68.777],[67.345,68.753],[67.201,68.797],[67.309,68.81],[67.417,68.777]],[[66.949,69.424],[66.985,69.444],[67.057,69.428],[67.309,69.412],[67.237,69.403],[67.165,69.342],[67.057,69.367],[66.949,69.424]],[[67.021,69.473],[67.165,69.542],[67.165,69.558],[67.345,69.578],[67.381,69.501],[67.309,69.44],[67.201,69.432],[67.057,69.456],[67.021,69.473]],[[66.481,70.835],[66.553,70.916],[66.625,70.908],[66.553,70.835],[66.481,70.835]],[[66.553,70.929],[66.625,70.994],[66.697,70.986],[66.625,70.929],[66.553,70.929]],[[66.805,71.026],[66.841,70.986],[66.733,70.969],[66.661,71.03],[66.733,71.083],[66.805,71.083],[66.805,71.026]],[[71.089,66.552],[71.089,66.528],[71.017,66.532],[71.089,66.552]],[[77.786,67.435],[77.786,67.459],[77.858,67.41],[77.786,67.406],[77.786,67.435]],[[77.858,67.532],[77.714,67.459],[77.714,67.537],[77.858,67.532]],[[77.966,67.52],[77.858,67.496],[77.93,67.537],[77.966,67.52]],[[76.958,72.21],[76.922,72.161],[76.814,72.218],[76.922,72.242],[76.958,72.21]],[[78.362,72.32],[78.29,72.344],[78.326,72.377],[78.434,72.377],[78.362,72.32]],[[78.326,72.389],[78.29,72.389],[78.326,72.454],[78.326,72.389]],[[77.606,72.279],[77.318,72.279],[77.246,72.287],[76.922,72.267],[76.814,72.303],[76.922,72.352],[77.03,72.389],[77.246,72.429],[77.246,72.462],[77.354,72.523],[77.606,72.604],[77.93,72.58],[78.038,72.572],[78.182,72.551],[78.326,72.495],[78.326,72.462],[78.326,72.454],[78.182,72.429],[78.182,72.409],[77.858,72.348],[77.786,72.283],[77.678,72.295],[77.606,72.279]],[[72.925,72.572],[72.817,72.6],[72.817,72.678],[72.925,72.657],[72.853,72.608],[72.925,72.572]],[[74.617,72.897],[74.689,72.869],[74.545,72.848],[74.293,72.905],[74.077,72.974],[74.185,73.076],[74.329,73.109],[74.545,73.109],[74.689,73.092],[74.761,73.072],[74.653,73.04],[74.689,72.995],[74.617,72.95],[74.617,72.897]],[[76.166,73.198],[76.382,73.19],[76.634,73.162],[76.706,73.133],[76.634,73.117],[76.346,73.129],[76.166,73.153],[76.094,73.19],[76.166,73.198]],[[71.377,73.166],[71.233,73.117],[71.017,73.101],[70.909,73.109],[70.369,73.015],[70.153,73.027],[70.153,73.056],[70.009,73.04],[70.117,73.003],[69.937,73.011],[69.937,73.084],[70.009,73.174],[70.009,73.251],[70.045,73.332],[69.973,73.385],[70.297,73.45],[70.909,73.487],[71.125,73.458],[71.269,73.426],[71.377,73.377],[71.377,73.312],[71.305,73.296],[71.377,73.304],[71.413,73.336],[71.557,73.279],[71.665,73.17],[71.377,73.166]],[[76.094,73.519],[76.346,73.495],[76.706,73.434],[76.67,73.426],[76.49,73.458],[76.31,73.487],[76.058,73.479],[76.094,73.519]],[[75.59,73.434],[75.59,73.479],[75.374,73.422],[75.482,73.487],[75.662,73.519],[75.95,73.528],[76.058,73.519],[76.022,73.495],[75.842,73.463],[75.914,73.438],[75.734,73.426],[75.59,73.434]],[[40.99,58.528],[41.098,58.499],[41.098,58.414],[41.206,58.349],[41.134,58.292],[41.026,58.275],[40.954,58.198],[40.882,58.178],[40.918,58.125],[40.774,58.06],[40.774,57.954],[40.63,57.889],[40.63,57.852],[40.702,57.787],[40.594,57.698],[40.702,57.612],[40.666,57.588],[40.594,57.604],[40.558,57.576],[40.522,57.596],[40.522,57.551],[40.45,57.539],[40.486,57.499],[40.414,57.474],[40.45,57.393],[40.45,57.324],[40.486,57.283],[40.414,57.255],[40.378,57.271],[40.306,57.255],[40.234,57.279],[40.162,57.271],[40.27,57.238],[40.27,57.21],[40.198,57.21],[40.234,57.189],[40.162,57.177],[40.09,57.21],[39.982,57.185],[39.982,57.161],[39.91,57.157],[39.874,57.12],[39.658,57.055],[39.658,57.027],[39.586,57.027],[39.55,56.99],[39.622,56.925],[39.55,56.929],[39.55,56.901],[39.478,56.905],[39.514,56.864],[39.478,56.836],[39.406,56.836],[39.442,56.762],[39.406,56.705],[39.37,56.685],[39.37,56.632],[39.406,56.632],[39.334,56.539],[39.262,56.526],[39.262,56.547],[39.19,56.551],[39.154,56.587],[39.082,56.547],[38.938,56.543],[38.866,56.596],[38.794,56.608],[38.758,56.579],[38.686,56.583],[38.614,56.543],[38.542,56.559],[38.542,56.632],[38.434,56.685],[38.326,56.758],[38.29,56.799],[38.218,56.791],[38.218,56.856],[38.182,56.868],[38.254,56.921],[38.254,56.937],[38.146,56.962],[38.29,56.986],[38.326,57.051],[38.254,57.084],[38.326,57.1],[38.326,57.12],[38.254,57.132],[38.218,57.173],[38.218,57.226],[38.29,57.218],[38.362,57.279],[38.326,57.356],[38.254,57.356],[38.218,57.324],[38.146,57.316],[38.074,57.324],[37.93,57.393],[37.894,57.433],[37.894,57.466],[37.858,57.499],[37.894,57.551],[37.858,57.58],[37.714,57.645],[37.714,57.686],[37.606,57.759],[37.426,57.783],[37.426,57.824],[37.498,57.856],[37.426,57.856],[37.426,57.885],[37.57,57.885],[37.498,57.922],[37.39,57.913],[37.39,57.95],[37.462,57.978],[37.57,57.987],[37.606,58.052],[37.714,58.056],[37.714,58.084],[37.606,58.166],[37.462,58.166],[37.426,58.218],[37.354,58.227],[37.498,58.292],[37.426,58.332],[37.498,58.385],[37.534,58.373],[37.678,58.426],[37.642,58.438],[37.642,58.491],[37.714,58.491],[37.714,58.609],[37.75,58.641],[37.894,58.621],[37.894,58.601],[37.966,58.58],[38.002,58.621],[37.966,58.641],[38.038,58.65],[37.966,58.682],[37.966,58.723],[38.002,58.702],[38.038,58.735],[38.434,58.711],[38.578,58.727],[38.578,58.763],[38.722,58.759],[38.758,58.735],[38.83,58.755],[38.902,58.731],[38.974,58.755],[38.938,58.784],[39.01,58.841],[39.01,58.898],[38.974,58.926],[39.01,58.955],[39.118,58.926],[39.154,58.951],[39.226,58.922],[39.334,58.926],[39.514,58.873],[39.658,58.89],[39.73,58.812],[39.838,58.824],[39.874,58.808],[39.838,58.792],[39.874,58.768],[39.946,58.759],[40.162,58.633],[40.09,58.625],[40.126,58.589],[40.198,58.585],[40.198,58.556],[40.306,58.528],[40.342,58.548],[40.45,58.519],[40.522,58.556],[40.558,58.536],[40.594,58.552],[40.774,58.556],[40.882,58.528],[40.99,58.528]],[[134.275,48.376],[134.131,48.331],[134.023,48.323],[134.023,48.274],[133.879,48.258],[133.879,48.185],[133.807,48.189],[133.663,48.16],[133.627,48.124],[133.555,48.119],[133.519,48.075],[133.483,48.063],[133.375,48.087],[133.339,48.103],[133.303,48.087],[133.159,48.107],[133.087,48.063],[133.015,48.054],[133.015,48.014],[132.943,47.997],[132.871,47.997],[132.835,47.932],[132.763,47.924],[132.691,47.953],[132.655,47.941],[132.655,47.879],[132.583,47.798],[132.583,47.721],[132.511,47.713],[132.331,47.749],[132.259,47.725],[132.259,47.705],[132.187,47.709],[132.079,47.696],[132.007,47.709],[131.971,47.66],[131.899,47.676],[131.791,47.664],[131.719,47.705],[131.647,47.664],[131.575,47.656],[131.575,47.672],[131.503,47.725],[131.431,47.737],[131.359,47.721],[131.251,47.729],[131.179,47.696],[131.107,47.676],[130.999,47.688],[130.963,47.713],[130.963,47.818],[130.855,47.92],[130.855,47.941],[130.675,48.038],[130.675,48.087],[130.639,48.103],[130.675,48.14],[130.747,48.185],[130.747,48.225],[130.819,48.266],[130.819,48.339],[130.747,48.368],[130.747,48.506],[130.675,48.486],[130.603,48.486],[130.603,48.587],[130.531,48.603],[130.531,48.656],[130.567,48.681],[130.567,48.725],[130.675,48.831],[130.675,48.872],[130.567,48.86],[130.603,48.909],[130.675,48.941],[130.855,48.994],[130.963,48.99],[130.999,49.031],[130.999,49.092],[131.071,49.148],[131.143,49.234],[131.215,49.258],[131.287,49.25],[131.395,49.254],[131.467,49.222],[131.539,49.258],[131.647,49.295],[131.755,49.34],[131.863,49.323],[131.899,49.287],[131.971,49.295],[131.971,49.368],[132.007,49.388],[132.043,49.454],[132.151,49.486],[132.259,49.437],[132.367,49.413],[132.403,49.368],[132.403,49.319],[132.475,49.279],[132.547,49.311],[132.655,49.291],[132.727,49.319],[132.799,49.242],[132.907,49.242],[132.943,49.222],[133.015,49.23],[133.087,49.193],[133.159,49.185],[133.231,48.994],[133.231,48.904],[133.339,48.843],[133.411,48.786],[133.735,48.693],[134.059,48.652],[134.167,48.644],[134.239,48.664],[134.239,48.693],[134.311,48.742],[134.383,48.738],[134.455,48.685],[134.491,48.677],[134.563,48.599],[134.599,48.636],[134.707,48.587],[134.779,48.624],[134.887,48.591],[134.923,48.571],[134.851,48.469],[134.743,48.433],[134.671,48.437],[134.599,48.461],[134.527,48.473],[134.455,48.461],[134.383,48.437],[134.311,48.376],[134.275,48.376]],[[36.418,45.118],[36.454,45.106],[36.454,45.053],[36.346,45.036],[36.274,45.041],[36.238,45.008],[36.058,45.032],[35.878,44.984],[35.842,45.028],[35.626,45.126],[35.554,45.122],[35.446,45.089],[35.374,45.041],[35.41,45.012],[35.41,44.988],[35.374,44.98],[35.374,44.947],[35.23,44.951],[35.23,44.906],[35.158,44.89],[35.122,44.862],[35.122,44.805],[35.05,44.788],[35.05,44.813],[34.941,44.841],[34.833,44.813],[34.761,44.817],[34.581,44.768],[34.473,44.719],[34.401,44.67],[34.401,44.63],[34.365,44.626],[34.365,44.589],[34.329,44.589],[34.329,44.536],[34.257,44.528],[34.257,44.504],[34.149,44.479],[34.149,44.43],[34.005,44.406],[33.969,44.386],[33.861,44.394],[33.789,44.382],[33.789,44.39],[33.933,44.43],[33.897,44.467],[33.897,44.5],[33.825,44.52],[33.789,44.5],[33.717,44.516],[33.717,44.548],[33.681,44.54],[33.681,44.601],[33.753,44.589],[33.753,44.658],[33.789,44.67],[33.681,44.707],[33.609,44.699],[33.609,44.744],[33.681,44.76],[33.681,44.784],[33.609,44.788],[33.573,44.805],[33.573,44.845],[33.609,44.858],[33.609,45.008],[33.537,45.097],[33.537,45.13],[33.501,45.167],[33.393,45.195],[33.321,45.163],[33.285,45.159],[33.249,45.187],[33.177,45.195],[33.105,45.252],[32.997,45.321],[33.069,45.321],[33.069,45.366],[32.997,45.342],[32.889,45.354],[32.745,45.354],[32.673,45.309],[32.601,45.309],[32.493,45.329],[32.493,45.366],[32.457,45.39],[32.529,45.419],[32.529,45.447],[32.601,45.459],[32.781,45.537],[32.853,45.541],[32.817,45.569],[32.889,45.598],[32.889,45.626],[32.961,45.643],[33.033,45.675],[33.069,45.675],[33.141,45.716],[33.177,45.752],[33.213,45.74],[33.357,45.773],[33.429,45.809],[33.429,45.826],[33.537,45.842],[33.573,45.838],[33.609,45.874],[33.681,45.838],[33.681,45.895],[33.753,45.911],[33.753,45.935],[33.645,45.943],[33.645,45.976],[33.609,45.98],[33.609,46.118],[33.645,46.143],[33.609,46.179],[33.645,46.188],[33.753,46.139],[33.789,46.151],[33.897,46.135],[33.969,46.09],[33.969,46.049],[34.077,46.049],[34.257,46.025],[34.365,46.041],[34.401,46.094],[34.473,46.09],[34.509,46.057],[34.545,46.057],[34.545,46.114],[34.581,46.09],[34.617,46.094],[34.617,46.033],[34.581,46.009],[34.545,46.045],[34.473,46.025],[34.473,45.984],[34.509,45.968],[34.437,45.972],[34.437,45.943],[34.509,45.903],[34.509,45.927],[34.581,45.923],[34.653,45.992],[34.653,46.086],[34.725,46.09],[34.797,46.057],[34.869,46.053],[34.869,45.919],[34.905,45.907],[34.905,45.858],[34.941,45.826],[34.941,45.789],[34.977,45.773],[34.977,45.74],[35.014,45.716],[35.086,45.598],[35.194,45.525],[35.194,45.504],[35.266,45.423],[35.338,45.386],[35.446,45.309],[35.482,45.297],[35.554,45.301],[35.662,45.325],[35.734,45.329],[35.77,45.366],[35.734,45.39],[35.806,45.407],[35.806,45.451],[35.842,45.459],[35.842,45.423],[35.95,45.362],[36.022,45.362],[36.058,45.378],[36.058,45.431],[36.166,45.459],[36.346,45.459],[36.382,45.443],[36.49,45.447],[36.526,45.411],[36.598,45.435],[36.598,45.394],[36.634,45.386],[36.634,45.35],[36.598,45.337],[36.49,45.342],[36.454,45.317],[36.49,45.289],[36.418,45.276],[36.418,45.24],[36.418,45.118]],[[33.141,45.378],[33.141,45.403],[33.069,45.39],[33.069,45.37],[33.141,45.378]],[[33.789,44.382],[33.717,44.386],[33.717,44.41],[33.645,44.426],[33.645,44.455],[33.609,44.487],[33.465,44.5],[33.465,44.52],[33.393,44.54],[33.357,44.585],[33.429,44.573],[33.429,44.605],[33.501,44.622],[33.537,44.65],[33.537,44.845],[33.573,44.845],[33.573,44.805],[33.609,44.788],[33.681,44.784],[33.681,44.76],[33.609,44.744],[33.609,44.699],[33.681,44.707],[33.789,44.67],[33.753,44.658],[33.753,44.589],[33.681,44.601],[33.681,44.54],[33.717,44.548],[33.717,44.516],[33.789,44.5],[33.825,44.52],[33.897,44.5],[33.897,44.467],[33.933,44.43],[33.789,44.39],[33.789,44.382]],[[83.114,70.164],[83.078,70.107],[82.898,70.107],[82.898,70.123],[82.898,70.233],[82.97,70.217],[83.114,70.164]],[[82.898,70.123],[82.826,70.164],[82.826,70.148],[82.754,70.188],[82.826,70.225],[82.898,70.123]],[[82.25,70.51],[82.25,70.514],[82.25,70.55],[82.394,70.595],[82.466,70.583],[82.574,70.53],[82.574,70.461],[82.718,70.416],[82.826,70.404],[82.898,70.355],[82.826,70.306],[82.682,70.258],[82.682,70.237],[82.574,70.258],[82.502,70.298],[82.502,70.335],[82.466,70.3472],[82.466,70.306],[82.502,70.286],[82.502,70.253],[82.574,70.249],[82.646,70.164],[82.574,70.18],[82.574,70.156],[82.394,70.197],[82.39243478260869,70.19756521739131],[82.43,70.172],[82.394,70.164],[82.367,70.20675],[82.3355000000001,70.21812499999997],[82.358,70.209],[82.358,70.164],[82.26947540983613,70.14580327868853],[82.466,70.164],[82.718,70.127],[82.826,70.079],[82.898,70.046],[83.006,70.03],[82.898,70.079],[83.006,70.07],[83.15,70.03],[83.15,70.046],[83.366,69.997],[83.438,69.904],[83.366,69.92],[83.366,69.952],[83.294,69.989],[83.15,69.985],[83.294,69.985],[83.33,69.92],[83.474,69.887],[83.438,69.835],[83.222,69.928],[83.006,69.965],[82.97394520547945,69.9863698630137],[82.97,69.981],[82.718,69.989],[82.898,69.969],[83.15,69.936],[83.15,69.887],[83.294,69.863],[83.402,69.81],[83.474,69.721],[83.87,69.713],[83.978,69.725],[84.05,69.684],[84.122,69.57],[84.266,69.55],[84.374,69.558],[84.554,69.607],[84.518,69.627],[84.41,69.607],[84.374,69.684],[84.194,69.704],[84.122,69.7],[83.942,69.753],[83.942,69.794],[83.798,69.814],[83.69,69.859],[83.654,69.912],[83.546,69.961],[83.546,70.005],[83.366,70.062],[83.15,70.07],[83.15,70.111],[83.15,70.172],[83.078,70.201],[82.97,70.298],[83.042,70.314],[83.33,70.298],[83.474,70.335],[83.654,70.38],[83.654,70.396],[83.798,70.441],[83.726,70.497],[83.762,70.55],[83.69,70.567],[83.654,70.656],[83.546,70.709],[83.546,70.798],[83.474,70.827],[83.546,70.868],[83.438,70.925],[83.438,70.994],[83.294,71.051],[83.222,71.051],[83.15,71.112],[83.222,71.095],[83.222,71.156],[83.222,71.16],[83.15,71.238],[83.33,71.295],[83.402,71.348],[83.402,71.453],[83.618,71.522],[83.654,71.624],[83.474,71.701],[83.438,71.71],[83.438,71.775],[83.366,71.823],[83.15,71.856],[82.718,71.893],[82.682,71.872],[82.502,71.994],[82.574,71.994],[82.43,72.059],[82.25,72.072],[82.25,72.104],[82.358,72.088],[82.43,72.124],[82.358,72.21],[82.25,72.246],[81.926,72.295],[81.854,72.311],[81.674,72.336],[81.278,72.344],[81.206,72.356],[81.026,72.401],[80.846,72.438],[80.846,72.478],[80.774,72.495],[80.882,72.531],[80.81,72.551],[80.954,72.608],[80.702,72.617],[80.702,72.726],[80.774,72.763],[80.882,72.783],[80.81,72.812],[80.882,72.856],[80.882,72.926],[80.81,72.983],[80.81,73.031],[80.558,73.06],[80.522,73.08],[80.63,73.084],[80.63,73.129],[80.414,73.145],[80.378,73.186],[80.558,73.178],[80.81,73.19],[80.702,73.202],[80.63,73.251],[80.306,73.284],[80.414,73.308],[80.45,73.353],[80.522,73.336],[80.558,73.377],[80.63,73.385],[80.738,73.43],[80.63,73.43],[80.702,73.487],[80.558,73.471],[80.522,73.503],[80.558,73.528],[80.522,73.536],[80.774,73.56],[80.846,73.528],[80.882,73.556],[81.098,73.572],[81.278,73.564],[81.422,73.589],[81.746,73.613],[82.25,73.629],[82.358,73.637],[82.574,73.629],[82.826,73.637],[83.078,73.629],[83.474,73.629],[83.87,73.662],[83.978,73.682],[84.41,73.702],[84.77,73.747],[84.95,73.735],[85.095,73.702],[85.311,73.694],[85.527,73.715],[85.491,73.763],[85.671,73.812],[85.923,73.816],[86.067,73.853],[86.283,73.857],[86.535,73.873],[86.643,73.865],[86.787,73.89],[86.967,73.857],[87.111,73.849],[87.219,73.869],[87.147,73.881],[87.039,73.967],[86.967,73.971],[86.967,74.032],[87.291,74.04],[87.291,74.064],[86.967,74.064],[86.895,74.048],[86.823,74.064],[86.859,74.097],[86.715,74.117],[86.787,74.15],[86.787,74.182],[86.607,74.243],[86.463,74.243],[86.319,74.268],[86.139,74.264],[85.959,74.292],[85.887,74.317],[85.887,74.357],[85.995,74.386],[86.175,74.39],[86.319,74.317],[86.283,74.398],[86.067,74.418],[86.247,74.443],[86.319,74.426],[86.319,74.467],[86.571,74.475],[86.643,74.398],[86.967,74.394],[86.967,74.378],[87.183,74.459],[87.039,74.426],[86.787,74.418],[86.715,74.475],[86.571,74.524],[86.787,74.553],[86.535,74.553],[86.499,74.577],[86.391,74.577],[86.391,74.614],[85.995,74.622],[85.887,74.614],[85.743,74.662],[85.851,74.666],[85.851,74.719],[85.995,74.736],[86.175,74.776],[86.067,74.784],[85.995,74.821],[86.139,74.829],[86.139,74.797],[86.247,74.813],[86.391,74.764],[86.283,74.768],[86.247,74.744],[86.391,74.703],[86.391,74.727],[86.643,74.719],[86.643,74.675],[86.715,74.646],[86.643,74.614],[86.859,74.642],[86.931,74.679],[86.787,74.679],[86.715,74.703],[86.859,74.756],[87.039,74.736],[87.039,74.829],[87.039,74.862],[87.363,74.939],[87.255,74.947],[87.183,74.98],[87.363,75.004],[87.471,74.996],[87.471,74.963],[87.579,74.935],[87.579,74.955],[87.759,74.988],[87.759,75.028],[87.435,75.037],[87.363,75.028],[87.039,75.081],[86.859,75.098],[86.967,75.13],[87.183,75.15],[87.471,75.138],[87.579,75.122],[88.011,75.106],[88.191,75.142],[88.335,75.15],[88.263,75.199],[88.335,75.207],[88.587,75.313],[88.767,75.358],[89.091,75.39],[89.091,75.411],[88.731,75.39],[88.983,75.427],[89.163,75.439],[89.199,75.476],[89.307,75.508],[89.523,75.492],[89.523,75.476],[89.307,75.5],[89.307,75.46],[89.487,75.447],[89.487,75.423],[89.559,75.443],[89.739,75.431],[89.703,75.484],[89.883,75.5],[90.099,75.5],[89.955,75.549],[90.207,75.573],[90.279,75.598],[90.459,75.582],[90.711,75.61],[90.711,75.634],[90.963,75.659],[90.927,75.634],[90.999,75.602],[91.179,75.659],[91.287,75.618],[91.503,75.651],[91.683,75.618],[91.683,75.728],[91.827,75.716],[92.043,75.72],[92.151,75.74],[92.367,75.732],[92.475,75.777],[93.267,75.813],[93.843,75.874],[94.203,75.935],[93.663,75.878],[93.591,75.895],[93.591,75.944],[93.519,75.927],[93.555,75.874],[93.447,75.87],[93.339,75.927],[93.267,75.935],[93.303,75.972],[92.979,75.927],[93.195,75.895],[93.051,75.887],[92.871,75.895],[92.943,75.911],[92.799,75.964],[92.979,75.984],[92.943,76.045],[93.051,76.061],[93.051,76.029],[93.123,76.005],[93.267,76.029],[93.339,76.07],[93.123,76.086],[93.267,76.11],[93.339,76.086],[93.375,76.11],[93.447,76.086],[93.375,76.013],[93.519,76.013],[93.699,76.061],[93.771,76.045],[94.023,76.045],[93.879,76.07],[93.879,76.09],[93.699,76.098],[93.699,76.114],[93.987,76.11],[94.095,76.118],[94.167,76.098],[94.419,76.127],[94.491,76.07],[94.671,76.078],[94.599,76.098],[94.743,76.139],[94.527,76.135],[94.599,76.155],[94.887,76.147],[94.887,76.131],[95.068,76.094],[95.176,76.118],[95.284,76.102],[95.464,76.155],[95.644,76.135],[95.86,76.139],[96.076,76.098],[96.292,76.09],[96.184,76.061],[96.112,76.078],[95.968,76.045],[96.148,76.037],[95.896,75.944],[95.608,75.87],[95.752,75.83],[95.86,75.887],[96.112,75.956],[96.184,75.927],[96.364,75.935],[96.292,75.956],[96.436,76.005],[96.544,75.996],[96.508,75.972],[96.688,75.98],[96.724,75.96],[96.544,75.903],[96.472,75.858],[96.688,75.895],[96.796,75.878],[96.832,75.903],[96.94,75.927],[96.94,75.964],[97.156,75.988],[97.264,76.021],[97.372,76.013],[97.192,75.988],[97.192,75.935],[97.516,75.992],[97.732,75.964],[97.84,75.972],[97.804,76.021],[97.516,76.037],[97.84,76.086],[97.912,76.061],[97.912,76.037],[98.092,76.045],[98.236,76.078],[97.984,76.102],[97.984,76.122],[98.128,76.139],[98.38,76.155],[98.668,76.228],[98.812,76.253],[98.812,76.196],[98.992,76.196],[98.992,76.216],[99.208,76.196],[99.352,76.171],[99.208,76.139],[99.208,76.122],[99.46,76.122],[99.604,76.139],[99.604,76.11],[99.46,76.082],[99.64,76.082],[99.64,76.106],[99.784,76.131],[99.748,76.163],[99.604,76.188],[99.604,76.232],[99.388,76.273],[99.316,76.322],[99.1,76.33],[99.064,76.399],[98.884,76.448],[98.992,76.497],[99.424,76.44],[99.712,76.432],[100.0,76.456],[100.432,76.448],[100.828,76.493],[100.972,76.525],[101.152,76.55],[101.188,76.668],[101.332,76.692],[101.296,76.733],[101.08,76.753],[100.972,76.798],[100.972,76.851],[101.08,76.924],[101.08,76.952],[101.26,76.94],[101.332,76.96],[101.404,77.029],[101.296,77.046],[101.404,77.103],[101.548,77.143],[101.836,77.253],[102.232,77.363],[102.376,77.33],[102.304,77.371],[102.484,77.387],[102.52,77.436],[102.7,77.489],[103.024,77.55],[103.168,77.587],[103.24,77.631],[103.42,77.64],[103.42,77.615],[103.672,77.623],[104.068,77.721],[104.248,77.733],[104.32,77.664],[104.716,77.697],[104.824,77.684],[104.788,77.656],[104.968,77.583],[105.113,77.595],[105.365,77.55],[105.617,77.546],[105.689,77.566],[105.869,77.554],[105.941,77.489],[105.941,77.444],[106.193,77.355],[105.833,77.379],[105.689,77.363],[105.833,77.347],[105.545,77.286],[105.617,77.253],[105.473,77.213],[104.896,77.152],[104.644,77.147],[104.5,77.111],[104.392,77.111],[104.32,77.07],[104.788,77.086],[104.896,77.066],[105.113,77.058],[105.221,77.078],[105.401,77.066],[105.617,77.095],[105.869,77.103],[105.869,77.054],[105.761,77.046],[105.797,77.017],[105.473,77.001],[105.617,76.968],[105.761,76.985],[105.869,76.977],[106.085,77.017],[106.193,77.054],[106.481,77.034],[106.481,77.001],[106.625,77.025],[106.661,77.009],[106.769,77.046],[106.913,77.038],[106.949,77.009],[107.345,77.001],[107.237,76.985],[107.309,76.952],[107.489,76.899],[107.237,76.879],[107.417,76.859],[107.237,76.834],[107.345,76.826],[107.237,76.794],[107.057,76.79],[107.057,76.733],[106.913,76.708],[106.805,76.716],[106.805,76.676],[106.841,76.659],[106.805,76.631],[106.769,76.566],[106.661,76.529],[106.517,76.574],[106.445,76.566],[106.517,76.533],[106.481,76.513],[106.589,76.472],[106.805,76.497],[106.841,76.448],[106.949,76.501],[107.057,76.493],[107.381,76.521],[107.705,76.493],[107.993,76.55],[108.029,76.582],[107.993,76.639],[107.993,76.733],[108.245,76.724],[108.353,76.745],[108.461,76.716],[108.677,76.7],[108.893,76.716],[109.109,76.749],[109.253,76.745],[109.433,76.777],[109.433,76.761],[109.685,76.757],[109.829,76.716],[110.081,76.708],[110.297,76.741],[110.657,76.773],[110.729,76.769],[110.729,76.741],[111.053,76.733],[111.161,76.773],[111.305,76.757],[111.197,76.716],[111.233,76.692],[111.377,76.7],[111.701,76.684],[111.593,76.631],[111.701,76.627],[112.025,76.558],[112.097,76.525],[112.241,76.489],[112.277,76.456],[112.133,76.423],[111.953,76.346],[112.133,76.379],[112.349,76.448],[112.709,76.342],[112.817,76.322],[112.745,76.297],[112.745,76.204],[112.565,76.24],[112.493,76.236],[112.781,76.171],[112.853,76.094],[112.709,76.053],[112.925,76.045],[113.069,76.106],[113.069,76.139],[113.249,76.147],[113.141,76.188],[113.033,76.188],[112.997,76.245],[113.177,76.236],[113.321,76.253],[113.357,76.196],[113.465,76.179],[113.501,76.106],[113.465,76.086],[113.501,76.045],[113.573,75.919],[113.717,75.919],[113.753,75.944],[113.897,75.919],[113.897,75.878],[113.897,75.785],[113.789,75.708],[113.717,75.618],[113.501,75.541],[113.393,75.541],[113.393,75.565],[113.573,75.61],[113.573,75.651],[113.321,75.683],[112.997,75.667],[113.141,75.695],[113.069,75.736],[112.925,75.752],[112.493,75.854],[112.421,75.834],[112.493,75.777],[112.601,75.777],[112.853,75.74],[112.853,75.704],[112.817,75.687],[112.601,75.716],[112.601,75.695],[112.817,75.675],[112.781,75.651],[112.853,75.61],[112.781,75.549],[112.853,75.533],[112.997,75.557],[112.925,75.61],[113.177,75.667],[113.321,75.651],[113.249,75.561],[113.393,75.516],[113.717,75.5],[113.753,75.431],[113.717,75.411],[113.501,75.399],[113.681,75.382],[113.681,75.313],[113.645,75.281],[113.465,75.191],[113.177,75.122],[113.069,75.049],[112.853,75.012],[112.853,74.98],[112.781,74.939],[112.565,74.915],[112.277,74.894],[112.025,74.821],[111.953,74.736],[111.809,74.679],[111.809,74.654],[111.557,74.687],[111.377,74.679],[111.161,74.614],[110.981,74.54],[110.837,74.536],[110.729,74.512],[110.585,74.492],[110.333,74.508],[110.189,74.5],[110.405,74.487],[110.405,74.443],[110.189,74.374],[110.081,74.386],[109.937,74.353],[109.901,74.325],[109.649,74.333],[109.613,74.309],[109.685,74.284],[109.937,74.317],[109.901,74.207],[109.757,74.15],[109.613,74.121],[109.505,74.081],[109.109,74.056],[108.965,73.995],[109.001,73.983],[108.785,73.942],[108.713,73.89],[108.677,73.853],[108.533,73.78],[108.389,73.804],[108.389,73.747],[108.209,73.662],[107.993,73.654],[107.813,73.613],[107.597,73.621],[107.489,73.613],[107.273,73.629],[107.165,73.601],[106.949,73.637],[106.841,73.621],[106.661,73.646],[106.337,73.629],[106.265,73.662],[106.121,73.637],[106.265,73.605],[106.733,73.613],[107.057,73.556],[107.057,73.479],[106.841,73.434],[106.841,73.369],[106.841,73.345],[106.769,73.304],[106.589,73.296],[106.337,73.312],[106.193,73.3],[106.121,73.243],[106.049,73.133],[105.869,73.101],[105.869,72.999],[105.761,72.938],[105.725,72.881],[105.545,72.856],[105.365,72.791],[105.221,72.783],[105.293,72.747],[105.473,72.734],[105.545,72.747],[105.869,72.848],[105.941,72.84],[105.941,72.913],[106.193,72.966],[106.193,73.064],[106.193,73.117],[106.337,73.141],[106.337,73.174],[106.445,73.174],[106.625,73.137],[106.805,73.125],[106.949,73.129],[107.093,73.153],[107.381,73.141],[107.741,73.145],[107.813,73.157],[108.029,73.218],[108.137,73.218],[108.209,73.166],[108.209,73.129],[108.389,73.084],[108.461,73.084],[108.389,73.109],[108.389,73.186],[108.389,73.243],[108.137,73.267],[108.245,73.288],[108.605,73.308],[108.965,73.353],[109.109,73.361],[109.289,73.402],[109.217,73.418],[109.217,73.458],[109.289,73.418],[109.433,73.393],[109.505,73.414],[109.433,73.446],[109.757,73.43],[109.829,73.438],[109.973,73.487],[110.081,73.495],[110.081,73.56],[110.261,73.564],[110.405,73.589],[110.333,73.593],[110.477,73.637],[110.549,73.629],[110.909,73.678],[110.837,73.711],[110.873,73.772],[110.729,73.763],[110.621,73.78],[110.585,73.755],[110.333,73.723],[110.261,73.682],[110.081,73.702],[109.757,73.686],[109.685,73.654],[109.577,73.715],[109.541,73.82],[109.649,73.829],[109.829,73.865],[109.865,73.922],[110.009,73.999],[110.297,74.016],[110.513,73.995],[110.837,73.93],[110.909,73.898],[110.981,73.898],[111.053,74.003],[111.305,74.04],[111.485,74.048],[111.593,74.003],[111.377,73.979],[111.197,73.971],[111.269,73.865],[110.981,73.816],[110.909,73.747],[110.909,73.694],[111.053,73.686],[111.161,73.637],[111.125,73.597],[110.909,73.621],[110.657,73.442],[110.189,73.438],[110.081,73.41],[110.549,73.345],[110.585,73.292],[110.333,73.227],[110.477,73.182],[110.657,73.202],[110.873,73.19],[110.909,73.166],[110.837,73.129],[110.909,73.08],[110.909,73.044],[110.801,73.035],[110.729,72.995],[110.873,72.983],[110.729,72.889],[110.729,72.804],[110.729,72.73],[110.729,72.649],[110.873,72.657],[110.945,72.641],[110.909,72.592],[111.125,72.572],[111.233,72.535],[111.197,72.478],[111.053,72.405],[111.161,72.364],[111.305,72.368],[111.377,72.332],[111.593,72.332],[111.701,72.287],[111.629,72.194],[111.773,72.177],[111.809,72.137],[112.025,72.12],[112.025,72.051],[112.025,71.929],[112.025,71.791],[112.025,71.673],[112.133,71.531],[112.097,71.433],[112.133,71.396],[112.349,71.364],[112.385,71.331],[112.529,71.291],[112.673,71.282],[112.745,71.262],[112.745,71.209],[112.601,71.197],[112.565,71.148],[112.601,71.112],[112.565,71.067],[112.421,71.063],[112.385,71.018],[112.277,71.01],[112.241,71.051],[112.169,71.051],[111.953,70.969],[111.845,70.961],[111.593,70.929],[111.485,70.872],[111.269,70.864],[110.981,70.79],[110.729,70.778],[110.621,70.754],[110.477,70.701],[110.333,70.689],[110.153,70.624],[110.189,70.583],[110.081,70.567],[110.081,70.51],[110.297,70.465],[110.333,70.416],[110.189,70.4],[109.937,70.396],[109.685,70.384],[109.613,70.359],[109.649,70.306],[109.613,70.253],[109.433,70.229],[109.361,70.172],[109.433,70.14],[109.433,70.062],[109.577,70.038],[109.577,70.009],[109.433,69.948],[109.433,69.887],[109.361,69.778],[109.181,69.761],[108.965,69.769],[108.929,69.847],[108.857,69.855],[108.677,69.843],[108.353,69.843],[108.209,69.814],[108.065,69.778],[108.029,69.7],[107.957,69.688],[107.741,69.692],[107.669,69.668],[107.489,69.66],[107.417,69.619],[106.949,69.538],[106.697,69.538],[106.517,69.574],[106.373,69.534],[106.265,69.473],[106.193,69.456],[106.157,69.391],[106.517,69.151],[106.913,68.879],[106.949,68.647],[106.949,68.175],[106.841,67.89],[106.805,67.638],[106.805,67.37],[106.769,67.292],[106.661,67.252],[106.481,67.276],[106.337,67.244],[106.265,67.203],[106.085,67.195],[106.013,67.061],[105.941,67.044],[105.545,67.044],[105.509,67.016],[105.725,66.939],[105.833,66.967],[105.941,66.951],[105.941,66.906],[106.157,66.918],[106.157,66.865],[106.049,66.813],[106.121,66.796],[106.193,66.804],[106.193,66.76],[106.265,66.715],[106.265,66.646],[106.337,66.589],[106.337,66.52],[106.265,66.471],[106.193,66.422],[106.193,66.178],[106.265,66.162],[106.445,66.113],[106.517,66.052],[106.517,65.812],[106.481,65.735],[106.481,65.69],[106.697,65.641],[106.769,65.576],[106.841,65.544],[107.021,65.544],[107.057,65.515],[106.985,65.487],[106.841,65.466],[106.841,65.381],[106.769,65.397],[106.625,65.389],[106.517,65.352],[106.445,65.275],[106.517,65.21],[106.409,65.21],[106.265,65.145],[106.193,65.129],[106.157,65.08],[106.049,65.076],[106.013,65.047],[106.013,64.999],[106.085,64.97],[106.085,64.925],[106.193,64.893],[106.085,64.877],[106.013,64.917],[105.941,64.913],[105.941,64.864],[105.941,64.82],[105.869,64.742],[105.869,64.694],[105.869,64.669],[105.725,64.669],[105.761,64.596],[105.725,64.567],[105.797,64.539],[105.797,64.502],[105.869,64.478],[105.941,64.494],[105.941,64.531],[106.121,64.523],[106.157,64.474],[106.085,64.441],[106.157,64.405],[106.265,64.433],[106.517,64.449],[106.625,64.47],[106.589,64.51],[106.697,64.527],[106.733,64.51],[106.733,64.449],[106.769,64.409],[106.949,64.417],[107.021,64.364],[107.273,64.356],[107.309,64.262],[107.417,64.262],[107.489,64.287],[107.633,64.283],[107.741,64.25],[107.813,64.23],[107.921,64.189],[108.065,64.189],[108.065,64.23],[108.209,64.201],[108.281,64.149],[108.281,64.108],[108.389,64.039],[108.281,63.921],[108.209,63.957],[107.957,63.941],[107.813,63.949],[107.633,63.929],[107.597,63.86],[107.489,63.839],[107.381,63.852],[107.237,63.917],[107.093,63.86],[106.841,63.929],[106.733,63.949],[106.697,63.929],[106.769,63.795],[106.733,63.73],[106.661,63.689],[106.625,63.616],[106.661,63.563],[106.517,63.481],[106.517,63.429],[106.697,63.355],[106.733,63.323],[106.697,63.282],[106.589,63.258],[106.481,63.294],[106.409,63.274],[106.373,63.205],[106.445,63.164],[106.409,63.054],[106.337,63.03],[106.193,63.022],[106.193,62.9],[106.265,62.859],[106.373,62.814],[106.517,62.709],[106.481,62.656],[106.517,62.611],[106.661,62.591],[106.805,62.579],[106.805,62.546],[106.733,62.522],[106.733,62.469],[106.661,62.408],[106.517,62.355],[106.481,62.335],[106.445,62.282],[106.373,62.233],[106.373,62.2],[106.445,62.176],[106.373,62.001],[106.265,61.981],[106.157,61.916],[105.941,61.834],[105.869,61.794],[105.941,61.7],[105.941,61.663],[105.797,61.611],[105.617,61.606],[105.545,61.566],[105.365,61.493],[105.221,61.452],[105.221,61.415],[104.968,61.371],[104.896,61.326],[104.896,61.297],[104.968,61.257],[104.968,61.188],[104.86,61.131],[104.716,61.106],[104.716,61.061],[104.572,61.037],[104.536,60.911],[104.572,60.834],[104.464,60.801],[104.464,60.76],[104.536,60.748],[104.572,60.712],[104.464,60.602],[104.572,60.508],[104.824,60.366],[104.896,60.317],[105.077,60.281],[105.149,60.276],[105.221,60.293],[105.293,60.256],[105.437,60.264],[105.401,60.065],[105.473,60.008],[105.401,59.955],[105.401,59.931],[105.473,59.886],[105.509,59.849],[105.293,59.849],[105.041,59.858],[104.968,59.76],[104.824,59.723],[104.752,59.675],[104.824,59.601],[104.824,59.54],[104.968,59.443],[105.149,59.443],[105.149,59.365],[105.113,59.321],[105.149,59.28],[105.293,59.231],[105.293,59.101],[105.221,59.064],[105.077,59.036],[104.896,58.975],[104.716,58.873],[104.716,58.824],[104.752,58.768],[104.824,58.739],[104.752,58.69],[104.572,58.637],[104.5,58.637],[104.428,58.609],[104.248,58.625],[104.248,58.715],[104.212,58.723],[104.176,58.772],[104.068,58.78],[103.888,58.743],[103.888,58.894],[103.816,58.914],[103.672,58.91],[103.456,58.951],[103.348,59.028],[103.276,59.064],[103.276,59.121],[103.168,59.191],[103.168,59.252],[103.276,59.252],[103.276,59.284],[103.132,59.296],[103.024,59.272],[102.88,59.308],[102.772,59.247],[102.7,59.203],[102.628,59.219],[102.52,59.186],[102.376,59.166],[102.304,59.117],[102.304,59.044],[102.376,58.922],[102.484,58.89],[102.484,58.751],[102.448,58.686],[102.268,58.641],[102.196,58.601],[102.16,58.548],[102.052,58.511],[101.944,58.483],[101.656,58.462],[101.62,58.418],[101.548,58.312],[101.476,58.247],[101.332,58.231],[101.26,58.198],[101.188,58.137],[101.08,58.117],[101.08,58.072],[101.152,58.048],[101.044,57.97],[100.972,57.938],[100.972,57.877],[100.828,57.865],[100.756,57.889],[100.72,57.881],[100.72,57.832],[100.756,57.783],[100.72,57.722],[100.72,57.682],[100.756,57.596],[100.828,57.576],[100.828,57.503],[100.828,57.474],[100.72,57.486],[100.648,57.425],[100.612,57.429],[100.504,57.482],[100.432,57.503],[100.36,57.551],[100.324,57.6],[100.36,57.641],[100.288,57.686],[100.324,57.734],[100.252,57.775],[100.252,57.816],[100.108,57.836],[100.072,57.836],[100.0,57.865],[100.0,57.901],[99.964,57.95],[100.036,58.027],[100.0,58.064],[99.928,58.088],[99.784,58.06],[99.712,58.088],[99.532,58.072],[99.532,57.991],[99.424,57.958],[99.424,57.893],[99.352,57.873],[99.352,57.804],[99.136,57.775],[99.064,57.787],[98.992,57.734],[98.884,57.722],[98.776,57.73],[98.704,57.787],[98.38,57.791],[97.84,57.808],[97.66,57.572],[97.336,57.157],[97.264,57.055],[97.516,56.974],[97.516,56.921],[97.408,56.888],[97.408,56.844],[97.444,56.803],[97.516,56.787],[97.588,56.807],[97.732,56.795],[97.696,56.657],[97.696,56.587],[97.84,56.551],[97.804,56.482],[97.804,56.409],[97.516,56.392],[97.48,56.384],[97.444,56.274],[97.48,56.217],[97.372,56.221],[97.372,56.124],[97.264,56.055],[97.192,56.099],[97.084,56.108],[97.012,56.03],[96.868,56.018],[96.868,55.88],[96.688,55.79],[96.616,55.741],[96.688,55.689],[96.616,55.644],[96.76,55.607],[96.724,55.546],[96.76,55.506],[96.724,55.432],[96.76,55.375],[96.832,55.331],[96.796,55.314],[96.688,55.302],[96.616,55.27],[96.544,55.266],[96.616,55.18],[96.544,55.131],[96.544,55.066],[96.544,55.013],[96.544,54.969],[96.616,54.932],[96.616,54.859],[96.544,54.782],[96.508,54.721],[96.436,54.59],[96.436,54.538],[96.364,54.538],[96.292,54.562],[96.22,54.566],[96.148,54.546],[95.968,54.574],[95.932,54.529],[95.932,54.477],[95.896,54.444],[95.788,54.428],[95.644,54.42],[95.608,54.35],[95.608,54.314],[95.572,54.245],[95.644,54.237],[95.788,54.167],[95.968,54.082],[95.968,54.025],[95.968,53.989],[96.076,53.984],[96.22,53.834],[96.292,53.797],[96.436,53.704],[96.508,53.683],[96.616,53.667],[96.616,53.59],[96.472,53.553],[96.364,53.533],[96.184,53.59],[96.148,53.533],[96.04,53.525],[96.04,53.484],[95.968,53.468],[95.896,53.496],[95.788,53.505],[95.644,53.476],[95.644,53.513],[95.536,53.456],[95.464,53.452],[95.392,53.415],[95.32,53.395],[95.14,53.46],[94.995,53.403],[94.959,53.391],[94.959,53.403],[94.887,53.403],[94.671,53.387],[94.563,53.33],[94.635,53.289],[94.635,53.252],[94.563,53.212],[94.527,53.114],[94.527,53.004],[94.419,52.931],[94.347,52.923],[94.239,52.919],[94.095,52.882],[94.023,52.809],[94.023,52.789],[93.987,52.679],[93.915,52.654],[93.915,52.577],[93.843,52.561],[93.699,52.488],[93.699,52.382],[93.627,52.329],[93.591,52.203],[93.375,52.183],[93.375,52.15],[93.267,52.109],[93.195,52.048],[93.123,52.044],[93.015,51.963],[92.979,51.963],[92.799,51.853],[92.727,51.857],[92.655,51.857],[92.547,51.837],[92.403,51.792],[92.331,51.817],[92.259,51.817],[92.079,51.768],[91.935,51.76],[91.827,51.776],[91.827,51.825],[91.755,51.857],[91.611,51.837],[91.503,51.849],[91.431,51.882],[91.395,51.894],[91.107,51.861],[91.071,51.918],[90.999,51.926],[90.783,51.874],[90.711,51.979],[90.639,52.057],[90.531,52.093],[90.459,52.162],[90.639,52.382],[90.783,52.524],[90.855,52.545],[90.855,52.577],[90.999,52.598],[91.035,52.659],[91.251,52.748],[91.323,52.793],[91.395,52.866],[91.395,53.025],[91.359,53.073],[91.395,53.098],[91.431,53.077],[91.431,53.106],[91.575,53.122],[91.755,53.236],[91.827,53.35],[91.755,53.448],[91.647,53.476],[91.503,53.476],[91.431,53.513],[91.431,53.602],[91.431,53.663],[91.323,53.753],[91.323,53.818],[91.359,53.854],[91.431,53.895],[91.431,53.964],[91.431,54.058],[91.395,54.119],[91.323,54.224],[91.251,54.269],[91.179,54.334],[91.179,54.383],[91.107,54.489],[91.107,54.521],[90.963,54.574],[90.855,54.627],[90.855,54.66],[90.927,54.79],[90.855,54.839],[90.711,54.83],[90.711,54.867],[90.675,54.904],[90.531,54.887],[90.459,54.867],[90.459,54.924],[90.459,54.948],[90.423,55.018],[90.351,55.046],[90.207,55.062],[90.207,55.107],[90.207,55.152],[90.135,55.131],[90.135,55.107],[90.063,55.083],[89.991,55.099],[89.883,55.083],[89.739,55.034],[89.631,54.997],[89.631,55.03],[89.559,55.046],[89.451,55.038],[89.415,54.985],[89.379,54.973],[89.307,54.997],[89.199,54.989],[89.163,55.07],[89.055,55.079],[89.055,55.127],[88.983,55.184],[88.983,55.233],[88.911,55.29],[88.875,55.31],[88.839,55.343],[88.767,55.339],[88.659,55.412],[88.587,55.424],[88.659,55.473],[88.767,55.51],[88.803,55.55],[88.911,55.652],[89.127,55.664],[89.199,55.685],[89.199,55.701],[89.235,55.733],[89.415,55.778],[89.415,55.831],[89.451,55.851],[89.307,55.872],[89.235,55.953],[89.235,56.01],[89.235,56.03],[89.235,56.091],[89.235,56.124],[89.163,56.144],[89.091,56.217],[89.055,56.282],[88.911,56.295],[88.875,56.36],[88.803,56.348],[88.731,56.356],[88.659,56.425],[88.587,56.457],[88.587,56.502],[88.587,56.522],[88.515,56.526],[88.515,56.592],[88.587,56.616],[88.659,56.644],[88.659,56.677],[88.659,56.705],[88.587,56.779],[88.659,56.848],[88.587,56.868],[88.731,57.019],[88.659,57.071],[88.587,57.055],[88.515,57.059],[88.587,57.153],[88.659,57.189],[88.659,57.21],[88.767,57.275],[88.767,57.311],[88.875,57.421],[88.911,57.429],[88.911,57.454],[89.091,57.47],[89.055,57.499],[89.055,57.555],[89.127,57.584],[89.307,57.592],[89.379,57.608],[89.379,57.682],[89.307,57.706],[89.379,57.759],[89.379,57.865],[89.235,57.93],[89.163,57.942],[88.983,57.926],[88.875,57.934],[88.731,57.978],[88.587,58.048],[88.191,58.084],[88.083,58.109],[88.083,58.141],[87.939,58.255],[87.939,58.267],[87.939,58.397],[87.903,58.532],[88.011,58.601],[88.263,58.768],[88.515,58.934],[88.659,58.959],[88.803,59.016],[88.803,59.052],[88.659,59.109],[88.659,59.146],[88.587,59.178],[88.587,59.264],[88.551,59.288],[88.407,59.284],[88.227,59.264],[87.867,59.243],[87.687,59.386],[87.543,59.605],[87.471,59.666],[87.255,59.675],[87.147,59.67],[87.147,59.756],[87.039,59.862],[86.967,59.882],[86.823,59.898],[86.463,59.947],[85.887,59.931],[85.635,59.91],[85.527,59.882],[84.914,59.878],[84.662,59.87],[84.59,59.943],[84.59,59.984],[84.662,60.057],[84.662,60.102],[84.626,60.154],[84.77,60.264],[84.77,60.293],[84.842,60.333],[84.734,60.447],[84.554,60.577],[84.446,60.675],[84.41,60.744],[84.338,60.781],[84.266,60.789],[84.266,60.846],[84.554,60.952],[84.95,61.053],[85.419,61.196],[85.671,61.261],[85.671,61.395],[85.671,61.423],[85.959,61.464],[85.923,61.55],[85.851,61.57],[85.671,61.578],[85.563,61.598],[85.491,61.655],[85.419,61.688],[85.203,61.696],[84.95,61.769],[84.77,61.789],[84.698,61.822],[84.59,61.887],[84.518,61.989],[84.446,62.066],[84.518,62.18],[84.59,62.261],[84.662,62.318],[84.842,62.396],[84.914,62.448],[84.986,62.534],[84.95,62.579],[85.023,62.676],[85.167,62.709],[85.167,62.733],[85.275,62.778],[85.347,62.863],[85.527,62.924],[85.527,63.006],[85.599,63.026],[85.599,63.103],[85.527,63.144],[85.527,63.172],[85.599,63.201],[85.563,63.25],[85.599,63.355],[85.563,63.376],[85.419,63.372],[85.347,63.425],[85.347,63.461],[85.167,63.534],[85.095,63.579],[85.239,63.608],[85.311,63.669],[85.311,63.803],[85.347,63.839],[85.491,63.872],[85.599,63.917],[85.671,63.961],[85.959,64.047],[85.959,64.165],[85.995,64.226],[85.887,64.364],[85.923,64.401],[85.815,64.49],[85.923,64.567],[85.851,64.694],[85.851,64.755],[85.815,64.787],[85.671,64.791],[85.671,64.811],[85.563,64.836],[85.419,64.811],[85.347,64.771],[85.239,64.779],[85.167,64.824],[85.023,64.844],[85.095,64.893],[85.023,64.921],[84.986,64.921],[84.698,64.893],[84.41,64.905],[84.374,64.929],[84.446,64.994],[84.41,65.06],[84.338,65.076],[84.338,65.104],[84.41,65.173],[84.554,65.214],[84.662,65.271],[84.554,65.389],[84.59,65.446],[84.518,65.507],[84.41,65.535],[84.194,65.556],[84.194,65.584],[84.374,65.609],[84.302,65.657],[84.122,65.698],[83.942,65.755],[83.762,65.735],[83.618,65.747],[83.546,65.853],[83.474,65.926],[83.402,65.967],[83.366,66.011],[83.402,66.044],[83.474,66.052],[83.474,66.105],[83.618,66.137],[83.546,66.178],[83.474,66.223],[83.366,66.329],[83.222,66.394],[83.114,66.455],[83.15,66.54],[83.33,66.601],[83.366,66.65],[83.294,66.686],[83.222,66.784],[83.078,66.821],[83.078,66.882],[82.718,66.996],[82.502,67.061],[82.178,67.195],[82.358,67.288],[82.358,67.333],[82.322,67.37],[82.43,67.459],[82.43,67.496],[82.358,67.532],[82.178,67.581],[82.106,67.638],[82.106,67.711],[81.926,67.744],[81.782,67.878],[81.818,67.899],[81.926,67.899],[82.106,67.923],[82.25,67.899],[82.394,67.923],[82.43,67.943],[82.43,68.069],[82.574,68.126],[82.574,68.183],[82.574,68.216],[82.754,68.26],[82.754,68.354],[82.79,68.415],[82.718,68.5],[82.718,68.545],[82.79,68.553],[82.898,68.606],[82.898,68.659],[82.898,68.712],[82.682,68.777],[82.574,68.838],[82.574,68.883],[82.502,68.972],[82.43,69.029],[82.502,69.05],[82.502,69.098],[82.466,69.127],[82.25,69.135],[82.178,69.155],[81.926,69.176],[81.926,69.208],[82.07,69.29],[82.07,69.338],[81.854,69.375],[81.782,69.416],[81.71,69.375],[81.746,69.314],[81.71,69.265],[81.602,69.233],[81.53,69.22],[81.386,69.241],[81.17,69.188],[81.026,69.192],[80.81,69.261],[80.702,69.281],[80.558,69.273],[80.306,69.314],[79.982,69.306],[79.874,69.326],[79.766,69.395],[79.658,69.399],[79.586,69.46],[79.586,69.57],[79.514,69.615],[79.262,69.627],[79.118,69.651],[79.154,69.733],[79.01,69.814],[79.01,69.867],[79.226,69.94],[79.262,70.009],[79.406,70.046],[79.406,70.119],[79.478,70.14],[79.586,70.123],[79.586,70.099],[79.658,70.115],[79.658,70.144],[79.766,70.201],[80.054,70.274],[80.234,70.367],[80.234,70.396],[80.414,70.416],[80.63,70.412],[80.774,70.375],[80.882,70.371],[80.954,70.392],[80.774,70.473],[80.81,70.518],[80.954,70.628],[80.774,70.689],[80.846,70.762],[80.81,70.827],[80.738,70.868],[80.738,70.937],[80.702,70.998],[80.63,71.042],[80.486,71.055],[79.91,71.132],[79.838,71.197],[79.586,71.287],[79.478,71.291],[79.406,71.315],[79.334,71.417],[79.334,71.457],[79.442,71.461],[79.478,71.498],[79.442,71.539],[79.442,71.596],[79.514,71.604],[79.838,71.596],[80.054,71.632],[80.234,71.746],[80.234,71.795],[80.306,71.84],[80.486,71.848],[80.45,71.917],[80.306,71.962],[80.126,71.99],[79.91,72.011],[79.838,72.051],[79.514,72.035],[79.262,72.043],[79.01,72.112],[78.686,72.23],[78.686,72.263],[78.578,72.336],[78.542,72.372],[78.506,72.381],[78.866,72.364],[79.19,72.364],[79.478,72.344],[80.054,72.169],[80.306,72.141],[80.63,72.096],[80.63,72.051],[80.738,71.994],[80.846,71.982],[81.134,71.868],[81.278,71.827],[81.278,71.742],[81.422,71.722],[81.746,71.677],[81.854,71.677],[82.502,71.722],[82.718,71.754],[82.898,71.758],[82.97,71.726],[83.222,71.714],[83.33,71.657],[83.222,71.604],[83.15,71.567],[82.97,71.527],[82.97,71.437],[83.006,71.4],[82.502,71.319],[82.25,71.27],[82.25,71.246],[82.25,71.169],[82.322,71.112],[82.322,71.042],[82.25,71.034],[82.178,70.998],[82.25,70.961],[82.178,70.949],[82.25,70.851],[82.43,70.737],[82.25,70.676],[82.178,70.599],[82.07,70.558],[82.178,70.481],[82.25,70.51]],[[82.25,70.335],[82.41261363636363,70.27266477272728],[82.394,70.298],[82.574,70.213],[82.43,70.286],[82.43,70.314],[82.322,70.351],[82.322,70.335],[82.178,70.363],[82.178,70.392],[82.178,70.412],[82.322,70.375],[82.322,70.38],[82.43836363636362,70.35656565656566],[82.322,70.396],[82.178,70.42],[82.25,70.457],[82.178,70.481],[82.07,70.412],[81.926,70.392],[81.926,70.388],[82.07,70.392],[82.106,70.432],[82.178,70.449],[82.142,70.384],[82.178,70.351],[82.25,70.314],[82.25,70.335]],[[82.43,70.249],[82.43,70.266],[82.41261363636363,70.27266477272728],[82.43,70.249]],[[82.25,70.144],[82.2388450704225,70.13950704225351],[82.26947540983613,70.14580327868853],[82.25,70.144]],[[82.178,70.127],[82.178,70.115],[82.2388450704225,70.13950704225351],[82.178,70.127]],[[82.178,70.095],[82.25,70.046],[82.178,70.115],[82.178,70.095]],[[86.967,74.37],[86.715,74.309],[86.895,74.309],[86.859,74.333],[86.967,74.317],[87.039,74.284],[86.967,74.378],[86.967,74.37]],[[82.25,70.298],[82.178,70.282],[82.25,70.2528],[82.25,70.298]],[[81.854,70.23066666666666],[81.926,70.282],[81.926,70.298],[81.854,70.266],[81.854,70.23066666666666]],[[81.818,70.205],[81.854,70.229],[81.854,70.23066666666666],[81.818,70.205]],[[82.898,70.237],[82.97,70.258],[83.006,70.221],[82.898,70.237]],[[82.25,70.514],[82.142,70.526],[82.142,70.55],[82.25,70.575],[82.178,70.55],[82.25,70.514]],[[82.754,70.693],[82.79,70.644],[82.898,70.599],[82.826,70.554],[82.97,70.538],[83.042,70.489],[83.006,70.396],[82.898,70.38],[82.826,70.416],[82.682,70.449],[82.718,70.485],[82.646,70.489],[82.646,70.522],[82.466,70.583],[82.43,70.66],[82.502,70.668],[82.502,70.742],[82.574,70.742],[82.754,70.693]],[[82.322,70.599],[82.25,70.595],[82.25,70.66],[82.358,70.668],[82.43,70.644],[82.322,70.599]],[[82.97,70.778],[83.006,70.798],[82.97,70.888],[83.114,70.868],[83.15,70.766],[83.042,70.709],[82.898,70.689],[82.898,70.685],[83.078,70.709],[83.15,70.746],[83.042,70.607],[83.042,70.558],[82.98631999999999,70.56496],[82.97,70.55],[82.898,70.55],[82.898,70.599],[82.898,70.636],[82.826,70.648],[82.718,70.725],[82.646,70.754],[82.682,70.811],[82.79,70.884],[82.79,70.937],[82.826,70.941],[82.826,70.925],[82.8475172413793,70.91588505747127],[82.898,70.925],[82.97,70.9],[82.86420408163262,70.90881632653063],[82.97,70.864],[82.97,70.778]],[[82.9900737327189,70.59376497695852],[83.006,70.615],[82.898,70.66],[82.898,70.656],[82.9900737327189,70.59376497695852]],[[82.754,70.937],[82.646,70.904],[82.574,70.77],[82.502,70.754],[82.502,70.811],[82.574,70.819],[82.574,70.9],[82.754,70.937]],[[82.754,70.868],[82.682,70.851],[82.646,70.888],[82.718,70.92],[82.754,70.868]],[[82.502,70.961],[82.502,70.977],[82.682,70.969],[82.502,70.92],[82.502,70.912],[82.43,70.851],[82.358,70.859],[82.25,70.933],[82.358,70.941],[82.358,70.969],[82.502,70.961]],[[82.898,70.933],[82.898,70.994],[83.006,70.977],[83.042,70.888],[82.97,70.9],[82.898,70.933]],[[79.514,72.824],[79.514,72.714],[79.334,72.698],[79.226,72.714],[79.01,72.714],[78.866,72.739],[78.83,72.767],[78.614,72.8],[78.614,72.856],[79.01,73.011],[79.01,73.027],[79.154,73.092],[79.262,73.092],[79.154,73.076],[79.226,73.068],[79.334,73.015],[79.406,72.966],[79.514,72.926],[79.478,72.877],[79.514,72.824]],[[79.226,73.243],[78.974,73.243],[78.83,73.227],[78.866,73.194],[78.758,73.182],[78.83,73.235],[79.01,73.251],[79.226,73.243]],[[80.45,73.467],[80.234,73.487],[80.234,73.519],[80.45,73.503],[80.378,73.487],[80.45,73.467]],[[82.754,74.048],[82.682,74.04],[82.466,74.056],[82.43,74.081],[82.574,74.134],[82.646,74.142],[82.826,74.109],[82.754,74.048]],[[79.514,74.553],[79.55,74.508],[79.334,74.516],[79.262,74.536],[79.334,74.569],[79.334,74.609],[79.586,74.585],[79.514,74.553]],[[79.334,74.609],[79.226,74.601],[79.262,74.646],[79.334,74.609]],[[81.602,75.289],[81.782,75.199],[82.034,75.122],[82.142,75.163],[82.142,75.114],[82.034,75.098],[81.926,75.142],[81.782,75.183],[81.602,75.24],[81.602,75.289]],[[82.106,75.224],[82.106,75.321],[82.142,75.224],[82.106,75.224]],[[81.926,75.224],[81.854,75.289],[81.674,75.281],[81.71,75.342],[81.602,75.329],[81.602,75.342],[81.674,75.399],[81.782,75.366],[81.926,75.366],[81.998,75.39],[81.854,75.451],[81.926,75.443],[82.178,75.411],[82.322,75.358],[82.322,75.317],[82.178,75.342],[82.034,75.321],[82.07,75.256],[82.034,75.159],[81.926,75.203],[81.926,75.224]],[[81.674,75.419],[81.818,75.472],[81.746,75.399],[81.674,75.419]],[[82.178,75.411],[81.926,75.451],[82.07,75.508],[82.178,75.508],[82.142,75.484],[82.178,75.411]],[[81.602,75.919],[81.818,75.96],[81.998,75.948],[81.926,75.903],[82.034,75.887],[82.358,75.878],[82.394,75.854],[81.998,75.878],[81.602,75.919]],[[82.574,75.952],[82.322,75.935],[82.322,75.972],[82.466,75.952],[82.502,75.996],[82.79,75.98],[83.042,75.96],[83.15,75.964],[83.222,75.927],[83.15,75.911],[82.898,75.911],[82.898,75.944],[82.574,75.952]],[[82.25,77.522],[82.394,77.522],[82.466,77.481],[82.574,77.481],[82.43,77.53],[82.502,77.522],[82.682,77.473],[82.43,77.473],[82.25,77.481],[82.25,77.522]],[[76.706,79.486],[76.67,79.535],[76.382,79.519],[76.094,79.6],[76.094,79.637],[76.274,79.645],[76.418,79.62],[76.49,79.62],[76.886,79.596],[77.354,79.527],[77.57,79.519],[77.606,79.486],[77.462,79.478],[76.814,79.47],[76.706,79.486]],[[79.91,80.877],[79.586,80.836],[79.19,80.828],[78.65,80.828],[78.65,80.885],[78.866,80.938],[79.226,80.963],[79.442,80.963],[79.91,80.922],[79.91,80.877]],[[84.338,69.599],[84.338,69.578],[84.266,69.578],[84.194,69.607],[84.338,69.599]],[[84.266,69.672],[84.338,69.68],[84.338,69.635],[84.266,69.672]],[[83.474,69.839],[83.546,69.859],[83.726,69.818],[83.798,69.753],[83.798,69.733],[83.726,69.725],[83.474,69.741],[83.474,69.778],[83.474,69.839]],[[83.222,69.887],[83.222,69.92],[83.366,69.863],[83.222,69.887]],[[83.402,70.347],[83.474,70.408],[83.654,70.412],[83.618,70.396],[83.546,70.375],[83.402,70.347]],[[83.15,70.514],[83.222,70.51],[83.294,70.449],[83.15,70.384],[83.078,70.371],[83.114,70.424],[83.078,70.493],[83.15,70.514]],[[83.618,70.518],[83.654,70.485],[83.546,70.424],[83.438,70.404],[83.438,70.424],[83.546,70.461],[83.474,70.489],[83.618,70.518]],[[83.546,70.55],[83.474,70.514],[83.474,70.489],[83.474,70.457],[83.402,70.481],[83.366,70.538],[83.474,70.53],[83.546,70.55]],[[83.438,70.575],[83.366,70.558],[83.33,70.599],[83.438,70.64],[83.438,70.575]],[[83.294,70.652],[83.33,70.615],[83.222,70.575],[83.222,70.522],[83.114,70.526],[83.15,70.591],[83.114,70.636],[83.15,70.693],[83.222,70.656],[83.294,70.652]],[[83.222,70.725],[83.222,70.79],[83.294,70.827],[83.294,70.786],[83.366,70.754],[83.438,70.754],[83.438,70.676],[83.402,70.656],[83.222,70.66],[83.222,70.717],[83.24257142857142,70.73671428571429],[83.222,70.725]],[[83.222,70.933],[83.222,70.884],[83.15,70.835],[83.15,70.876],[83.042,70.925],[83.042,70.961],[83.15,70.937],[83.222,70.933]],[[84.626,73.829],[84.59,73.849],[84.734,73.857],[84.626,73.829]],[[86.535,73.93],[86.823,73.938],[86.895,73.922],[86.643,73.914],[86.535,73.93]],[[86.319,73.922],[86.319,73.975],[86.571,73.89],[86.319,73.922]],[[84.30983870967744,74.01240725806451],[84.374,73.983],[84.338,73.955],[84.194,73.955],[84.05,73.987],[83.87,73.995],[83.942,74.024],[84.05,74.003],[84.194,73.999],[84.30983870967744,74.01240725806451]],[[86.787,74.008],[86.895,74.04],[86.931,73.983],[86.787,74.008]],[[84.30983870967744,74.01240725806451],[84.302,74.016],[84.41,74.024],[84.30983870967744,74.01240725806451]],[[86.571,74.081],[86.607,74.101],[86.715,74.089],[86.715,74.056],[86.571,74.081]],[[83.366,74.125],[83.546,74.109],[83.618,74.081],[83.474,74.077],[83.294,74.048],[83.15,74.077],[83.042,74.081],[82.898,74.056],[83.15,74.121],[83.366,74.125]],[[85.743,74.134],[85.419,74.117],[85.419,74.13],[85.599,74.142],[85.347,74.182],[85.743,74.166],[85.743,74.134]],[[85.275,74.426],[85.527,74.435],[85.563,74.398],[85.239,74.402],[85.275,74.426]],[[84.554,74.418],[84.446,74.451],[84.59,74.492],[84.914,74.516],[84.986,74.5],[84.878,74.467],[84.59,74.475],[84.554,74.459],[84.842,74.41],[84.77,74.398],[84.554,74.418]],[[85.095,74.52],[85.275,74.569],[85.347,74.569],[85.491,74.569],[85.671,74.516],[85.527,74.492],[85.347,74.443],[85.167,74.479],[85.203,74.512],[85.095,74.52]],[[85.671,74.467],[85.743,74.528],[85.743,74.569],[85.959,74.585],[86.067,74.553],[86.247,74.52],[86.175,74.483],[85.995,74.532],[85.995,74.479],[85.923,74.483],[85.743,74.451],[85.671,74.467]],[[84.986,74.585],[85.023,74.577],[84.77,74.528],[84.842,74.561],[84.986,74.585]],[[86.175,74.585],[85.995,74.601],[86.139,74.609],[86.175,74.585]],[[85.167,74.727],[85.239,74.768],[85.347,74.768],[85.527,74.801],[85.635,74.797],[85.671,74.711],[85.635,74.703],[85.635,74.744],[85.527,74.703],[85.347,74.752],[85.167,74.727]],[[86.823,74.801],[86.715,74.768],[86.643,74.784],[86.643,74.748],[86.535,74.748],[86.499,74.829],[86.643,74.813],[86.823,74.801]],[[85.923,74.797],[85.743,74.793],[85.851,74.87],[85.887,74.87],[85.923,74.797]],[[86.967,74.845],[86.967,74.813],[86.859,74.805],[86.859,74.829],[86.571,74.837],[86.571,74.845],[86.319,74.845],[86.247,74.886],[86.283,74.915],[86.607,74.89],[86.643,74.91],[86.535,74.919],[86.571,74.98],[86.715,74.971],[86.643,74.935],[87.039,74.988],[87.039,74.971],[87.183,74.947],[87.111,74.89],[86.967,74.882],[86.823,74.915],[86.715,74.906],[86.823,74.837],[86.967,74.845]],[[88.263,75.199],[88.155,75.163],[88.191,75.207],[88.263,75.199]],[[89.703,75.533],[89.559,75.508],[89.523,75.541],[89.703,75.533]],[[87.903,75.626],[88.083,75.651],[88.083,75.634],[87.903,75.626]],[[92.871,75.83],[92.655,75.834],[92.871,75.846],[92.871,75.83]],[[92.691,75.968],[92.583,75.972],[92.691,75.996],[92.691,75.968]],[[95.176,76.163],[95.068,76.147],[94.995,76.163],[95.176,76.208],[95.176,76.163]],[[96.544,76.196],[96.472,76.269],[96.4,76.261],[96.4,76.212],[96.22,76.204],[96.472,76.163],[96.436,76.11],[96.292,76.098],[96.292,76.127],[96.148,76.155],[95.788,76.147],[95.752,76.188],[95.572,76.188],[95.32,76.22],[95.392,76.249],[95.32,76.273],[95.536,76.281],[95.5,76.245],[95.608,76.232],[95.644,76.273],[95.86,76.306],[95.932,76.297],[95.896,76.261],[95.968,76.281],[96.184,76.273],[96.112,76.228],[96.22,76.24],[96.22,76.289],[96.4,76.306],[96.688,76.253],[96.616,76.208],[96.544,76.196]],[[94.635,76.224],[94.743,76.208],[94.743,76.253],[94.995,76.273],[94.995,76.245],[94.887,76.245],[94.887,76.171],[94.671,76.196],[94.491,76.179],[94.491,76.216],[94.635,76.224]],[[94.959,76.423],[95.14,76.464],[95.068,76.432],[94.959,76.423]],[[95.32,76.541],[95.5,76.541],[95.392,76.517],[95.32,76.541]],[[94.347,76.574],[94.167,76.558],[94.095,76.582],[93.951,76.582],[93.951,76.598],[94.239,76.582],[94.347,76.574]],[[95.896,76.582],[95.896,76.639],[96.076,76.651],[96.22,76.692],[96.364,76.676],[96.472,76.692],[96.4,76.655],[96.292,76.651],[96.364,76.623],[96.22,76.598],[95.896,76.582]],[[94.599,76.631],[94.347,76.635],[94.419,76.659],[94.599,76.631]],[[95.248,76.655],[95.392,76.655],[95.392,76.635],[95.248,76.619],[94.815,76.639],[95.068,76.672],[95.14,76.651],[95.14,76.692],[95.248,76.655]],[[95.5,76.635],[95.464,76.684],[95.608,76.651],[95.86,76.676],[95.752,76.635],[95.5,76.635]],[[96.04,76.724],[96.076,76.676],[95.932,76.676],[95.968,76.716],[96.04,76.724]],[[95.716,76.733],[95.86,76.733],[95.86,76.684],[95.716,76.7],[95.716,76.733]],[[94.599,76.716],[94.419,76.724],[94.491,76.749],[94.599,76.716]],[[96.292,76.883],[96.148,76.867],[95.896,76.907],[96.22,76.932],[96.4,76.912],[96.292,76.883]],[[88.659,77.074],[88.731,77.119],[88.983,77.135],[88.911,77.119],[88.803,77.111],[88.911,77.078],[88.767,77.054],[88.911,77.021],[88.911,76.977],[88.731,77.025],[88.659,77.074]],[[95.644,76.985],[95.392,77.001],[95.644,77.07],[95.824,77.074],[96.184,77.127],[96.508,77.192],[96.544,77.152],[96.472,77.066],[96.22,77.017],[96.22,76.985],[96.04,76.977],[95.788,76.924],[95.716,76.932],[96.04,77.009],[95.824,77.001],[95.644,76.985]],[[89.955,77.127],[90.135,77.111],[90.171,77.086],[89.991,77.095],[89.955,77.127]],[[89.739,77.278],[89.559,77.261],[89.739,77.229],[89.631,77.18],[89.451,77.16],[89.235,77.2],[89.235,77.269],[89.487,77.302],[89.739,77.278]],[[91.971,77.648],[92.079,77.615],[92.043,77.595],[91.899,77.603],[91.827,77.64],[91.971,77.648]],[[93.663,78.168],[93.699,78.201],[93.771,78.201],[93.771,78.152],[93.663,78.168]],[[92.403,79.083],[92.367,79.1],[92.871,79.047],[92.727,79.051],[92.403,79.083]],[[93.051,79.393],[92.871,79.384],[92.727,79.425],[92.907,79.437],[93.051,79.429],[93.051,79.393]],[[92.367,79.417],[92.367,79.384],[91.827,79.429],[92.151,79.421],[92.331,79.445],[92.547,79.433],[92.367,79.417]],[[91.647,79.45],[91.431,79.462],[91.575,79.478],[91.647,79.45]],[[91.251,79.535],[91.431,79.502],[90.999,79.551],[90.675,79.547],[90.639,79.563],[90.963,79.563],[91.251,79.535]],[[93.915,79.921],[93.699,79.864],[93.699,79.836],[93.555,79.811],[93.375,79.771],[93.051,79.706],[92.475,79.677],[92.079,79.689],[91.935,79.661],[91.647,79.669],[91.323,79.71],[91.287,79.746],[91.935,79.738],[91.899,79.714],[92.043,79.702],[92.151,79.755],[92.403,79.738],[92.367,79.787],[92.151,79.816],[91.611,79.824],[91.287,79.84],[91.179,79.86],[91.287,79.889],[91.431,79.897],[91.395,79.938],[91.251,79.95],[91.359,79.974],[91.251,80.039],[90.999,80.056],[91.575,80.072],[91.971,80.072],[92.043,80.047],[92.547,80.039],[92.547,80.023],[93.015,80.023],[93.375,79.999],[93.663,79.942],[93.915,79.921]],[[94.275,80.047],[94.347,80.023],[94.311,79.999],[93.987,79.978],[94.023,80.015],[94.275,80.047]],[[96.868,80.902],[97.156,80.873],[97.192,80.845],[97.48,80.812],[97.444,80.8],[97.912,80.784],[97.984,80.727],[97.84,80.71],[97.984,80.702],[98.02,80.662],[97.804,80.637],[97.516,80.633],[97.372,80.613],[97.192,80.625],[97.12,80.491],[97.264,80.426],[97.264,80.332],[97.444,80.324],[97.48,80.291],[97.264,80.251],[97.264,80.226],[96.94,80.214],[96.796,80.222],[96.292,80.206],[95.86,80.206],[95.572,80.19],[95.176,80.141],[94.815,80.149],[94.743,80.129],[94.563,80.141],[94.491,80.1],[94.311,80.056],[93.699,80.003],[93.123,80.064],[92.727,80.125],[92.367,80.125],[92.151,80.137],[92.295,80.182],[92.907,80.129],[92.871,80.165],[92.367,80.218],[92.151,80.251],[92.799,80.275],[93.375,80.239],[93.303,80.271],[92.979,80.291],[92.331,80.267],[92.079,80.267],[91.719,80.251],[91.755,80.283],[91.503,80.255],[91.503,80.271],[91.755,80.332],[91.935,80.316],[92.043,80.348],[92.295,80.324],[92.403,80.34],[92.727,80.332],[92.583,80.365],[92.259,80.373],[91.971,80.409],[92.331,80.434],[92.403,80.45],[92.727,80.458],[92.907,80.487],[92.871,80.552],[92.943,80.621],[93.339,80.727],[93.375,80.763],[93.231,80.759],[93.267,80.727],[92.799,80.702],[92.619,80.702],[92.583,80.735],[92.799,80.792],[92.799,80.82],[93.123,80.861],[93.303,80.861],[93.195,80.893],[93.195,80.938],[93.339,80.938],[93.555,80.979],[93.771,80.971],[93.771,81.007],[94.167,81.032],[94.275,81.06],[94.563,81.072],[94.923,81.105],[95.32,81.19],[95.644,81.19],[95.608,81.207],[95.284,81.202],[95.176,81.239],[95.572,81.264],[95.788,81.264],[95.968,81.239],[95.968,81.207],[95.896,81.162],[96.148,81.166],[96.292,81.097],[96.544,81.044],[96.544,81.015],[96.796,80.971],[96.724,80.938],[96.868,80.902]],[[90.207,81.182],[91.107,81.207],[91.647,81.174],[91.683,81.097],[91.431,81.044],[90.783,81.032],[90.207,81.064],[90.063,81.113],[90.207,81.182]],[[105.833,72.877],[105.761,72.873],[105.83181967213115,72.91726229508197],[105.761,72.893],[105.797,72.938],[105.869,72.93],[105.833,72.91766666666668],[105.833,72.877]],[[108.317,73.21],[108.353,73.178],[108.281,73.133],[108.317,73.21]],[[109.361,73.495],[109.253,73.487],[109.289,73.511],[109.361,73.495]],[[109.181,73.519],[109.253,73.548],[109.289,73.528],[109.181,73.519]],[[111.161,74.325],[111.197,74.276],[111.053,74.276],[111.053,74.309],[111.161,74.325]],[[113.249,74.256],[113.177,74.191],[112.997,74.191],[112.853,74.085],[112.673,74.085],[112.493,74.117],[112.277,74.121],[112.097,74.158],[111.953,74.219],[111.629,74.247],[111.485,74.292],[111.521,74.341],[111.701,74.37],[111.881,74.333],[112.025,74.361],[112.025,74.435],[111.953,74.443],[111.953,74.544],[112.097,74.553],[112.493,74.524],[112.709,74.512],[113.033,74.512],[113.177,74.504],[113.357,74.467],[113.465,74.398],[113.465,74.357],[113.249,74.256]],[[112.925,74.679],[112.997,74.65],[112.925,74.63],[112.925,74.679]],[[113.573,75.935],[113.717,75.968],[113.717,75.935],[113.573,75.935]],[[97.192,76.029],[97.192,76.005],[97.012,76.0],[96.868,75.976],[96.724,76.0],[97.048,76.061],[97.336,76.098],[97.372,76.086],[97.192,76.029]],[[96.544,76.196],[96.616,76.139],[96.544,76.127],[96.544,76.196]],[[96.868,76.232],[96.94,76.249],[97.084,76.212],[96.868,76.196],[96.76,76.155],[96.616,76.171],[96.832,76.273],[96.94,76.306],[97.048,76.322],[97.12,76.273],[96.94,76.253],[96.868,76.273],[96.76,76.216],[96.796,76.188],[96.868,76.232]],[[96.76,76.33],[96.688,76.289],[96.508,76.33],[96.76,76.33]],[[113.429,76.371],[113.501,76.35],[113.249,76.35],[113.177,76.395],[113.249,76.432],[113.357,76.423],[113.321,76.387],[113.429,76.371]],[[112.565,76.399],[112.745,76.423],[112.745,76.387],[112.565,76.399]],[[112.673,76.501],[112.673,76.423],[112.457,76.44],[112.385,76.509],[112.277,76.533],[112.133,76.541],[112.025,76.615],[112.277,76.631],[112.349,76.647],[112.601,76.615],[112.673,76.566],[112.565,76.611],[112.565,76.558],[112.673,76.513],[112.781,76.533],[112.781,76.493],[112.673,76.501]],[[97.48,76.623],[97.588,76.59],[97.372,76.582],[97.48,76.651],[97.48,76.623]],[[111.881,76.615],[111.773,76.639],[111.917,76.647],[111.881,76.615]],[[97.48,76.684],[97.48,76.651],[97.336,76.684],[97.48,76.684]],[[97.156,76.749],[97.48,76.761],[97.588,76.777],[97.66,76.757],[97.264,76.733],[97.156,76.749]],[[97.912,76.794],[97.732,76.806],[97.804,76.826],[97.912,76.794]],[[105.725,77.176],[105.869,77.172],[105.797,77.152],[105.725,77.176]],[[105.797,77.286],[105.941,77.298],[106.013,77.269],[105.869,77.237],[105.797,77.237],[105.797,77.286]],[[107.273,77.274],[107.417,77.339],[107.561,77.314],[107.669,77.335],[107.741,77.261],[107.561,77.245],[107.417,77.213],[107.165,77.213],[107.417,77.229],[107.489,77.261],[107.273,77.274]],[[106.517,77.379],[106.589,77.432],[106.841,77.469],[106.949,77.465],[106.769,77.387],[106.517,77.379]],[[101.404,77.631],[101.584,77.648],[101.512,77.615],[101.404,77.631]],[[106.445,78.132],[106.841,78.176],[107.345,78.16],[107.489,78.185],[107.669,78.168],[107.741,78.111],[107.489,78.034],[107.489,78.079],[107.381,78.067],[106.913,78.099],[106.769,78.099],[106.445,78.132]],[[106.121,78.254],[106.445,78.27],[106.445,78.303],[106.589,78.335],[106.769,78.319],[106.805,78.262],[106.589,78.274],[106.589,78.246],[106.265,78.193],[106.121,78.221],[106.121,78.254]],[[98.74,78.652],[98.812,78.628],[98.74,78.604],[98.74,78.652]],[[102.7,78.913],[102.556,78.884],[102.556,78.848],[102.376,78.782],[102.556,78.787],[102.808,78.872],[102.952,78.998],[102.952,79.035],[103.096,79.027],[103.348,79.055],[103.348,79.075],[103.528,79.092],[103.528,79.14],[103.672,79.161],[103.672,79.124],[104.068,79.116],[104.068,79.067],[103.996,79.047],[104.104,78.998],[104.32,78.982],[104.536,78.909],[104.5,78.872],[104.644,78.864],[104.536,78.839],[104.104,78.856],[104.212,78.839],[104.5,78.831],[104.752,78.791],[104.752,78.831],[104.86,78.848],[105.221,78.795],[105.221,78.721],[105.293,78.697],[105.293,78.652],[105.401,78.555],[105.365,78.502],[105.149,78.42],[104.968,78.355],[104.86,78.311],[104.212,78.311],[104.14,78.286],[103.744,78.237],[103.492,78.242],[103.276,78.209],[103.096,78.221],[102.952,78.201],[102.952,78.176],[102.844,78.152],[102.772,78.209],[102.304,78.201],[102.124,78.176],[102.052,78.193],[101.656,78.185],[101.548,78.193],[101.26,78.168],[101.188,78.144],[100.828,78.079],[100.612,78.05],[100.288,77.977],[100.108,77.949],[99.748,77.957],[99.676,77.932],[99.532,77.965],[99.604,77.993],[99.46,78.026],[99.64,78.103],[99.64,78.132],[99.856,78.229],[100.108,78.303],[100.18,78.343],[100.108,78.412],[100.288,78.453],[100.324,78.555],[100.648,78.595],[100.504,78.595],[100.432,78.66],[100.72,78.795],[100.756,78.77],[101.188,78.73],[101.296,78.73],[100.972,78.778],[100.972,78.823],[100.828,78.831],[100.972,78.941],[101.152,78.998],[101.368,78.966],[101.62,78.941],[101.656,78.957],[101.404,78.982],[101.332,79.01],[101.08,79.031],[101.152,79.071],[101.296,79.1],[101.512,79.092],[101.296,79.124],[101.404,79.205],[101.728,79.21],[101.62,79.299],[101.656,79.323],[101.908,79.34],[101.98,79.258],[102.052,79.218],[102.304,79.181],[102.232,79.291],[102.232,79.336],[102.304,79.393],[102.448,79.413],[102.556,79.393],[102.916,79.36],[102.952,79.303],[103.204,79.295],[102.844,79.165],[102.844,79.083],[102.772,79.071],[102.7,78.913]],[[103.492,79.153],[103.276,79.161],[103.348,79.197],[103.492,79.153]],[[100.18,79.441],[100.0,79.401],[100.072,79.445],[100.18,79.441]],[[97.588,79.832],[97.192,79.807],[96.94,79.763],[96.796,79.763],[96.472,79.718],[96.688,79.714],[97.156,79.763],[97.264,79.787],[97.732,79.811],[97.732,79.771],[97.444,79.738],[97.192,79.685],[97.156,79.604],[97.192,79.592],[97.192,79.661],[97.768,79.755],[97.84,79.746],[97.84,79.795],[97.912,79.787],[98.236,79.82],[98.128,79.897],[98.38,79.913],[98.38,79.958],[98.488,79.929],[98.56,79.99],[98.488,80.015],[98.56,80.056],[98.776,80.064],[98.776,80.031],[99.064,80.056],[99.352,80.056],[99.136,80.023],[99.388,80.031],[99.352,79.995],[99.64,79.982],[99.676,79.954],[99.928,79.897],[99.928,79.864],[100.072,79.852],[100.108,79.795],[100.108,79.763],[99.928,79.746],[100.0,79.677],[99.856,79.645],[99.856,79.547],[99.928,79.502],[99.784,79.437],[99.856,79.299],[99.784,79.266],[99.64,79.234],[99.28,79.303],[99.208,79.279],[99.388,79.218],[99.784,79.149],[99.64,79.116],[99.964,79.083],[100.0,79.051],[99.928,79.027],[100.036,78.929],[99.748,78.88],[99.532,78.815],[99.388,78.823],[99.136,78.803],[98.74,78.803],[98.668,78.807],[98.488,78.778],[98.38,78.77],[98.344,78.803],[98.128,78.807],[97.912,78.831],[97.66,78.807],[97.444,78.831],[97.408,78.888],[97.192,78.884],[96.94,78.933],[96.94,78.982],[96.868,78.998],[96.508,78.982],[96.292,79.014],[96.184,78.982],[96.04,78.974],[95.932,78.998],[95.752,78.99],[95.752,79.063],[95.644,79.051],[95.644,79.092],[95.536,79.1],[95.248,79.043],[95.068,79.027],[95.068,79.055],[94.923,79.047],[94.671,79.116],[94.743,79.181],[94.347,79.242],[94.419,79.279],[94.347,79.319],[94.347,79.417],[94.419,79.437],[94.419,79.478],[94.023,79.494],[94.023,79.437],[93.771,79.47],[93.951,79.486],[94.023,79.519],[93.843,79.539],[93.699,79.576],[93.771,79.576],[93.951,79.637],[93.771,79.62],[93.771,79.588],[93.447,79.535],[93.555,79.494],[93.519,79.462],[93.303,79.454],[93.195,79.486],[93.375,79.502],[93.375,79.535],[93.123,79.539],[93.015,79.588],[93.303,79.551],[93.843,79.677],[93.843,79.698],[94.095,79.771],[94.599,79.787],[94.743,79.807],[94.527,79.864],[94.347,79.889],[94.491,79.966],[94.743,79.978],[94.743,80.047],[94.959,80.056],[94.995,80.104],[95.14,80.084],[95.068,80.056],[95.32,80.015],[95.392,80.047],[95.464,80.1],[96.076,80.1],[96.148,80.084],[96.292,80.108],[96.508,80.096],[96.616,80.133],[96.76,80.117],[97.264,80.157],[97.696,80.157],[98.128,80.039],[97.912,80.007],[98.02,79.942],[97.984,79.897],[97.732,79.856],[97.444,79.86],[97.588,79.832]],[[100.0,79.592],[100.108,79.722],[100.18,79.71],[100.396,79.677],[100.18,79.661],[100.0,79.592]],[[119.082,58.223],[119.154,58.129],[119.118,58.096],[119.118,58.048],[119.082,57.983],[119.082,57.905],[119.046,57.832],[119.046,57.787],[119.01,57.767],[119.01,57.722],[119.118,57.698],[119.154,57.649],[119.118,57.568],[119.19,57.515],[119.226,57.539],[119.262,57.596],[119.298,57.612],[119.406,57.604],[119.442,57.58],[119.442,57.535],[119.406,57.499],[119.406,57.417],[119.442,57.368],[119.514,57.324],[119.514,57.267],[119.658,57.165],[119.586,57.12],[119.586,57.055],[119.622,56.982],[119.73,56.937],[119.766,56.905],[119.802,56.876],[119.622,56.787],[119.622,56.754],[119.838,56.697],[119.838,56.669],[119.766,56.653],[119.766,56.608],[119.946,56.535],[119.946,56.494],[120.018,56.478],[120.09,56.482],[120.126,56.457],[120.234,56.465],[120.27,56.457],[120.27,56.388],[120.342,56.368],[120.342,56.315],[120.45,56.303],[120.486,56.27],[120.45,56.246],[120.162,56.221],[120.054,56.152],[120.054,55.953],[120.126,55.892],[120.27,55.929],[120.342,55.892],[120.45,55.896],[120.522,55.929],[120.63,55.929],[120.702,55.981],[120.774,55.981],[120.846,56.026],[120.954,56.03],[121.026,56.002],[121.134,56.034],[121.206,56.014],[121.242,55.981],[121.242,55.864],[121.314,55.827],[121.314,55.782],[121.278,55.741],[121.35,55.603],[121.314,55.558],[121.386,55.51],[121.494,55.502],[121.566,55.481],[121.638,55.518],[121.674,55.567],[121.674,55.603],[121.746,55.607],[121.818,55.591],[121.89,55.542],[121.962,55.465],[121.998,55.388],[121.926,55.262],[121.926,55.209],[122.034,55.192],[121.962,55.144],[121.962,55.022],[121.89,54.969],[121.71,54.875],[121.674,54.834],[121.674,54.733],[121.746,54.778],[121.854,54.79],[121.89,54.749],[121.89,54.708],[121.854,54.668],[121.926,54.623],[121.926,54.578],[121.998,54.546],[121.998,54.521],[122.106,54.489],[122.07,54.452],[121.89,54.395],[121.818,54.395],[121.782,54.452],[121.71,54.416],[121.674,54.375],[121.674,54.33],[121.71,54.294],[121.71,54.257],[121.746,54.196],[121.638,54.123],[121.638,54.045],[121.71,53.956],[121.746,53.989],[121.854,53.911],[121.89,53.85],[121.962,53.822],[121.926,53.761],[121.962,53.712],[121.926,53.667],[121.962,53.635],[121.962,53.553],[122.034,53.484],[122.034,53.419],[121.962,53.427],[121.782,53.403],[121.746,53.387],[121.602,53.37],[121.53,53.338],[121.386,53.317],[121.35,53.326],[121.278,53.289],[121.098,53.277],[120.99,53.289],[120.81,53.265],[120.81,53.236],[120.702,53.191],[120.666,53.163],[120.702,53.155],[120.63,53.126],[120.63,53.098],[120.522,53.069],[120.522,53.041],[120.414,52.992],[120.414,52.964],[120.342,52.939],[120.342,52.898],[120.27,52.894],[120.27,52.858],[120.162,52.805],[120.018,52.772],[120.054,52.728],[120.054,52.675],[120.018,52.663],[120.018,52.602],[120.054,52.585],[120.198,52.577],[120.198,52.593],[120.27,52.618],[120.414,52.618],[120.45,52.638],[120.558,52.593],[120.666,52.541],[120.738,52.541],[120.666,52.504],[120.666,52.39],[120.63,52.386],[120.63,52.309],[120.702,52.28],[120.702,52.256],[120.774,52.244],[120.738,52.227],[120.738,52.187],[120.774,52.142],[120.738,52.126],[120.774,52.114],[120.666,52.032],[120.702,52.02],[120.702,51.975],[120.666,51.971],[120.666,51.926],[120.558,51.91],[120.558,51.878],[120.486,51.882],[120.486,51.853],[120.414,51.837],[120.414,51.813],[120.306,51.784],[120.306,51.747],[120.234,51.727],[120.234,51.715],[120.162,51.67],[120.09,51.678],[120.09,51.646],[120.054,51.638],[120.054,51.593],[120.018,51.581],[120.054,51.552],[120.018,51.512],[119.982,51.503],[119.982,51.434],[119.946,51.43],[119.946,51.394],[119.874,51.341],[119.874,51.296],[119.802,51.288],[119.802,51.215],[119.766,51.219],[119.766,51.101],[119.694,51.064],[119.694,51.019],[119.622,51.011],[119.586,50.983],[119.586,50.946],[119.514,50.91],[119.514,50.784],[119.478,50.779],[119.478,50.727],[119.442,50.694],[119.37,50.682],[119.37,50.649],[119.262,50.592],[119.262,50.466],[119.226,50.458],[119.226,50.422],[119.118,50.401],[119.154,50.385],[119.154,50.352],[119.37,50.336],[119.37,50.304],[119.334,50.304],[119.334,50.239],[119.37,50.23],[119.37,50.161],[119.334,50.153],[119.334,50.104],[119.19,50.003],[119.118,50.011],[119.082,49.982],[118.974,49.97],[118.794,49.966],[118.758,49.95],[118.65,49.946],[118.542,49.921],[118.542,49.897],[118.47,49.86],[118.47,49.824],[118.398,49.816],[118.362,49.775],[118.29,49.767],[118.29,49.738],[118.218,49.726],[118.218,49.693],[118.182,49.665],[118.11,49.657],[118.11,49.632],[118.074,49.612],[118.002,49.608],[118.002,49.584],[117.894,49.539],[117.858,49.535],[117.858,49.506],[117.786,49.519],[117.642,49.567],[117.606,49.588],[117.462,49.632],[117.282,49.628],[117.138,49.669],[117.066,49.685],[116.922,49.726],[116.85,49.754],[116.814,49.791],[116.706,49.828],[116.706,49.848],[116.598,49.938],[116.454,49.962],[116.346,49.99],[116.274,50.027],[116.202,50.031],[116.058,50.007],[115.914,49.95],[115.842,49.929],[115.77,49.885],[115.662,49.885],[115.554,49.909],[115.374,49.905],[115.338,49.938],[115.194,49.994],[115.194,50.031],[115.014,50.153],[115.014,50.177],[114.869,50.222],[114.653,50.255],[114.545,50.239],[114.437,50.243],[114.365,50.279],[114.221,50.259],[114.113,50.21],[114.113,50.19],[114.005,50.177],[113.897,50.121],[113.825,50.084],[113.789,50.092],[113.717,50.055],[113.573,50.019],[113.501,49.974],[113.465,49.966],[113.429,49.933],[113.249,49.856],[113.177,49.836],[113.177,49.811],[113.141,49.742],[113.141,49.718],[113.105,49.702],[113.105,49.604],[112.925,49.588],[112.925,49.559],[112.853,49.535],[112.817,49.51],[112.709,49.486],[112.673,49.523],[112.601,49.527],[112.529,49.547],[112.421,49.523],[112.349,49.494],[112.277,49.486],[112.241,49.462],[112.097,49.429],[112.025,49.429],[111.953,49.393],[111.809,49.388],[111.701,49.405],[111.593,49.368],[111.485,49.344],[111.377,49.372],[111.305,49.336],[111.053,49.27],[111.053,49.246],[110.981,49.23],[110.981,49.205],[110.837,49.153],[110.657,49.14],[110.585,49.161],[110.549,49.193],[110.477,49.197],[110.405,49.25],[110.333,49.205],[110.261,49.169],[110.153,49.173],[110.081,49.185],[109.865,49.205],[109.829,49.189],[109.757,49.218],[109.685,49.23],[109.577,49.218],[109.505,49.242],[109.505,49.287],[109.361,49.311],[109.325,49.34],[109.217,49.352],[109.037,49.332],[108.965,49.356],[108.857,49.34],[108.785,49.348],[108.713,49.336],[108.533,49.332],[108.461,49.397],[108.353,49.441],[108.353,49.474],[108.281,49.527],[108.137,49.559],[108.029,49.612],[108.029,49.669],[107.957,49.661],[107.957,49.702],[107.993,49.726],[107.993,49.754],[107.957,49.775],[107.957,49.872],[107.993,49.921],[107.885,49.917],[107.813,49.929],[107.813,49.95],[107.741,49.982],[107.705,50.007],[107.705,50.064],[107.741,50.08],[107.741,50.112],[107.921,50.141],[107.921,50.198],[107.993,50.263],[108.065,50.259],[108.209,50.328],[108.317,50.344],[108.461,50.405],[108.569,50.397],[108.605,50.385],[108.641,50.422],[108.641,50.458],[108.461,50.462],[108.461,50.495],[108.461,50.527],[108.317,50.552],[108.281,50.592],[108.209,50.592],[108.065,50.657],[108.065,50.706],[108.209,50.727],[108.245,50.751],[108.245,50.845],[108.281,50.93],[108.281,51.003],[108.389,51.019],[108.461,51.052],[108.533,51.089],[108.461,51.133],[108.389,51.15],[108.389,51.182],[108.389,51.215],[108.461,51.28],[108.461,51.345],[108.461,51.39],[108.569,51.39],[108.605,51.43],[108.605,51.479],[108.641,51.455],[108.713,51.434],[108.965,51.426],[109.037,51.446],[109.037,51.41],[109.253,51.345],[109.433,51.39],[109.649,51.426],[109.685,51.507],[109.901,51.585],[109.973,51.593],[110.225,51.585],[110.333,51.585],[110.333,51.544],[110.405,51.516],[110.549,51.487],[110.657,51.495],[110.729,51.512],[110.729,51.536],[110.837,51.593],[110.837,51.658],[110.981,51.719],[110.981,51.743],[111.053,51.796],[111.233,51.837],[111.269,51.861],[111.449,51.882],[111.557,51.922],[111.629,51.935],[111.701,52.048],[111.845,52.114],[111.953,52.215],[112.025,52.24],[112.025,52.276],[112.133,52.297],[112.205,52.256],[112.277,52.256],[112.277,52.231],[112.421,52.231],[112.457,52.244],[112.529,52.329],[112.601,52.353],[112.709,52.366],[112.817,52.349],[112.925,52.345],[113.069,52.427],[113.141,52.447],[113.357,52.471],[113.465,52.484],[113.573,52.471],[113.681,52.573],[113.789,52.626],[113.897,52.646],[114.041,52.659],[114.221,52.817],[114.221,52.923],[114.293,52.927],[114.293,53.045],[114.329,53.061],[114.149,53.077],[114.113,53.106],[114.149,53.147],[114.149,53.204],[114.113,53.199],[114.041,53.232],[114.005,53.26],[113.897,53.277],[113.897,53.35],[113.825,53.411],[113.825,53.452],[113.825,53.496],[113.825,53.525],[113.825,53.61],[113.969,53.712],[114.077,53.732],[114.329,53.781],[114.365,53.814],[114.473,53.814],[114.473,53.842],[114.617,53.948],[114.869,53.997],[114.941,54.05],[115.158,54.147],[115.23,54.192],[115.374,54.233],[115.446,54.265],[115.518,54.33],[115.554,54.391],[115.698,54.432],[115.842,54.444],[116.274,54.513],[116.382,54.497],[116.49,54.501],[116.526,54.521],[116.706,54.534],[116.814,54.615],[116.814,54.668],[116.85,54.696],[116.922,54.794],[116.958,54.875],[116.85,54.989],[116.85,55.038],[116.814,55.074],[116.67,55.131],[116.598,55.205],[116.526,55.249],[116.418,55.335],[116.202,55.323],[116.094,55.347],[115.95,55.371],[115.914,55.457],[115.914,55.656],[115.842,55.774],[115.842,55.835],[115.878,55.859],[115.878,55.904],[115.806,56.006],[115.806,56.079],[115.878,56.124],[115.842,56.16],[115.842,56.193],[115.734,56.335],[115.698,56.352],[115.698,56.409],[115.806,56.425],[115.698,56.51],[115.698,56.567],[115.518,56.596],[115.446,56.636],[115.59,56.697],[115.626,56.722],[115.626,56.775],[115.59,56.819],[115.59,56.864],[115.734,56.921],[115.77,56.945],[115.806,56.958],[115.95,56.893],[116.022,56.893],[116.058,56.844],[116.13,56.832],[116.238,56.876],[116.31,56.864],[116.346,56.836],[116.454,56.819],[116.454,56.787],[116.526,56.783],[116.706,56.783],[116.778,56.758],[116.886,56.799],[116.994,56.791],[116.958,56.832],[117.066,56.811],[117.138,56.868],[117.138,56.905],[117.21,56.917],[117.246,56.966],[117.318,56.933],[117.318,56.893],[117.39,56.856],[117.462,56.868],[117.534,56.848],[117.57,56.897],[117.57,56.945],[117.606,56.962],[117.678,57.076],[117.606,57.116],[117.57,57.165],[117.678,57.189],[117.714,57.259],[117.786,57.283],[117.714,57.311],[117.57,57.324],[117.534,57.283],[117.426,57.238],[117.354,57.267],[117.426,57.316],[117.39,57.348],[117.318,57.344],[117.318,57.454],[117.246,57.482],[117.21,57.527],[117.282,57.625],[117.174,57.633],[117.102,57.678],[117.174,57.73],[117.138,57.8],[117.066,57.824],[117.138,57.852],[117.282,57.848],[117.318,57.885],[117.39,57.893],[117.354,57.938],[117.354,57.987],[117.39,58.007],[117.39,58.129],[117.426,58.174],[117.498,58.129],[117.57,58.141],[117.534,58.247],[117.426,58.284],[117.462,58.328],[117.606,58.365],[117.714,58.418],[117.786,58.422],[118.002,58.373],[118.074,58.393],[118.182,58.377],[118.29,58.336],[118.434,58.227],[118.65,58.178],[118.83,58.21],[119.082,58.223]],[[119.082,58.223],[118.83,58.21],[118.65,58.178],[118.434,58.227],[118.29,58.336],[118.182,58.377],[118.074,58.393],[118.002,58.373],[117.786,58.422],[117.714,58.418],[117.606,58.365],[117.462,58.328],[117.426,58.284],[117.534,58.247],[117.57,58.141],[117.498,58.129],[117.426,58.174],[117.39,58.129],[117.39,58.007],[117.354,57.987],[117.354,57.938],[117.39,57.893],[117.318,57.885],[117.282,57.848],[117.138,57.852],[117.066,57.824],[117.138,57.8],[117.174,57.73],[117.102,57.678],[117.174,57.633],[117.282,57.625],[117.21,57.527],[117.246,57.482],[117.318,57.454],[117.318,57.344],[117.39,57.348],[117.426,57.316],[117.354,57.267],[117.426,57.238],[117.534,57.283],[117.57,57.324],[117.714,57.311],[117.786,57.283],[117.714,57.259],[117.678,57.189],[117.57,57.165],[117.606,57.116],[117.678,57.076],[117.606,56.962],[117.57,56.945],[117.57,56.897],[117.534,56.848],[117.462,56.868],[117.39,56.856],[117.318,56.893],[117.318,56.933],[117.246,56.966],[117.21,56.917],[117.138,56.905],[117.138,56.868],[117.066,56.811],[116.958,56.832],[116.994,56.791],[116.886,56.799],[116.778,56.758],[116.706,56.783],[116.526,56.783],[116.454,56.787],[116.454,56.819],[116.346,56.836],[116.31,56.864],[116.238,56.876],[116.13,56.832],[116.058,56.844],[116.022,56.893],[115.95,56.893],[115.806,56.958],[115.77,56.945],[115.842,56.978],[115.914,57.031],[115.986,57.043],[116.13,57.12],[116.238,57.145],[116.166,57.21],[116.094,57.238],[116.058,57.222],[115.914,57.234],[115.806,57.226],[115.626,57.12],[115.554,57.128],[115.41,57.112],[115.302,57.112],[115.158,57.128],[115.086,57.116],[115.086,57.067],[115.05,57.039],[115.086,57.015],[115.05,56.978],[114.977,56.949],[114.941,56.897],[114.869,56.848],[114.797,56.791],[114.797,56.742],[114.761,56.718],[114.545,56.714],[114.473,56.677],[114.365,56.681],[114.221,56.701],[114.149,56.701],[114.077,56.636],[114.005,56.62],[113.969,56.559],[113.825,56.547],[113.789,56.563],[113.753,56.62],[113.645,56.648],[113.573,56.677],[113.465,56.673],[113.321,56.644],[113.177,56.653],[113.105,56.673],[112.853,56.714],[112.709,56.783],[112.673,56.86],[112.673,56.901],[112.709,56.941],[112.601,56.962],[112.421,56.856],[112.349,56.868],[112.205,56.876],[112.097,56.941],[111.917,56.958],[111.845,56.921],[111.809,56.925],[111.593,57.08],[111.593,57.112],[111.521,57.124],[111.377,57.055],[111.377,57.01],[111.305,56.962],[111.305,56.917],[111.197,56.876],[111.125,56.815],[111.053,56.815],[110.981,56.86],[110.909,56.852],[110.801,56.852],[110.729,56.868],[110.657,56.852],[110.549,56.844],[110.405,56.905],[110.333,56.925],[110.189,56.937],[110.009,56.974],[109.973,56.97],[109.937,56.917],[109.865,56.868],[109.865,56.783],[109.757,56.722],[109.685,56.701],[109.577,56.722],[109.433,56.722],[109.325,56.677],[109.217,56.661],[109.037,56.665],[109.001,56.62],[108.929,56.6],[108.929,56.583],[108.785,56.563],[108.677,56.563],[108.713,56.522],[108.713,56.465],[108.641,56.441],[108.569,56.372],[108.569,56.315],[108.677,56.25],[108.785,56.221],[108.893,56.148],[108.893,56.087],[108.965,56.055],[108.965,56.018],[109.037,56.026],[109.109,55.99],[109.217,55.969],[109.109,55.92],[108.965,55.929],[108.893,55.916],[108.785,55.778],[108.785,55.721],[108.713,55.603],[108.641,55.558],[108.677,55.518],[108.641,55.493],[108.641,55.262],[108.713,55.233],[108.713,55.18],[108.713,55.103],[108.677,55.062],[108.677,54.969],[108.713,54.944],[108.713,54.912],[108.677,54.879],[108.677,54.676],[108.605,54.647],[108.569,54.578],[108.533,54.538],[108.605,54.538],[108.533,54.493],[108.461,54.025],[108.065,53.293],[107.561,52.972],[106.517,52.589],[106.049,52.268],[105.365,51.776],[104.644,51.544],[104.644,51.451],[104.572,51.455],[104.572,51.324],[104.536,51.284],[104.5,51.308],[104.428,51.296],[104.392,51.268],[104.212,51.259],[104.104,51.194],[103.996,51.19],[103.924,51.133],[103.816,51.117],[103.78,51.162],[103.78,51.202],[103.816,51.263],[103.816,51.377],[103.744,51.418],[103.672,51.442],[103.564,51.455],[103.348,51.438],[103.348,51.442],[103.276,51.479],[103.24,51.495],[103.24,51.556],[103.204,51.589],[103.204,51.617],[103.24,51.65],[103.24,51.699],[103.132,51.857],[103.024,51.869],[103.024,51.898],[102.844,51.935],[102.844,51.971],[102.772,52.008],[102.628,52.109],[102.592,52.126],[102.556,52.15],[102.556,52.227],[102.376,52.26],[102.304,52.244],[102.196,52.256],[102.124,52.272],[102.052,52.248],[101.98,52.236],[101.944,52.256],[101.908,52.305],[101.656,52.37],[101.656,52.398],[101.62,52.492],[101.404,52.585],[101.368,52.634],[101.224,52.687],[101.08,52.72],[101.08,52.76],[100.9,52.817],[100.828,52.854],[100.756,52.927],[100.648,52.959],[100.612,52.996],[100.504,53.029],[100.432,53.057],[100.36,53.143],[100.36,53.281],[100.288,53.362],[100.288,53.391],[100.18,53.415],[100.108,53.387],[100.108,53.326],[100.036,53.321],[99.928,53.342],[99.856,53.334],[99.856,53.236],[99.712,53.191],[99.676,53.167],[99.532,53.13],[99.424,53.147],[99.352,53.122],[99.352,53.057],[99.316,53.033],[99.208,53.016],[99.208,52.959],[99.208,52.931],[98.992,53.012],[98.884,53.057],[98.956,53.11],[98.812,53.159],[98.704,53.122],[98.668,53.163],[98.56,53.163],[98.56,53.134],[98.488,53.122],[98.38,53.126],[98.236,53.102],[98.164,53.106],[98.164,53.212],[98.056,53.244],[97.984,53.236],[97.912,53.289],[97.912,53.362],[97.84,53.378],[97.768,53.366],[97.696,53.395],[97.588,53.399],[97.516,53.382],[97.48,53.448],[97.408,53.456],[97.336,53.496],[97.264,53.557],[97.192,53.606],[97.048,53.606],[97.012,53.651],[96.94,53.659],[96.832,53.749],[96.688,53.744],[96.616,53.667],[96.508,53.683],[96.436,53.704],[96.292,53.797],[96.22,53.834],[96.076,53.984],[95.968,53.989],[95.968,54.025],[95.968,54.082],[95.788,54.167],[95.644,54.237],[95.572,54.245],[95.608,54.314],[95.608,54.35],[95.644,54.42],[95.788,54.428],[95.896,54.444],[95.932,54.477],[95.932,54.529],[95.968,54.574],[96.148,54.546],[96.22,54.566],[96.292,54.562],[96.364,54.538],[96.436,54.538],[96.436,54.59],[96.508,54.721],[96.544,54.782],[96.616,54.859],[96.616,54.932],[96.544,54.969],[96.544,55.013],[96.544,55.066],[96.544,55.131],[96.616,55.18],[96.544,55.266],[96.616,55.27],[96.688,55.302],[96.796,55.314],[96.832,55.331],[96.76,55.375],[96.724,55.432],[96.76,55.506],[96.724,55.546],[96.76,55.607],[96.616,55.644],[96.688,55.689],[96.616,55.741],[96.688,55.79],[96.868,55.88],[96.868,56.018],[97.012,56.03],[97.084,56.108],[97.192,56.099],[97.264,56.055],[97.372,56.124],[97.372,56.221],[97.48,56.217],[97.444,56.274],[97.48,56.384],[97.516,56.392],[97.804,56.409],[97.804,56.482],[97.84,56.551],[97.696,56.587],[97.696,56.657],[97.732,56.795],[97.588,56.807],[97.516,56.787],[97.444,56.803],[97.408,56.844],[97.408,56.888],[97.516,56.921],[97.516,56.974],[97.264,57.055],[97.336,57.157],[97.66,57.572],[97.84,57.808],[98.38,57.791],[98.704,57.787],[98.776,57.73],[98.884,57.722],[98.992,57.734],[99.064,57.787],[99.136,57.775],[99.352,57.804],[99.352,57.873],[99.424,57.893],[99.424,57.958],[99.532,57.991],[99.532,58.072],[99.712,58.088],[99.784,58.06],[99.928,58.088],[100.0,58.064],[100.036,58.027],[99.964,57.95],[100.0,57.901],[100.0,57.865],[100.072,57.836],[100.108,57.836],[100.252,57.816],[100.252,57.775],[100.324,57.734],[100.288,57.686],[100.36,57.641],[100.324,57.6],[100.36,57.551],[100.432,57.503],[100.504,57.482],[100.612,57.429],[100.648,57.425],[100.72,57.486],[100.828,57.474],[100.828,57.503],[100.828,57.576],[100.756,57.596],[100.72,57.682],[100.72,57.722],[100.756,57.783],[100.72,57.832],[100.72,57.881],[100.756,57.889],[100.828,57.865],[100.972,57.877],[100.972,57.938],[101.044,57.97],[101.152,58.048],[101.08,58.072],[101.08,58.117],[101.188,58.137],[101.26,58.198],[101.332,58.231],[101.476,58.247],[101.548,58.312],[101.62,58.418],[101.656,58.462],[101.944,58.483],[102.052,58.511],[102.16,58.548],[102.196,58.601],[102.268,58.641],[102.448,58.686],[102.484,58.751],[102.484,58.89],[102.376,58.922],[102.304,59.044],[102.304,59.117],[102.376,59.166],[102.52,59.186],[102.628,59.219],[102.7,59.203],[102.772,59.247],[102.88,59.308],[103.024,59.272],[103.132,59.296],[103.276,59.284],[103.276,59.252],[103.168,59.252],[103.168,59.191],[103.276,59.121],[103.276,59.064],[103.348,59.028],[103.456,58.951],[103.672,58.91],[103.816,58.914],[103.888,58.894],[103.888,58.743],[104.068,58.78],[104.176,58.772],[104.212,58.723],[104.248,58.715],[104.248,58.625],[104.428,58.609],[104.5,58.637],[104.572,58.637],[104.752,58.69],[104.824,58.739],[104.752,58.768],[104.716,58.824],[104.716,58.873],[104.896,58.975],[105.077,59.036],[105.221,59.064],[105.293,59.101],[105.293,59.231],[105.149,59.28],[105.113,59.321],[105.149,59.365],[105.149,59.443],[104.968,59.443],[104.824,59.54],[104.824,59.601],[104.752,59.675],[104.824,59.723],[104.968,59.76],[105.041,59.858],[105.293,59.849],[105.509,59.849],[105.473,59.886],[105.401,59.931],[105.401,59.955],[105.473,60.008],[105.401,60.065],[105.437,60.264],[105.293,60.256],[105.221,60.293],[105.149,60.276],[105.077,60.281],[104.896,60.317],[104.824,60.366],[104.572,60.508],[104.464,60.602],[104.572,60.712],[104.536,60.748],[104.464,60.76],[104.464,60.801],[104.572,60.834],[104.536,60.911],[104.572,61.037],[104.716,61.061],[104.716,61.106],[104.86,61.131],[104.968,61.188],[104.968,61.257],[104.896,61.297],[104.896,61.326],[104.968,61.371],[105.221,61.415],[105.221,61.452],[105.365,61.493],[105.545,61.566],[105.617,61.606],[105.797,61.611],[105.941,61.663],[105.941,61.7],[105.869,61.794],[105.941,61.834],[106.157,61.916],[106.265,61.981],[106.373,62.001],[106.445,62.176],[106.373,62.2],[106.373,62.233],[106.445,62.282],[106.481,62.335],[106.517,62.355],[106.661,62.408],[106.733,62.469],[106.733,62.522],[106.805,62.546],[106.805,62.579],[106.661,62.591],[106.517,62.611],[106.481,62.656],[106.517,62.709],[106.373,62.814],[106.265,62.859],[106.193,62.9],[106.193,63.022],[106.337,63.03],[106.409,63.054],[106.445,63.164],[106.373,63.205],[106.409,63.274],[106.481,63.294],[106.589,63.258],[106.697,63.282],[106.733,63.323],[106.697,63.355],[106.517,63.429],[106.517,63.481],[106.661,63.563],[106.625,63.616],[106.661,63.689],[106.733,63.73],[106.769,63.795],[106.697,63.929],[106.733,63.949],[106.841,63.929],[107.093,63.86],[107.237,63.917],[107.381,63.852],[107.489,63.839],[107.597,63.86],[107.633,63.929],[107.813,63.949],[107.957,63.941],[108.209,63.957],[108.281,63.921],[108.389,64.039],[108.281,64.108],[108.281,64.149],[108.209,64.201],[108.065,64.23],[108.137,64.258],[108.317,64.234],[108.389,64.279],[108.461,64.275],[108.533,64.25],[108.461,64.21],[108.569,64.181],[108.533,64.124],[108.569,64.031],[108.605,63.994],[108.785,63.986],[108.857,63.941],[108.785,63.856],[108.857,63.835],[108.857,63.803],[108.713,63.758],[108.569,63.742],[108.389,63.754],[108.353,63.746],[108.353,63.685],[108.245,63.595],[108.209,63.551],[108.245,63.51],[108.461,63.547],[108.641,63.547],[108.893,63.486],[109.109,63.502],[109.181,63.457],[109.181,63.4],[109.289,63.355],[109.289,63.319],[109.433,63.331],[109.433,63.246],[109.505,63.038],[109.505,62.928],[109.541,62.884],[109.649,62.839],[109.685,62.774],[109.505,62.701],[109.433,62.623],[109.361,62.599],[109.361,62.558],[109.325,62.53],[109.325,62.448],[109.361,62.396],[109.433,62.347],[109.577,62.383],[109.685,62.371],[109.901,62.383],[109.937,62.371],[109.901,62.343],[109.973,62.257],[109.937,62.229],[110.009,62.139],[109.937,62.107],[109.901,62.066],[109.937,62.005],[109.685,61.964],[109.577,61.863],[109.577,61.806],[109.613,61.696],[109.685,61.611],[109.865,61.525],[109.829,61.456],[109.829,61.342],[109.757,61.301],[109.865,61.257],[109.937,61.249],[110.009,61.265],[110.081,61.22],[110.153,61.163],[110.261,61.122],[110.405,61.135],[110.549,61.098],[110.513,61.037],[110.513,60.948],[110.405,60.891],[110.261,60.793],[110.333,60.744],[110.261,60.671],[110.081,60.659],[110.009,60.63],[110.153,60.602],[110.009,60.549],[110.009,60.508],[109.901,60.464],[109.937,60.39],[109.829,60.358],[109.757,60.329],[109.757,60.276],[109.685,60.228],[109.649,60.098],[109.685,60.016],[109.613,59.927],[109.613,59.862],[109.505,59.78],[109.433,59.744],[109.433,59.683],[109.433,59.65],[109.433,59.581],[109.253,59.475],[109.217,59.43],[109.289,59.406],[109.217,59.369],[109.181,59.317],[109.289,59.284],[109.361,59.288],[109.361,59.272],[109.433,59.203],[109.505,59.182],[109.541,59.134],[109.541,59.056],[109.577,59.036],[109.685,59.06],[109.685,59.016],[109.685,58.967],[109.865,58.991],[110.153,58.971],[110.225,58.983],[110.333,59.02],[110.405,59.024],[110.585,59.138],[110.585,59.195],[110.657,59.235],[110.729,59.239],[110.945,59.211],[111.053,59.231],[111.125,59.191],[111.197,59.186],[111.233,59.231],[111.377,59.256],[111.449,59.256],[111.521,59.207],[111.593,59.195],[111.629,59.252],[111.953,59.288],[112.025,59.353],[112.097,59.398],[112.241,59.475],[112.241,59.443],[112.277,59.41],[112.277,59.349],[112.241,59.3],[112.277,59.276],[112.421,59.304],[112.493,59.292],[112.601,59.304],[112.601,59.215],[112.421,59.166],[112.385,59.134],[112.385,59.073],[112.421,59.036],[112.349,58.942],[112.385,58.885],[112.385,58.845],[112.457,58.845],[112.529,58.869],[112.565,58.934],[112.529,59.007],[112.529,59.056],[112.601,59.081],[112.601,59.032],[112.709,58.991],[112.781,59.007],[112.781,59.06],[112.853,59.077],[112.853,59.117],[112.925,59.113],[113.141,59.158],[113.249,59.154],[113.357,59.186],[113.393,59.215],[113.465,59.247],[113.465,59.3],[113.429,59.345],[113.429,59.402],[113.465,59.426],[113.573,59.455],[113.573,59.536],[113.717,59.593],[113.825,59.597],[113.825,59.638],[113.825,59.675],[113.969,59.679],[113.969,59.723],[114.005,59.74],[114.077,59.727],[114.149,59.736],[114.149,59.801],[114.221,59.858],[114.437,59.939],[114.545,59.951],[114.545,59.996],[114.473,60.012],[114.473,60.057],[114.617,60.118],[114.689,60.183],[114.869,60.179],[114.977,60.199],[115.05,60.264],[115.05,60.333],[115.086,60.374],[115.23,60.476],[115.302,60.443],[115.41,60.447],[115.554,60.484],[115.662,60.525],[115.77,60.525],[115.77,60.504],[115.878,60.48],[115.878,60.443],[116.022,60.443],[116.13,60.411],[116.13,60.382],[116.274,60.382],[116.31,60.346],[116.49,60.354],[116.598,60.285],[116.706,60.272],[116.778,60.207],[116.886,60.199],[116.994,60.114],[116.994,60.041],[117.066,60.008],[117.174,60.032],[117.282,60.037],[117.282,60.008],[117.21,59.967],[117.21,59.927],[117.102,59.906],[117.03,59.862],[117.138,59.821],[117.138,59.634],[117.102,59.581],[117.138,59.532],[117.282,59.479],[117.354,59.475],[117.462,59.492],[117.57,59.471],[117.642,59.516],[117.714,59.536],[117.75,59.479],[117.75,59.439],[117.822,59.414],[117.93,59.443],[117.93,59.504],[117.966,59.536],[118.038,59.553],[118.038,59.597],[118.182,59.589],[118.218,59.601],[118.326,59.548],[118.326,59.508],[118.362,59.475],[118.47,59.471],[118.542,59.443],[118.722,59.414],[118.83,59.296],[118.794,59.256],[118.686,59.195],[118.686,59.121],[118.758,59.007],[118.794,58.983],[118.794,58.942],[118.758,58.914],[118.758,58.857],[118.83,58.8],[118.83,58.702],[118.758,58.641],[118.758,58.593],[118.974,58.528],[118.974,58.511],[119.082,58.487],[119.082,58.434],[119.046,58.393],[119.046,58.357],[119.118,58.308],[119.082,58.223]],[[59.388,61.7],[59.46,61.651],[59.496,61.578],[59.388,61.399],[59.316,61.342],[59.316,61.192],[59.352,61.135],[59.352,61.082],[59.496,60.923],[59.496,60.765],[59.424,60.671],[59.388,60.573],[59.208,60.35],[59.244,60.305],[59.244,60.252],[59.172,60.171],[59.064,59.984],[59.028,59.955],[58.956,59.947],[58.848,59.878],[58.776,59.853],[58.74,59.805],[58.632,59.731],[58.56,59.626],[58.488,59.487],[58.596,59.443],[58.74,59.325],[58.848,59.292],[58.992,59.284],[59.1,59.203],[59.172,59.17],[59.136,59.125],[59.136,59.077],[59.208,59.007],[59.208,58.983],[59.1,58.926],[59.1,58.837],[59.172,58.82],[59.208,58.768],[59.28,58.739],[59.424,58.755],[59.46,58.735],[59.424,58.711],[59.424,58.641],[59.46,58.597],[59.46,58.544],[59.424,58.499],[59.352,58.483],[59.244,58.426],[59.208,58.353],[59.136,58.332],[58.992,58.345],[58.884,58.284],[58.812,58.263],[58.74,58.19],[58.596,58.092],[58.632,58.035],[58.596,57.999],[58.704,57.938],[58.776,57.913],[58.848,57.917],[58.884,57.881],[58.884,57.787],[58.668,57.714],[58.56,57.625],[58.524,57.616],[58.488,57.682],[58.488,57.73],[58.308,57.722],[58.164,57.755],[58.056,57.706],[58.056,57.653],[57.984,57.588],[57.984,57.478],[57.912,57.401],[57.912,57.36],[58.056,57.287],[57.984,57.259],[57.984,57.202],[58.092,57.132],[58.056,57.112],[58.092,57.067],[58.056,57.055],[58.02,57.096],[57.948,57.096],[57.876,57.031],[57.768,56.998],[57.696,56.929],[57.588,56.909],[57.372,56.958],[57.3,56.945],[57.264,56.909],[57.264,56.84],[57.372,56.726],[57.444,56.673],[57.444,56.636],[57.372,56.587],[57.408,56.543],[57.372,56.514],[57.372,56.396],[57.408,56.343],[57.264,56.262],[57.192,56.189],[57.12,56.152],[57.048,56.148],[56.94,56.116],[56.868,56.116],[56.724,56.225],[56.724,56.242],[56.58,56.315],[56.58,56.356],[56.508,56.384],[56.4,56.38],[56.256,56.315],[56.148,56.307],[56.112,56.287],[56.04,56.307],[56.04,56.356],[55.968,56.388],[55.896,56.453],[55.86,56.502],[55.788,56.506],[55.572,56.465],[55.464,56.4],[55.356,56.388],[55.176,56.445],[55.104,56.449],[55.068,56.404],[54.959,56.4],[54.851,56.457],[54.743,56.47],[54.707,56.539],[54.635,56.559],[54.563,56.539],[54.527,56.514],[54.491,56.449],[54.419,56.392],[54.419,56.372],[54.347,56.437],[54.347,56.498],[54.239,56.514],[54.167,56.587],[54.095,56.616],[54.095,56.657],[54.131,56.681],[54.059,56.701],[53.951,56.669],[53.951,56.612],[53.879,56.657],[53.879,56.726],[53.843,56.766],[53.879,56.819],[54.059,56.84],[54.167,56.921],[54.167,56.962],[54.203,56.994],[54.275,57.031],[54.419,57.067],[54.419,57.108],[54.347,57.116],[54.311,57.157],[54.347,57.173],[54.347,57.218],[54.311,57.255],[54.311,57.324],[54.203,57.324],[54.167,57.344],[54.203,57.413],[54.275,57.454],[54.239,57.503],[54.167,57.551],[54.059,57.576],[54.059,57.596],[54.131,57.653],[54.131,57.739],[54.203,57.832],[54.167,57.852],[54.131,57.913],[54.131,57.991],[53.951,58.109],[53.951,58.137],[53.879,58.182],[53.807,58.251],[53.879,58.292],[53.879,58.369],[53.807,58.422],[53.771,58.491],[53.771,58.532],[53.735,58.58],[53.735,58.633],[53.771,58.662],[53.735,58.702],[53.735,58.747],[53.879,58.788],[53.879,58.804],[53.771,58.861],[53.735,59.007],[53.843,59.069],[53.843,59.093],[53.735,59.13],[53.663,59.113],[53.555,59.138],[53.519,59.158],[53.375,59.158],[53.267,59.264],[53.195,59.357],[53.303,59.435],[53.303,59.463],[53.375,59.512],[53.411,59.561],[53.447,59.699],[53.555,59.711],[53.555,59.74],[53.627,59.833],[53.627,59.874],[53.663,59.91],[53.663,60.069],[53.627,60.11],[53.519,60.15],[53.519,60.187],[53.447,60.232],[53.375,60.215],[53.339,60.138],[52.763,60.191],[52.583,60.199],[52.367,60.236],[52.295,60.264],[52.367,60.337],[52.331,60.394],[52.331,60.455],[52.151,60.492],[52.151,60.537],[51.755,60.614],[51.899,60.878],[51.899,60.899],[52.331,60.858],[52.475,60.98],[52.763,60.968],[52.871,61.086],[53.447,61.053],[53.339,60.899],[53.843,60.858],[53.879,60.988],[54.995,60.903],[55.104,61.049],[55.212,61.037],[55.32,61.159],[55.788,61.143],[55.896,61.297],[56.292,61.249],[56.472,61.46],[56.58,61.452],[56.652,61.525],[56.688,61.521],[56.76,61.562],[56.832,61.541],[57.12,61.501],[57.228,61.533],[57.372,61.533],[57.624,61.513],[58.02,61.509],[58.452,61.517],[58.848,61.517],[58.92,61.545],[59.028,61.545],[59.136,61.582],[59.136,61.631],[59.352,61.676],[59.388,61.7]],[[167.687,54.782],[167.723,54.729],[167.759,54.729],[167.759,54.684],[167.867,54.676],[167.867,54.643],[167.939,54.647],[167.939,54.595],[168.011,54.578],[168.011,54.538],[168.083,54.509],[168.047,54.509],[167.939,54.554],[167.939,54.59],[167.867,54.603],[167.831,54.643],[167.723,54.656],[167.687,54.708],[167.615,54.717],[167.615,54.737],[167.543,54.749],[167.435,54.83],[167.435,54.863],[167.543,54.839],[167.543,54.794],[167.687,54.782]],[[166.139,55.319],[166.283,55.323],[166.283,55.282],[166.247,55.282],[166.247,55.164],[166.283,55.164],[166.283,55.111],[166.355,55.095],[166.355,55.05],[166.391,55.05],[166.391,55.001],[166.427,55.001],[166.427,54.965],[166.535,54.916],[166.607,54.916],[166.607,54.879],[166.643,54.875],[166.643,54.79],[166.679,54.79],[166.679,54.68],[166.571,54.717],[166.571,54.757],[166.499,54.773],[166.499,54.834],[166.355,54.83],[166.355,54.863],[166.283,54.875],[166.283,54.916],[166.175,54.944],[166.175,55.009],[166.067,55.058],[166.067,55.156],[165.995,55.188],[165.995,55.229],[165.887,55.249],[165.887,55.262],[165.779,55.282],[165.815,55.31],[165.887,55.314],[165.959,55.331],[165.995,55.363],[166.067,55.347],[166.067,55.331],[166.139,55.319]],[[162.358,61.781],[162.286,61.879],[162.358,61.912],[162.43,61.903],[162.538,61.981],[162.502,62.05],[162.286,62.07],[162.214,62.107],[162.214,62.139],[162.43,62.172],[162.646,62.221],[162.754,62.261],[162.79,62.29],[162.754,62.33],[162.754,62.379],[162.79,62.44],[162.682,62.546],[162.79,62.599],[162.826,62.644],[162.754,62.668],[162.646,62.668],[162.61,62.688],[162.682,62.741],[162.61,62.782],[162.43,62.843],[162.286,62.859],[162.286,62.916],[162.358,63.054],[162.43,63.087],[162.502,63.071],[162.61,63.083],[162.718,63.148],[162.826,63.172],[162.826,63.193],[162.754,63.233],[162.79,63.282],[162.754,63.368],[162.898,63.392],[163.078,63.498],[163.078,63.579],[163.006,63.624],[162.898,63.648],[162.898,63.689],[162.79,63.726],[162.826,63.787],[162.97,63.86],[162.97,63.986],[162.826,64.071],[162.862,64.12],[162.97,64.153],[163.222,64.165],[163.294,64.201],[163.222,64.23],[163.402,64.307],[163.51,64.34],[163.51,64.372],[163.402,64.413],[163.402,64.458],[163.33,64.482],[163.258,64.539],[163.222,64.604],[163.222,64.665],[163.222,64.71],[163.15,64.742],[163.15,64.775],[163.222,64.791],[163.33,64.783],[163.438,64.828],[163.546,64.913],[163.582,64.889],[163.726,64.885],[163.798,64.852],[163.978,64.852],[164.05,64.889],[164.194,64.889],[164.554,64.791],[164.59,64.763],[164.698,64.763],[164.77,64.73],[164.842,64.657],[164.878,64.645],[164.95,64.665],[164.95,64.71],[164.914,64.755],[164.95,64.791],[165.095,64.807],[165.203,64.795],[165.275,64.759],[165.275,64.718],[165.491,64.71],[165.671,64.71],[165.707,64.681],[165.707,64.637],[165.779,64.584],[165.743,64.527],[165.815,64.51],[165.923,64.523],[166.031,64.584],[166.139,64.559],[166.319,64.547],[166.463,64.47],[166.643,64.494],[166.751,64.486],[166.931,64.515],[167.039,64.576],[167.111,64.584],[167.147,64.535],[167.255,64.47],[167.363,64.417],[167.507,64.384],[167.507,64.332],[167.579,64.271],[167.723,64.291],[167.759,64.246],[167.831,64.23],[168.011,64.25],[168.083,64.283],[168.155,64.266],[168.335,64.287],[168.371,64.21],[168.443,64.165],[168.659,64.144],[168.659,64.047],[168.731,63.974],[168.839,63.933],[168.875,63.9],[169.091,63.884],[169.199,63.864],[169.199,63.811],[169.343,63.77],[169.343,63.709],[169.451,63.579],[169.379,63.538],[169.379,63.514],[169.271,63.469],[169.127,63.453],[169.019,63.42],[168.947,63.347],[168.803,63.327],[168.767,63.274],[168.695,63.25],[168.695,63.176],[168.623,63.164],[168.551,63.115],[168.443,63.103],[168.407,63.063],[168.299,63.05],[168.299,63.006],[168.443,62.953],[168.551,62.932],[168.623,62.892],[168.803,62.859],[168.947,62.875],[169.163,62.814],[169.235,62.774],[169.415,62.717],[169.523,62.619],[169.631,62.623],[169.703,62.587],[169.811,62.583],[169.847,62.526],[169.847,62.452],[169.919,62.4],[169.919,62.363],[169.991,62.318],[170.027,62.261],[170.027,62.221],[170.099,62.196],[170.171,62.212],[170.207,62.249],[170.495,62.212],[170.603,62.172],[170.711,62.172],[170.711,62.204],[170.891,62.217],[170.891,62.257],[170.999,62.261],[171.035,62.306],[171.107,62.318],[171.107,62.249],[171.179,62.253],[171.215,62.282],[171.251,62.274],[171.215,62.233],[171.395,62.253],[171.467,62.278],[171.683,62.306],[171.683,62.335],[171.935,62.408],[172.043,62.387],[172.115,62.347],[172.259,62.351],[172.331,62.379],[172.475,62.391],[172.655,62.359],[172.763,62.31],[172.835,62.347],[172.943,62.359],[173.087,62.404],[173.411,62.469],[173.519,62.477],[173.663,62.501],[173.771,62.485],[173.843,62.44],[173.951,62.436],[174.059,62.4],[174.095,62.33],[173.987,62.29],[173.915,62.237],[174.023,62.208],[174.059,62.151],[174.059,62.09],[174.131,62.066],[174.239,62.078],[174.275,62.046],[174.275,61.997],[174.347,61.964],[174.383,61.903],[174.455,61.867],[174.455,61.826],[174.239,61.806],[174.203,61.826],[174.095,61.83],[174.023,61.814],[174.059,61.769],[174.023,61.737],[174.023,61.7],[173.915,61.692],[173.843,61.643],[173.807,61.68],[173.699,61.708],[173.699,61.728],[173.627,61.737],[173.519,61.724],[173.519,61.647],[173.483,61.647],[173.483,61.578],[173.519,61.562],[173.483,61.537],[173.375,61.541],[173.303,61.513],[173.339,61.472],[173.303,61.444],[173.159,61.391],[173.087,61.383],[172.943,61.432],[172.907,61.464],[172.763,61.423],[172.727,61.399],[172.871,61.35],[172.943,61.338],[172.979,61.281],[172.907,61.257],[172.691,61.322],[172.763,61.277],[172.835,61.265],[172.763,61.249],[172.655,61.196],[172.655,61.167],[172.511,61.171],[172.439,61.208],[172.331,61.196],[172.367,61.159],[172.439,61.143],[172.403,61.11],[172.475,61.066],[172.475,61.033],[172.367,61.005],[172.259,61.013],[172.223,61.045],[172.043,61.09],[172.043,61.074],[172.187,61.025],[172.187,60.98],[172.223,60.944],[172.151,60.927],[172.079,60.874],[172.079,60.838],[171.971,60.887],[171.971,60.834],[171.827,60.817],[171.791,60.846],[171.719,60.838],[171.611,60.777],[171.647,60.773],[171.647,60.716],[171.539,60.716],[171.467,60.699],[171.431,60.663],[171.395,60.663],[171.395,60.614],[171.287,60.598],[171.179,60.549],[171.071,60.541],[171.035,60.521],[170.927,60.492],[170.855,60.488],[170.819,60.435],[170.747,60.398],[170.639,60.398],[170.639,60.35],[170.711,60.342],[170.711,60.317],[170.639,60.281],[170.567,60.276],[170.459,60.171],[170.459,59.996],[170.423,59.955],[170.279,59.927],[170.243,59.955],[170.135,59.971],[170.171,60.012],[170.027,60.061],[169.955,60.069],[169.955,60.13],[169.883,60.159],[169.883,60.236],[169.775,60.264],[169.775,60.317],[169.739,60.329],[169.739,60.398],[169.523,60.46],[169.415,60.512],[169.235,60.541],[169.055,60.557],[168.731,60.565],[168.623,60.549],[168.623,60.577],[168.515,60.598],[168.299,60.594],[168.155,60.565],[168.083,60.557],[167.867,60.504],[167.831,60.525],[167.759,60.525],[167.795,60.48],[167.687,60.472],[167.615,60.439],[167.471,60.423],[167.363,60.378],[167.219,60.342],[167.147,60.35],[167.039,60.398],[167.075,60.354],[167.075,60.309],[166.967,60.301],[166.967,60.272],[166.895,60.248],[166.895,60.228],[166.823,60.228],[166.823,60.179],[166.751,60.138],[166.751,60.106],[166.571,60.004],[166.571,59.988],[166.499,59.976],[166.427,59.914],[166.391,59.914],[166.391,59.866],[166.319,59.817],[166.103,59.801],[166.103,59.902],[166.175,59.98],[166.175,60.081],[166.211,60.098],[166.211,60.138],[166.283,60.142],[166.319,60.191],[166.283,60.224],[166.283,60.333],[166.247,60.366],[166.319,60.374],[166.391,60.403],[166.355,60.451],[166.247,60.468],[166.103,60.423],[166.031,60.394],[165.995,60.354],[165.815,60.317],[165.779,60.268],[165.527,60.215],[165.527,60.199],[165.383,60.171],[165.239,60.085],[165.167,60.102],[165.023,60.098],[165.059,60.061],[165.095,60.085],[165.167,60.085],[165.131,60.049],[165.239,59.988],[165.167,59.971],[165.167,59.923],[165.131,59.87],[165.059,59.841],[164.986,59.837],[164.842,59.784],[164.806,59.805],[164.806,59.898],[164.77,59.898],[164.77,59.951],[164.734,59.951],[164.734,59.996],[164.626,60.016],[164.59,60.069],[164.518,60.102],[164.446,60.11],[164.374,60.089],[164.302,60.049],[164.338,59.984],[164.23,59.967],[164.158,59.943],[164.122,59.886],[164.23,59.866],[164.086,59.862],[164.086,59.914],[164.122,59.914],[164.158,59.955],[164.23,59.971],[164.122,59.984],[163.978,60.024],[163.834,59.988],[163.762,59.951],[163.726,59.886],[163.69,59.878],[163.582,59.89],[163.51,59.882],[163.438,59.829],[163.402,59.768],[163.366,59.748],[163.438,59.622],[163.402,59.597],[163.258,59.589],[163.186,59.524],[163.222,59.524],[163.222,59.471],[163.294,59.426],[163.33,59.426],[163.33,59.288],[163.186,59.284],[163.078,59.264],[163.078,59.178],[163.258,59.121],[163.258,59.064],[163.222,59.089],[163.114,59.105],[163.114,59.134],[163.042,59.138],[162.898,59.125],[162.934,59.064],[162.97,59.064],[162.97,59.028],[163.006,59.003],[163.078,58.995],[163.042,58.946],[162.97,58.934],[162.97,58.967],[162.898,58.959],[162.898,58.93],[162.826,58.914],[162.826,58.873],[162.682,58.865],[162.682,58.82],[162.754,58.82],[162.718,58.796],[162.61,58.772],[162.574,58.788],[162.574,58.751],[162.502,58.735],[162.358,58.593],[162.322,58.593],[162.322,58.552],[162.286,58.552],[162.286,58.519],[162.25,58.519],[162.25,58.479],[162.214,58.479],[162.214,58.442],[162.178,58.442],[162.178,58.397],[162.142,58.397],[162.142,58.357],[162.106,58.357],[162.106,58.279],[162.07,58.279],[162.07,58.218],[162.034,58.218],[162.034,58.166],[161.998,58.166],[161.998,57.999],[161.926,57.995],[161.926,57.958],[162.034,57.966],[162.034,57.913],[162.142,57.836],[162.286,57.787],[162.43,57.767],[162.43,57.722],[162.394,57.69],[162.322,57.669],[162.394,57.665],[162.466,57.682],[162.466,57.722],[162.502,57.722],[162.502,57.881],[162.538,57.881],[162.574,57.938],[162.718,57.93],[162.79,57.905],[162.862,57.905],[162.862,57.881],[162.934,57.869],[162.97,57.84],[163.078,57.816],[163.222,57.82],[163.258,57.751],[163.294,57.751],[163.294,57.694],[163.222,57.673],[163.222,57.58],[163.15,57.576],[163.114,57.547],[163.114,57.478],[163.006,57.462],[162.97,57.438],[162.898,57.438],[162.862,57.389],[162.79,57.372],[162.79,57.316],[162.754,57.311],[162.754,57.234],[162.79,57.226],[162.79,57.116],[162.826,57.116],[162.826,57.071],[162.862,57.059],[162.862,56.998],[162.826,56.998],[162.826,56.905],[162.79,56.901],[162.79,56.742],[162.898,56.685],[162.97,56.693],[163.042,56.73],[163.222,56.734],[163.258,56.705],[163.258,56.636],[163.222,56.596],[163.258,56.596],[163.258,56.429],[163.294,56.429],[163.294,56.388],[163.33,56.388],[163.33,56.213],[163.366,56.181],[163.294,56.144],[163.186,56.136],[163.114,56.075],[163.078,56.067],[163.078,56.03],[163.042,56.002],[162.898,56.018],[162.79,56.067],[162.754,56.103],[162.754,56.148],[162.682,56.169],[162.646,56.25],[162.718,56.262],[162.718,56.303],[162.754,56.307],[162.754,56.352],[162.898,56.36],[162.934,56.376],[162.934,56.409],[163.078,56.445],[163.114,56.47],[163.114,56.522],[162.97,56.531],[162.97,56.482],[162.934,56.478],[162.934,56.437],[162.862,56.433],[162.754,56.482],[162.646,56.478],[162.646,56.441],[162.61,56.429],[162.502,56.429],[162.502,56.392],[162.394,56.388],[162.394,56.364],[162.466,56.356],[162.466,56.331],[162.538,56.323],[162.574,56.295],[162.574,56.246],[162.502,56.213],[162.43,56.213],[162.322,56.173],[162.214,56.14],[162.106,56.091],[162.07,56.091],[162.07,55.998],[162.034,55.998],[162.034,55.929],[161.962,55.904],[161.962,55.855],[161.926,55.855],[161.926,55.77],[161.854,55.737],[161.854,55.705],[161.818,55.705],[161.818,55.656],[161.782,55.656],[161.782,55.587],[161.746,55.583],[161.746,55.27],[161.782,55.27],[161.782,55.188],[161.818,55.184],[161.818,55.123],[161.854,55.123],[161.854,55.074],[161.89,55.054],[161.962,55.038],[161.962,55.001],[161.998,55.001],[161.998,54.973],[162.07,54.94],[162.07,54.883],[162.142,54.867],[162.142,54.834],[162.106,54.834],[162.106,54.79],[162.142,54.79],[162.142,54.749],[162.07,54.733],[162.07,54.712],[161.998,54.7],[161.998,54.664],[161.89,54.635],[161.89,54.615],[161.818,54.595],[161.782,54.566],[161.782,54.529],[161.71,54.501],[161.674,54.513],[161.35,54.501],[161.278,54.485],[161.206,54.509],[161.206,54.586],[161.026,54.59],[160.846,54.566],[160.738,54.517],[160.594,54.481],[160.486,54.403],[160.414,54.391],[160.378,54.346],[160.342,54.346],[160.342,54.31],[160.27,54.294],[160.198,54.237],[160.09,54.212],[160.054,54.159],[159.982,54.159],[159.982,54.05],[159.946,54.045],[159.946,53.989],[159.91,53.989],[159.91,53.928],[159.874,53.928],[159.874,53.85],[159.838,53.85],[159.838,53.663],[159.91,53.655],[159.91,53.594],[159.946,53.594],[159.946,53.468],[159.838,53.5],[159.838,53.525],[159.766,53.505],[159.838,53.484],[159.838,53.391],[159.91,53.391],[159.91,53.321],[159.982,53.33],[159.982,53.305],[159.91,53.285],[159.91,53.24],[160.018,53.256],[160.018,53.212],[160.054,53.212],[160.054,53.098],[159.946,53.106],[159.946,53.13],[159.838,53.159],[159.838,53.175],[159.766,53.187],[159.766,53.24],[159.694,53.216],[159.658,53.252],[159.55,53.248],[159.442,53.212],[159.442,53.179],[159.406,53.151],[159.37,53.167],[159.298,53.167],[159.082,53.098],[158.902,53.012],[158.83,52.988],[158.794,52.959],[158.794,52.923],[158.758,52.903],[158.686,52.886],[158.686,52.964],[158.65,52.98],[158.65,53.033],[158.578,53.045],[158.578,53.057],[158.506,53.057],[158.506,53.029],[158.434,53.021],[158.398,52.976],[158.47,52.976],[158.47,52.959],[158.398,52.947],[158.434,52.894],[158.542,52.89],[158.542,52.915],[158.65,52.919],[158.614,52.894],[158.614,52.813],[158.578,52.813],[158.578,52.776],[158.47,52.776],[158.47,52.732],[158.578,52.715],[158.614,52.679],[158.578,52.679],[158.578,52.65],[158.542,52.622],[158.434,52.63],[158.434,52.577],[158.506,52.565],[158.506,52.459],[158.47,52.431],[158.542,52.427],[158.542,52.362],[158.47,52.333],[158.578,52.325],[158.542,52.313],[158.542,52.268],[158.434,52.268],[158.434,52.227],[158.398,52.227],[158.398,52.13],[158.326,52.138],[158.29,52.093],[158.29,51.963],[158.218,51.935],[158.218,51.906],[158.146,51.878],[158.11,51.849],[158.11,51.804],[158.002,51.776],[158.002,51.723],[157.966,51.723],[157.966,51.686],[157.93,51.686],[157.93,51.65],[157.858,51.597],[157.786,51.585],[157.786,51.552],[157.678,51.552],[157.678,51.532],[157.606,51.528],[157.534,51.463],[157.498,51.459],[157.498,51.414],[157.462,51.414],[157.462,51.349],[157.354,51.341],[157.354,51.308],[157.318,51.308],[157.318,51.272],[157.282,51.272],[157.282,51.239],[157.246,51.239],[157.246,51.202],[157.174,51.19],[157.138,51.158],[157.066,51.145],[157.03,51.089],[156.958,51.068],[156.958,51.048],[156.886,51.015],[156.85,51.015],[156.85,50.983],[156.742,50.901],[156.67,50.881],[156.67,50.906],[156.742,50.93],[156.742,50.979],[156.778,50.979],[156.778,51.072],[156.706,51.089],[156.706,51.211],[156.67,51.211],[156.67,51.251],[156.562,51.259],[156.526,51.296],[156.526,51.442],[156.49,51.442],[156.49,52.105],[156.454,52.105],[156.454,52.252],[156.418,52.252],[156.418,52.353],[156.382,52.353],[156.382,52.427],[156.346,52.431],[156.346,52.492],[156.31,52.492],[156.31,52.565],[156.274,52.565],[156.274,52.638],[156.238,52.638],[156.238,52.699],[156.202,52.699],[156.202,52.768],[156.166,52.768],[156.166,52.846],[156.13,52.846],[156.13,53.057],[156.094,53.057],[156.094,53.269],[156.058,53.269],[156.058,53.415],[156.022,53.415],[156.022,53.557],[155.986,53.557],[155.986,53.732],[155.95,53.736],[155.95,53.866],[155.914,53.866],[155.914,53.993],[155.878,53.993],[155.878,54.094],[155.842,54.094],[155.842,54.188],[155.806,54.188],[155.806,54.281],[155.77,54.281],[155.77,54.387],[155.734,54.387],[155.734,54.509],[155.698,54.509],[155.698,54.639],[155.662,54.639],[155.662,54.794],[155.626,54.794],[155.626,54.94],[155.59,54.944],[155.59,55.115],[155.554,55.115],[155.554,55.457],[155.59,55.457],[155.59,55.595],[155.626,55.595],[155.626,55.798],[155.662,55.798],[155.662,56.026],[155.698,56.026],[155.698,56.075],[155.734,56.083],[155.734,56.152],[155.77,56.152],[155.77,56.238],[155.806,56.238],[155.806,56.323],[155.842,56.323],[155.842,56.392],[155.878,56.392],[155.878,56.47],[155.914,56.47],[155.914,56.567],[155.95,56.567],[155.95,56.644],[155.986,56.644],[155.986,56.697],[156.022,56.697],[156.022,56.73],[156.058,56.73],[156.058,56.779],[156.166,56.819],[156.202,56.791],[156.202,56.852],[156.274,56.856],[156.382,56.897],[156.382,56.917],[156.454,56.929],[156.526,56.99],[156.526,57.027],[156.562,57.031],[156.562,57.067],[156.526,57.096],[156.634,57.063],[156.742,57.063],[156.742,57.132],[156.778,57.132],[156.814,57.173],[156.814,57.206],[156.85,57.21],[156.85,57.255],[156.886,57.255],[156.886,57.291],[156.922,57.295],[156.922,57.34],[156.958,57.34],[156.958,57.389],[156.994,57.389],[156.994,57.568],[156.958,57.568],[156.958,57.625],[156.922,57.625],[156.922,57.673],[156.886,57.702],[156.814,57.718],[156.814,57.771],[156.85,57.791],[156.922,57.8],[156.922,57.824],[157.03,57.848],[157.03,57.804],[157.21,57.767],[157.318,57.767],[157.462,57.787],[157.534,57.816],[157.57,57.848],[157.57,57.934],[157.678,57.974],[157.642,58.003],[157.75,58.007],[157.75,57.995],[157.858,57.978],[158.002,57.978],[158.002,57.999],[158.146,57.999],[158.326,58.064],[158.398,58.105],[158.434,58.145],[158.578,58.202],[158.686,58.275],[158.794,58.304],[158.794,58.316],[158.902,58.345],[158.902,58.361],[159.01,58.389],[159.154,58.467],[159.154,58.511],[159.19,58.511],[159.19,58.544],[159.37,58.617],[159.406,58.67],[159.514,58.702],[159.622,58.784],[159.622,58.837],[159.694,58.833],[159.73,58.849],[159.73,58.894],[159.766,58.898],[159.766,58.971],[159.73,58.971],[159.73,59.012],[159.766,59.044],[159.838,59.064],[159.838,59.125],[159.874,59.146],[160.018,59.191],[160.018,59.215],[160.09,59.239],[160.09,59.268],[160.162,59.28],[160.198,59.329],[160.27,59.329],[160.342,59.345],[160.45,59.422],[160.45,59.479],[160.486,59.479],[160.486,59.557],[160.522,59.548],[160.63,59.561],[160.702,59.589],[160.81,59.597],[160.918,59.626],[160.954,59.662],[160.954,59.711],[160.99,59.707],[161.026,59.74],[161.134,59.756],[161.17,59.813],[161.278,59.845],[161.314,59.874],[161.314,59.923],[161.35,59.947],[161.422,59.959],[161.494,60.041],[161.602,60.053],[161.602,60.065],[161.71,60.098],[161.782,60.13],[161.854,60.146],[161.854,60.179],[161.962,60.224],[161.962,60.301],[161.926,60.309],[161.926,60.382],[161.962,60.415],[162.034,60.423],[162.106,60.48],[162.178,60.48],[162.214,60.521],[162.394,60.529],[162.538,60.602],[162.646,60.59],[162.718,60.602],[162.718,60.622],[162.826,60.651],[162.826,60.679],[162.898,60.724],[162.898,60.752],[163.006,60.773],[163.078,60.748],[163.15,60.748],[163.15,60.777],[163.222,60.793],[163.33,60.797],[163.33,60.76],[163.402,60.789],[163.402,60.809],[163.654,60.866],[163.726,60.846],[163.798,60.919],[163.726,60.923],[163.51,60.992],[163.51,61.029],[163.618,61.045],[163.654,61.066],[163.618,61.106],[163.726,61.139],[163.762,61.171],[163.942,61.212],[163.978,61.273],[164.05,61.33],[163.978,61.415],[163.906,61.44],[163.762,61.423],[163.762,61.464],[163.87,61.562],[163.87,61.643],[163.942,61.663],[164.05,61.672],[164.086,61.716],[164.086,61.863],[164.122,61.887],[164.086,61.924],[164.086,61.989],[164.122,62.001],[164.122,62.078],[164.086,62.09],[164.158,62.127],[164.122,62.147],[164.158,62.184],[164.158,62.265],[164.23,62.282],[164.23,62.306],[164.446,62.347],[164.446,62.391],[164.518,62.396],[164.554,62.44],[164.626,62.452],[164.77,62.452],[164.878,62.416],[165.131,62.404],[165.095,62.444],[165.203,62.461],[165.239,62.485],[165.095,62.485],[165.023,62.513],[164.806,62.558],[164.734,62.558],[164.734,62.595],[164.626,62.668],[164.374,62.68],[164.302,62.656],[164.23,62.66],[164.05,62.648],[163.906,62.574],[163.87,62.599],[163.798,62.599],[163.726,62.579],[163.474,62.538],[163.438,62.546],[163.258,62.505],[163.294,62.461],[163.222,62.416],[163.258,62.371],[163.33,62.367],[163.402,62.326],[163.258,62.314],[163.114,62.229],[163.114,62.131],[163.15,62.099],[163.114,62.066],[163.186,62.066],[163.114,61.964],[163.078,61.973],[163.078,61.891],[163.042,61.875],[163.042,61.83],[162.97,61.806],[163.078,61.749],[163.258,61.728],[163.366,61.696],[163.33,61.655],[163.114,61.606],[163.078,61.57],[163.114,61.533],[163.006,61.513],[162.97,61.578],[162.898,61.582],[162.862,61.611],[162.934,61.635],[162.934,61.68],[162.826,61.708],[162.682,61.667],[162.646,61.667],[162.646,61.615],[162.754,61.611],[162.682,61.594],[162.574,61.647],[162.43,61.667],[162.466,61.696],[162.466,61.749],[162.358,61.781]],[[163.438,58.532],[163.402,58.552],[163.582,58.576],[163.582,58.54],[163.51,58.511],[163.51,58.45],[163.438,58.475],[163.438,58.532]],[[163.582,58.576],[163.582,58.58],[163.58817142857143,58.580971428571424],[163.582,58.576]],[[164.698,59.016],[164.698,58.902],[164.662,58.877],[164.554,58.861],[164.446,58.865],[164.446,58.853],[164.338,58.841],[164.302,58.812],[164.122,58.796],[164.122,58.776],[164.014,58.743],[163.942,58.698],[163.87,58.702],[163.798,58.646],[163.69,58.597],[163.58817142857143,58.580971428571424],[163.618,58.605],[163.618,58.654],[163.654,58.654],[163.654,58.707],[163.726,58.731],[163.726,58.772],[163.762,58.772],[163.762,58.89],[163.834,58.918],[163.834,58.951],[163.87,58.951],[163.942,58.995],[163.942,59.024],[164.05,59.04],[164.374,59.134],[164.374,59.174],[164.446,59.182],[164.59,59.235],[164.59,59.182],[164.626,59.182],[164.626,59.125],[164.734,59.056],[164.734,59.016],[164.698,59.016]],[[164.662,59.589],[164.662,59.622],[164.698,59.622],[164.698,59.589],[164.662,59.589]],[[162.646,61.562],[162.502,61.562],[162.574,61.586],[162.646,61.562]],[[37.246,55.587],[37.246,55.611],[37.318,55.615],[37.318,55.595],[37.246,55.587]],[[37.354,55.965],[37.39,55.986],[37.462,55.981],[37.39,55.933],[37.39,55.876],[37.534,55.9],[37.534,55.953],[37.57,55.953],[37.57,55.912],[37.642,55.896],[37.714,55.896],[37.75,55.855],[37.822,55.831],[37.858,55.786],[37.858,55.721],[37.93,55.721],[37.93,55.709],[37.822,55.685],[37.822,55.636],[37.678,55.571],[37.606,55.575],[37.57,55.558],[37.57,55.506],[37.462,55.534],[37.57,55.563],[37.534,55.571],[37.462,55.615],[37.462,55.64],[37.354,55.619],[37.318,55.652],[37.426,55.676],[37.39,55.697],[37.39,55.729],[37.354,55.737],[37.354,55.79],[37.39,55.811],[37.354,55.827],[37.354,55.965]],[[37.21,55.953],[37.138,55.961],[37.138,56.014],[37.246,56.002],[37.282,55.969],[37.21,55.981],[37.21,55.953]],[[37.977,49.131],[37.981,49.132],[37.985,49.134],[38.012,49.15],[38.016,49.151],[38.021,49.152],[38.062,49.151],[38.067,49.15],[38.07,49.148],[38.07,49.143],[38.063,49.117],[38.062,49.109],[38.062,49.106],[38.063,49.102],[38.063,49.095],[38.062,49.091],[38.06,49.087],[38.058,49.083],[38.055,49.08],[38.044,49.073],[38.041,49.07],[38.043,49.062],[38.049,49.05],[38.078,49.004],[38.078,49.001],[38.078,49.0],[38.077,48.998],[38.076,48.995],[38.074,48.992],[38.07,48.99],[38.065,48.989],[38.049,48.988],[38.045,48.987],[38.043,48.985],[38.043,48.982],[38.042,48.978],[38.04,48.975],[38.036,48.974],[38.025,48.975],[38.02,48.974],[38.016,48.972],[38.013,48.969],[38.01,48.965],[38.009,48.961],[38.008,48.957],[38.01,48.954],[38.016,48.953],[38.021,48.952],[38.028,48.95],[38.035,48.947],[38.045,48.941],[38.051,48.938],[38.058,48.937],[38.171,48.932],[38.21,48.924],[38.213,48.913],[38.225,48.89],[38.228,48.88],[38.23,48.873],[38.23,48.858],[38.231,48.854],[38.235,48.851],[38.243,48.847],[38.257,48.844],[38.263,48.844],[38.275,48.842],[38.279,48.839],[38.281,48.835],[38.281,48.828],[38.279,48.824],[38.279,48.818],[38.283,48.812],[38.292,48.801],[38.296,48.79],[38.297,48.783],[38.295,48.778],[38.29,48.771],[38.285,48.764],[38.272,48.752],[38.27,48.749],[38.268,48.745],[38.267,48.741],[38.267,48.738],[38.266,48.733],[38.268,48.73],[38.27,48.727],[38.274,48.727],[38.294,48.73],[38.299,48.73],[38.304,48.729],[38.306,48.725],[38.305,48.719],[38.303,48.715],[38.3,48.711],[38.284,48.697],[38.261,48.684],[38.255,48.679],[38.254,48.677],[38.252,48.675],[38.25,48.671],[38.249,48.667],[38.249,48.664],[38.251,48.639],[38.256,48.623],[38.256,48.621],[38.256,48.618],[38.254,48.61],[38.254,48.605],[38.256,48.601],[38.268,48.58],[38.27,48.574],[38.27,48.568],[38.268,48.564],[38.262,48.552],[38.26,48.548],[38.26,48.544],[38.262,48.54],[38.267,48.536],[38.277,48.532],[38.29,48.528],[38.305,48.526],[38.31,48.523],[38.314,48.521],[38.315,48.515],[38.315,48.511],[38.313,48.503],[38.312,48.5],[38.311,48.5],[38.309,48.495],[38.305,48.486],[38.303,48.474],[38.302,48.466],[38.302,48.459],[38.305,48.455],[38.31,48.45],[38.324,48.443],[38.332,48.441],[38.34,48.439],[38.345,48.439],[38.351,48.438],[38.364,48.433],[38.37,48.432],[38.375,48.432],[38.38,48.434],[38.383,48.436],[38.39,48.441],[38.393,48.443],[38.399,48.442],[38.406,48.437],[38.417,48.424],[38.421,48.417],[38.424,48.411],[38.425,48.408],[38.426,48.405],[38.43,48.401],[38.436,48.397],[38.457,48.386],[38.467,48.376],[38.481,48.358],[38.483,48.353],[38.483,48.351],[38.482,48.348],[38.48,48.344],[38.478,48.341],[38.475,48.338],[38.471,48.336],[38.467,48.335],[38.463,48.333],[38.418,48.328],[38.415,48.328],[38.412,48.326],[38.41,48.324],[38.41,48.321],[38.41,48.318],[38.413,48.31],[38.419,48.299],[38.424,48.286],[38.427,48.282],[38.432,48.279],[38.445,48.275],[38.461,48.272],[38.561,48.279],[38.566,48.278],[38.571,48.274],[38.576,48.266],[38.581,48.257],[38.584,48.247],[38.589,48.237],[38.604,48.213],[38.606,48.21],[38.607,48.207],[38.607,48.203],[38.604,48.195],[38.601,48.187],[38.601,48.183],[38.604,48.179],[38.609,48.175],[38.63,48.166],[38.756,48.134],[38.814,48.111],[38.818,48.108],[38.821,48.103],[38.823,48.094],[38.821,48.089],[38.819,48.085],[38.81,48.075],[38.805,48.068],[38.803,48.065],[38.801,48.061],[38.8,48.057],[38.805,48.05],[38.815,48.043],[38.84,48.028],[38.853,48.023],[38.862,48.02],[38.934,48.021],[39.027,48.007],[39.031,48.001],[39.034,47.992],[39.031,47.959],[39.031,47.95],[39.036,47.943],[39.04,47.939],[39.045,47.936],[39.054,47.932],[39.055,47.924],[39.056,47.917],[39.038,47.866],[39.036,47.857],[39.036,47.857],[38.877,47.861],[38.831,47.848],[38.796,47.82],[38.771,47.781],[38.753,47.735],[38.745,47.693],[38.734,47.677],[38.713,47.676],[38.678,47.685],[38.662,47.683],[38.643,47.674],[38.606,47.645],[38.588,47.634],[38.562,47.627],[38.353,47.607],[38.319,47.591],[38.293,47.563],[38.274,47.528],[38.26,47.493],[38.264,47.422],[38.258,47.393],[38.233,47.362],[38.203,47.335],[38.191,47.317],[38.189,47.301],[38.201,47.291],[38.22,47.289],[38.258,47.293],[38.276,47.292],[38.292,47.287],[38.301,47.276],[38.298,47.256],[38.285,47.241],[38.264,47.232],[38.241,47.224],[38.223,47.215],[38.203,47.192],[38.197,47.162],[38.201,47.131],[38.217,47.103],[38.217,47.103],[38.216,47.103],[38.196,47.089],[38.142,47.038],[38.108,47.026],[38.13,47.058],[38.13,47.075],[38.104,47.082],[38.072,47.1],[38.067,47.098],[38.061,47.095],[38.035,47.084],[38.026,47.082],[37.988,47.092],[37.962,47.096],[37.95,47.091],[37.861,47.102],[37.753,47.075],[37.71,47.074],[37.581,47.09],[37.546,47.082],[37.483,47.036],[37.378,46.934],[37.352,46.899],[37.335,46.882],[37.313,46.876],[37.317,46.901],[37.295,46.92],[37.261,46.933],[37.227,46.937],[37.208,46.934],[37.162,46.909],[37.047,46.878],[37.038,46.877],[37.038,46.877],[37.01,46.915],[37.008,46.918],[37.008,46.922],[37.01,46.927],[37.012,46.93],[37.016,46.933],[37.019,46.936],[37.047,46.954],[37.051,46.957],[37.057,46.959],[37.062,46.961],[37.067,46.961],[37.072,46.96],[37.082,46.956],[37.086,46.955],[37.091,46.955],[37.096,46.956],[37.1,46.958],[37.114,46.966],[37.116,46.97],[37.114,46.976],[37.094,47.0],[37.094,47.001],[37.098,47.006],[37.106,47.011],[37.117,47.018],[37.12,47.02],[37.12,47.024],[37.118,47.028],[37.111,47.034],[37.106,47.037],[37.091,47.044],[37.074,47.056],[37.071,47.058],[37.067,47.058],[37.064,47.057],[37.061,47.054],[37.055,47.048],[37.053,47.045],[37.049,47.045],[37.046,47.046],[37.011,47.066],[37.006,47.07],[37.003,47.077],[36.991,47.106],[36.983,47.117],[36.967,47.135],[36.963,47.14],[36.959,47.142],[36.94,47.15],[36.898,47.162],[36.889,47.166],[36.864,47.182],[36.859,47.188],[36.857,47.191],[36.857,47.194],[36.86,47.197],[36.864,47.199],[36.87,47.2],[36.923,47.203],[36.932,47.205],[36.936,47.207],[36.939,47.209],[36.94,47.212],[36.941,47.216],[36.938,47.241],[36.936,47.248],[36.934,47.254],[36.918,47.275],[36.914,47.284],[36.913,47.294],[36.916,47.298],[36.919,47.301],[36.928,47.304],[36.932,47.305],[36.936,47.305],[36.94,47.304],[36.943,47.301],[36.947,47.3],[36.952,47.299],[36.962,47.299],[36.967,47.298],[36.97,47.296],[36.973,47.293],[36.977,47.291],[36.989,47.289],[37.008,47.287],[37.029,47.288],[37.065,47.296],[37.069,47.298],[37.072,47.301],[37.074,47.304],[37.075,47.308],[37.074,47.319],[37.075,47.323],[37.077,47.326],[37.079,47.33],[37.088,47.34],[37.09,47.343],[37.092,47.347],[37.096,47.355],[37.1,47.363],[37.103,47.366],[37.107,47.368],[37.114,47.371],[37.119,47.372],[37.123,47.373],[37.126,47.373],[37.131,47.372],[37.136,47.371],[37.14,47.369],[37.143,47.366],[37.15,47.361],[37.152,47.359],[37.157,47.353],[37.159,47.35],[37.161,47.348],[37.164,47.346],[37.167,47.346],[37.171,47.347],[37.179,47.351],[37.182,47.353],[37.185,47.356],[37.185,47.359],[37.185,47.363],[37.183,47.368],[37.182,47.376],[37.182,47.38],[37.183,47.384],[37.185,47.388],[37.189,47.395],[37.199,47.409],[37.2,47.413],[37.199,47.422],[37.2,47.426],[37.202,47.429],[37.218,47.448],[37.22,47.452],[37.221,47.455],[37.219,47.458],[37.211,47.459],[37.194,47.459],[37.152,47.464],[37.147,47.463],[37.144,47.461],[37.141,47.455],[37.138,47.452],[37.134,47.45],[37.129,47.451],[37.122,47.455],[37.103,47.475],[37.1,47.478],[37.021,47.524],[36.995,47.547],[36.988,47.553],[36.944,47.57],[36.937,47.571],[36.931,47.571],[36.904,47.557],[36.897,47.553],[36.893,47.551],[36.882,47.556],[36.865,47.566],[36.826,47.596],[36.809,47.606],[36.798,47.61],[36.767,47.602],[36.757,47.6],[36.752,47.602],[36.749,47.605],[36.748,47.612],[36.749,47.617],[36.752,47.626],[36.753,47.63],[36.752,47.634],[36.749,47.636],[36.732,47.639],[36.727,47.641],[36.724,47.644],[36.721,47.649],[36.72,47.658],[36.723,47.661],[36.727,47.663],[36.736,47.665],[36.745,47.668],[36.748,47.67],[36.749,47.672],[36.747,47.675],[36.741,47.677],[36.715,47.681],[36.709,47.685],[36.703,47.691],[36.689,47.716],[36.661,47.757],[36.659,47.764],[36.657,47.778],[36.655,47.785],[36.653,47.788],[36.65,47.79],[36.643,47.79],[36.617,47.786],[36.606,47.786],[36.594,47.788],[36.584,47.791],[36.577,47.803],[36.576,47.844],[36.569,47.867],[36.566,47.871],[36.56,47.874],[36.546,47.877],[36.537,47.88],[36.533,47.884],[36.531,47.887],[36.531,47.891],[36.531,47.895],[36.532,47.9],[36.534,47.905],[36.538,47.908],[36.542,47.91],[36.558,47.911],[36.565,47.912],[36.572,47.916],[36.578,47.917],[36.585,47.918],[36.618,47.918],[36.629,47.92],[36.634,47.922],[36.634,47.924],[36.633,47.927],[36.626,47.936],[36.619,47.948],[36.618,47.951],[36.616,47.954],[36.613,47.957],[36.609,47.959],[36.604,47.96],[36.586,47.962],[36.581,47.965],[36.577,47.971],[36.577,47.982],[36.572,47.996],[36.571,48.0],[36.575,48.058],[36.577,48.067],[36.581,48.073],[36.585,48.076],[36.589,48.079],[36.593,48.08],[36.598,48.081],[36.603,48.082],[36.62,48.082],[36.654,48.088],[36.66,48.088],[36.665,48.088],[36.724,48.076],[36.728,48.074],[36.731,48.071],[36.734,48.069],[36.738,48.059],[36.742,48.056],[36.746,48.054],[36.751,48.053],[36.788,48.045],[36.824,48.033],[36.829,48.032],[36.839,48.034],[36.851,48.04],[36.876,48.054],[36.886,48.061],[36.893,48.068],[36.893,48.071],[36.894,48.075],[36.894,48.079],[36.891,48.093],[36.889,48.1],[36.879,48.118],[36.877,48.125],[36.87,48.152],[36.87,48.156],[36.87,48.161],[36.872,48.167],[36.875,48.171],[36.88,48.173],[36.89,48.175],[36.897,48.177],[36.905,48.181],[36.92,48.19],[36.925,48.196],[36.927,48.201],[36.927,48.205],[36.924,48.215],[36.924,48.219],[36.923,48.222],[36.923,48.225],[36.914,48.264],[36.911,48.27],[36.909,48.277],[36.907,48.284],[36.906,48.294],[36.904,48.298],[36.901,48.3],[36.896,48.302],[36.873,48.304],[36.869,48.305],[36.868,48.308],[36.866,48.311],[36.865,48.314],[36.863,48.317],[36.859,48.318],[36.854,48.319],[36.848,48.319],[36.838,48.317],[36.829,48.315],[36.825,48.314],[36.82,48.314],[36.817,48.316],[36.814,48.319],[36.813,48.322],[36.812,48.326],[36.812,48.331],[36.818,48.352],[36.819,48.357],[36.815,48.386],[36.81,48.4],[36.809,48.405],[36.809,48.413],[36.811,48.417],[36.815,48.42],[36.838,48.427],[36.843,48.43],[36.847,48.434],[36.846,48.437],[36.838,48.442],[36.835,48.445],[36.835,48.476],[36.838,48.48],[36.842,48.483],[36.851,48.487],[36.857,48.489],[36.859,48.493],[36.858,48.496],[36.857,48.498],[36.856,48.5],[36.855,48.504],[36.853,48.513],[36.854,48.517],[36.857,48.519],[36.871,48.522],[36.882,48.526],[36.889,48.53],[36.891,48.534],[36.892,48.538],[36.891,48.56],[36.889,48.57],[36.887,48.574],[36.886,48.577],[36.883,48.579],[36.879,48.581],[36.868,48.582],[36.824,48.58],[36.819,48.578],[36.814,48.576],[36.81,48.569],[36.807,48.564],[36.8,48.542],[36.798,48.538],[36.795,48.535],[36.791,48.533],[36.787,48.531],[36.755,48.529],[36.751,48.529],[36.749,48.531],[36.747,48.534],[36.747,48.539],[36.747,48.558],[36.749,48.564],[36.753,48.567],[36.758,48.569],[36.763,48.572],[36.773,48.586],[36.776,48.588],[36.785,48.592],[36.79,48.595],[36.791,48.598],[36.79,48.601],[36.787,48.604],[36.783,48.605],[36.779,48.606],[36.743,48.601],[36.738,48.602],[36.734,48.603],[36.732,48.606],[36.73,48.609],[36.729,48.613],[36.729,48.616],[36.725,48.626],[36.711,48.65],[36.709,48.661],[36.711,48.688],[36.71,48.706],[36.709,48.714],[36.693,48.758],[36.69,48.769],[36.69,48.778],[36.693,48.782],[36.697,48.786],[36.702,48.788],[36.707,48.789],[36.718,48.789],[36.731,48.788],[36.761,48.777],[36.773,48.775],[36.82,48.772],[36.825,48.773],[36.837,48.78],[36.847,48.788],[36.861,48.795],[36.866,48.797],[36.875,48.799],[36.885,48.801],[36.891,48.801],[36.903,48.799],[36.999,48.767],[37.001,48.766],[37.004,48.764],[37.009,48.761],[37.014,48.76],[37.024,48.759],[37.029,48.761],[37.032,48.764],[37.034,48.768],[37.034,48.772],[37.031,48.774],[37.027,48.776],[37.005,48.783],[37.002,48.785],[37.0,48.786],[36.998,48.788],[36.998,48.791],[36.998,48.795],[37.001,48.798],[37.013,48.81],[37.019,48.814],[37.025,48.815],[37.03,48.814],[37.041,48.811],[37.048,48.81],[37.057,48.81],[37.063,48.812],[37.066,48.815],[37.068,48.819],[37.069,48.824],[37.07,48.829],[37.074,48.836],[37.079,48.839],[37.084,48.842],[37.089,48.842],[37.094,48.843],[37.1,48.842],[37.105,48.841],[37.109,48.838],[37.117,48.83],[37.121,48.828],[37.124,48.826],[37.129,48.824],[37.134,48.822],[37.14,48.822],[37.148,48.822],[37.17,48.826],[37.177,48.828],[37.181,48.831],[37.181,48.835],[37.178,48.852],[37.179,48.857],[37.181,48.861],[37.186,48.867],[37.192,48.87],[37.2,48.871],[37.204,48.873],[37.207,48.876],[37.211,48.885],[37.217,48.895],[37.221,48.898],[37.259,48.915],[37.266,48.918],[37.293,48.918],[37.305,48.92],[37.311,48.923],[37.314,48.927],[37.314,48.93],[37.313,48.933],[37.312,48.936],[37.306,48.942],[37.304,48.945],[37.303,48.948],[37.303,48.952],[37.306,48.96],[37.306,48.964],[37.303,48.966],[37.295,48.971],[37.292,48.973],[37.291,48.976],[37.292,48.98],[37.309,48.999],[37.314,49.003],[37.32,49.006],[37.343,49.012],[37.349,49.016],[37.352,49.02],[37.352,49.024],[37.354,49.029],[37.357,49.035],[37.364,49.045],[37.369,49.049],[37.374,49.052],[37.601,49.145],[37.61,49.15],[37.612,49.155],[37.61,49.157],[37.597,49.171],[37.594,49.173],[37.59,49.175],[37.585,49.176],[37.563,49.175],[37.525,49.178],[37.514,49.18],[37.509,49.182],[37.505,49.184],[37.503,49.186],[37.535,49.221],[37.541,49.225],[37.547,49.227],[37.643,49.228],[37.771,49.204],[37.817,49.205],[37.834,49.208],[37.839,49.21],[37.842,49.214],[37.843,49.219],[37.844,49.222],[37.847,49.232],[37.859,49.231],[37.868,49.228],[37.88,49.221],[37.886,49.216],[37.892,49.21],[37.895,49.208],[37.9,49.206],[37.905,49.205],[37.924,49.204],[37.929,49.202],[37.934,49.2],[37.934,49.194],[37.931,49.191],[37.926,49.19],[37.898,49.189],[37.894,49.187],[37.891,49.184],[37.889,49.181],[37.883,49.168],[37.884,49.164],[37.887,49.16],[37.895,49.156],[37.939,49.145],[37.966,49.133],[37.971,49.132],[37.977,49.131]],[[38.254,50.059],[38.281,50.062],[38.3,50.06],[38.314,50.049],[38.344,49.992],[38.356,49.981],[38.376,49.975],[38.42,49.972],[38.438,49.967],[38.461,49.957],[38.497,49.948],[38.57,49.957],[38.619,49.951],[38.629,49.953],[38.638,49.957],[38.662,49.963],[38.665,49.965],[38.664,49.963],[38.673,49.943],[38.676,49.927],[38.681,49.918],[38.687,49.914],[38.748,49.885],[38.852,49.866],[38.886,49.845],[38.911,49.821],[38.937,49.803],[39.032,49.807],[39.049,49.811],[39.068,49.821],[39.1,49.852],[39.117,49.864],[39.156,49.874],[39.181,49.859],[39.183,49.858],[39.238,49.765],[39.261,49.745],[39.29,49.732],[39.328,49.726],[39.367,49.732],[39.406,49.744],[39.444,49.75],[39.48,49.734],[39.499,49.728],[39.557,49.724],[39.57,49.713],[39.582,49.691],[39.597,49.648],[39.623,49.613],[39.653,49.6],[39.689,49.593],[39.729,49.581],[39.781,49.548],[39.802,49.542],[39.829,49.541],[39.859,49.546],[39.889,49.553],[39.915,49.563],[39.974,49.603],[39.998,49.608],[40.018,49.608],[40.116,49.591],[40.118,49.588],[40.131,49.58],[40.126,49.559],[40.111,49.545],[40.072,49.531],[40.054,49.52],[40.035,49.487],[40.041,49.455],[40.062,49.426],[40.101,49.385],[40.148,49.35],[40.16,49.334],[40.157,49.316],[40.143,49.282],[40.142,49.246],[40.134,49.236],[40.11,49.228],[40.091,49.217],[40.058,49.183],[40.038,49.169],[39.98,49.142],[39.952,49.125],[39.931,49.101],[39.926,49.086],[39.923,49.058],[39.919,49.048],[39.907,49.043],[39.891,49.042],[39.862,49.045],[39.831,49.045],[39.749,49.026],[39.698,49.028],[39.681,49.02],[39.674,48.97],[39.688,48.958],[39.708,48.949],[39.726,48.937],[39.739,48.919],[39.747,48.905],[39.759,48.895],[39.782,48.888],[39.862,48.876],[39.896,48.88],[39.908,48.878],[39.919,48.872],[39.938,48.856],[39.95,48.853],[39.972,48.86],[39.99,48.876],[40.009,48.888],[40.034,48.886],[40.054,48.869],[40.053,48.85],[40.039,48.83],[40.02,48.813],[39.975,48.79],[39.935,48.787],[39.824,48.816],[39.801,48.815],[39.779,48.808],[39.759,48.793],[39.751,48.782],[39.744,48.771],[39.736,48.762],[39.711,48.755],[39.703,48.747],[39.642,48.612],[39.632,48.587],[39.67,48.588],[39.69,48.594],[39.809,48.584],[39.835,48.573],[39.855,48.556],[39.863,48.53],[39.864,48.523],[39.866,48.517],[39.868,48.513],[39.87,48.51],[39.865,48.501],[39.856,48.499],[39.847,48.5],[39.842,48.499],[39.845,48.483],[39.854,48.475],[39.865,48.47],[39.896,48.424],[39.907,48.398],[39.914,48.385],[39.924,48.376],[39.901,48.361],[39.884,48.346],[39.816,48.308],[39.885,48.279],[39.905,48.281],[39.957,48.293],[39.979,48.29],[39.993,48.273],[39.991,48.254],[39.978,48.235],[39.96,48.222],[39.913,48.198],[39.894,48.183],[39.843,48.12],[39.831,48.1],[39.829,48.077],[39.844,48.046],[39.843,48.036],[39.84,48.035],[39.834,48.036],[39.779,48.029],[39.768,48.024],[39.76,48.015],[39.762,48.01],[39.77,48.004],[39.78,47.993],[39.794,47.971],[39.796,47.961],[39.794,47.946],[39.79,47.938],[39.78,47.922],[39.777,47.914],[39.778,47.907],[39.782,47.893],[39.783,47.887],[39.776,47.858],[39.759,47.833],[39.734,47.816],[39.701,47.812],[39.601,47.829],[39.57,47.831],[39.509,47.823],[39.48,47.826],[39.457,47.831],[39.414,47.823],[39.392,47.823],[39.374,47.828],[39.34,47.844],[39.32,47.846],[39.174,47.837],[39.133,47.83],[39.113,47.829],[39.093,47.832],[39.039,47.857],[39.036,47.857],[39.036,47.857],[39.038,47.866],[39.056,47.917],[39.055,47.924],[39.054,47.932],[39.045,47.936],[39.04,47.939],[39.036,47.943],[39.031,47.95],[39.031,47.959],[39.034,47.992],[39.031,48.001],[39.027,48.007],[38.934,48.021],[38.862,48.02],[38.853,48.023],[38.84,48.028],[38.815,48.043],[38.805,48.05],[38.8,48.057],[38.801,48.061],[38.803,48.065],[38.805,48.068],[38.81,48.075],[38.819,48.085],[38.821,48.089],[38.823,48.094],[38.821,48.103],[38.818,48.108],[38.814,48.111],[38.756,48.134],[38.63,48.166],[38.609,48.175],[38.604,48.179],[38.601,48.183],[38.601,48.187],[38.604,48.195],[38.607,48.203],[38.607,48.207],[38.606,48.21],[38.604,48.213],[38.589,48.237],[38.584,48.247],[38.581,48.257],[38.576,48.266],[38.571,48.274],[38.566,48.278],[38.561,48.279],[38.461,48.272],[38.445,48.275],[38.432,48.279],[38.427,48.282],[38.424,48.286],[38.419,48.299],[38.413,48.31],[38.41,48.318],[38.41,48.321],[38.41,48.324],[38.412,48.326],[38.415,48.328],[38.418,48.328],[38.463,48.333],[38.467,48.335],[38.471,48.336],[38.475,48.338],[38.478,48.341],[38.48,48.344],[38.482,48.348],[38.483,48.351],[38.483,48.353],[38.481,48.358],[38.467,48.376],[38.457,48.386],[38.436,48.397],[38.43,48.401],[38.426,48.405],[38.425,48.408],[38.424,48.411],[38.421,48.417],[38.417,48.424],[38.406,48.437],[38.399,48.442],[38.393,48.443],[38.39,48.441],[38.383,48.436],[38.38,48.434],[38.375,48.432],[38.37,48.432],[38.364,48.433],[38.351,48.438],[38.345,48.439],[38.34,48.439],[38.332,48.441],[38.324,48.443],[38.31,48.45],[38.305,48.455],[38.302,48.459],[38.302,48.466],[38.303,48.474],[38.305,48.486],[38.309,48.495],[38.311,48.5],[38.312,48.5],[38.313,48.503],[38.315,48.511],[38.315,48.515],[38.314,48.521],[38.31,48.523],[38.305,48.526],[38.29,48.528],[38.277,48.532],[38.267,48.536],[38.262,48.54],[38.26,48.544],[38.26,48.548],[38.262,48.552],[38.268,48.564],[38.27,48.568],[38.27,48.574],[38.268,48.58],[38.256,48.601],[38.254,48.605],[38.254,48.61],[38.256,48.618],[38.256,48.621],[38.256,48.623],[38.251,48.639],[38.249,48.664],[38.249,48.667],[38.25,48.671],[38.252,48.675],[38.254,48.677],[38.255,48.679],[38.261,48.684],[38.284,48.697],[38.3,48.711],[38.303,48.715],[38.305,48.719],[38.306,48.725],[38.304,48.729],[38.299,48.73],[38.294,48.73],[38.274,48.727],[38.27,48.727],[38.268,48.73],[38.266,48.733],[38.267,48.738],[38.267,48.741],[38.268,48.745],[38.27,48.749],[38.272,48.752],[38.285,48.764],[38.29,48.771],[38.295,48.778],[38.297,48.783],[38.296,48.79],[38.292,48.801],[38.283,48.812],[38.279,48.818],[38.279,48.824],[38.281,48.828],[38.281,48.835],[38.279,48.839],[38.275,48.842],[38.263,48.844],[38.257,48.844],[38.243,48.847],[38.235,48.851],[38.231,48.854],[38.23,48.858],[38.23,48.873],[38.228,48.88],[38.225,48.89],[38.213,48.913],[38.21,48.924],[38.171,48.932],[38.058,48.937],[38.051,48.938],[38.045,48.941],[38.035,48.947],[38.028,48.95],[38.021,48.952],[38.016,48.953],[38.01,48.954],[38.008,48.957],[38.009,48.961],[38.01,48.965],[38.013,48.969],[38.016,48.972],[38.02,48.974],[38.025,48.975],[38.036,48.974],[38.04,48.975],[38.042,48.978],[38.043,48.982],[38.043,48.985],[38.045,48.987],[38.049,48.988],[38.065,48.989],[38.07,48.99],[38.074,48.992],[38.076,48.995],[38.077,48.998],[38.078,49.0],[38.078,49.001],[38.078,49.004],[38.049,49.05],[38.043,49.062],[38.041,49.07],[38.044,49.073],[38.055,49.08],[38.058,49.083],[38.06,49.087],[38.062,49.091],[38.063,49.095],[38.063,49.102],[38.062,49.106],[38.062,49.109],[38.063,49.117],[38.07,49.143],[38.07,49.148],[38.067,49.15],[38.062,49.151],[38.021,49.152],[38.016,49.151],[38.012,49.15],[37.985,49.134],[37.981,49.132],[37.977,49.131],[37.971,49.132],[37.966,49.133],[37.939,49.145],[37.895,49.156],[37.887,49.16],[37.884,49.164],[37.883,49.168],[37.889,49.181],[37.891,49.184],[37.894,49.187],[37.898,49.189],[37.926,49.19],[37.931,49.191],[37.934,49.194],[37.934,49.2],[37.929,49.202],[37.924,49.204],[37.905,49.205],[37.9,49.206],[37.895,49.208],[37.892,49.21],[37.886,49.216],[37.88,49.221],[37.868,49.228],[37.859,49.231],[37.847,49.232],[37.871,49.246],[37.898,49.258],[37.911,49.269],[37.926,49.284],[37.929,49.291],[37.93,49.296],[37.928,49.299],[37.926,49.302],[37.923,49.305],[37.919,49.307],[37.914,49.309],[37.908,49.31],[37.89,49.312],[37.885,49.313],[37.882,49.321],[37.882,49.333],[37.887,49.383],[37.886,49.39],[37.883,49.397],[37.88,49.403],[37.877,49.406],[37.867,49.414],[37.864,49.417],[37.861,49.423],[37.862,49.427],[37.864,49.43],[37.876,49.443],[37.88,49.444],[37.884,49.446],[37.9,49.448],[37.905,49.45],[37.91,49.455],[37.917,49.464],[37.921,49.481],[37.926,49.496],[37.929,49.5],[37.932,49.502],[37.953,49.512],[37.958,49.515],[37.963,49.52],[37.964,49.524],[37.964,49.528],[37.963,49.531],[37.953,49.551],[37.953,49.556],[37.957,49.558],[37.962,49.561],[37.964,49.564],[37.963,49.566],[37.961,49.569],[37.954,49.575],[37.952,49.577],[37.946,49.591],[37.944,49.597],[37.946,49.6],[37.947,49.602],[37.951,49.603],[37.959,49.606],[37.964,49.609],[37.968,49.615],[37.977,49.632],[37.981,49.637],[37.993,49.646],[37.998,49.652],[38.0,49.656],[38.001,49.661],[38.001,49.664],[38.0,49.668],[37.999,49.681],[38.001,49.708],[38.001,49.711],[38.0,49.713],[37.998,49.716],[37.996,49.718],[37.993,49.72],[37.988,49.722],[37.983,49.722],[37.978,49.722],[37.951,49.714],[37.946,49.715],[37.942,49.717],[37.939,49.723],[37.94,49.727],[37.942,49.73],[37.954,49.743],[37.961,49.749],[37.964,49.751],[37.969,49.753],[37.974,49.753],[37.998,49.749],[38.001,49.75],[38.005,49.75],[38.009,49.758],[38.011,49.762],[38.014,49.766],[38.016,49.769],[38.02,49.772],[38.023,49.774],[38.037,49.779],[38.041,49.782],[38.045,49.785],[38.045,49.788],[38.043,49.791],[38.002,49.812],[38.0,49.814],[37.998,49.817],[37.998,49.82],[38.0,49.823],[38.005,49.826],[38.023,49.832],[38.043,49.836],[38.065,49.837],[38.07,49.838],[38.075,49.84],[38.08,49.843],[38.081,49.846],[38.079,49.849],[38.059,49.857],[38.055,49.859],[38.052,49.861],[38.046,49.867],[38.043,49.869],[38.027,49.894],[38.024,49.903],[38.023,49.909],[38.067,49.927],[38.079,49.93],[38.09,49.928],[38.108,49.921],[38.119,49.919],[38.166,49.941],[38.171,49.984],[38.164,50.03],[38.174,50.06],[38.19,50.063],[38.254,50.059]],[[35.515,48.079],[35.522,48.079],[35.531,48.081],[35.547,48.085],[35.556,48.089],[35.579,48.105],[35.595,48.113],[35.604,48.116],[35.646,48.124],[35.674,48.127],[35.686,48.126],[35.692,48.124],[35.696,48.123],[35.7,48.12],[35.703,48.118],[35.711,48.11],[35.724,48.1],[35.728,48.098],[35.732,48.096],[35.781,48.089],[35.786,48.088],[35.79,48.086],[35.794,48.083],[35.809,48.067],[35.816,48.066],[35.829,48.067],[35.883,48.082],[35.942,48.092],[35.954,48.091],[35.959,48.091],[35.964,48.089],[35.968,48.087],[35.97,48.084],[35.971,48.081],[35.97,48.077],[35.966,48.064],[35.966,48.059],[35.966,48.056],[35.967,48.052],[35.972,48.043],[35.973,48.039],[35.972,48.032],[35.975,48.029],[35.979,48.026],[35.99,48.026],[35.996,48.027],[36.0,48.028],[36.032,48.043],[36.04,48.044],[36.045,48.043],[36.047,48.04],[36.048,48.037],[36.047,48.033],[36.045,48.03],[36.042,48.027],[36.028,48.017],[36.025,48.014],[36.023,48.011],[36.021,48.008],[36.021,48.004],[36.024,48.002],[36.027,48.001],[36.041,47.999],[36.046,47.998],[36.051,47.996],[36.053,47.993],[36.055,47.99],[36.057,47.983],[36.059,47.969],[36.059,47.965],[36.058,47.954],[36.059,47.951],[36.063,47.95],[36.068,47.949],[36.072,47.948],[36.076,47.946],[36.078,47.944],[36.08,47.942],[36.082,47.94],[36.087,47.938],[36.115,47.94],[36.117,47.94],[36.118,47.939],[36.118,47.936],[36.115,47.929],[36.114,47.926],[36.114,47.922],[36.115,47.919],[36.117,47.916],[36.118,47.913],[36.118,47.909],[36.116,47.906],[36.109,47.895],[36.101,47.878],[36.098,47.873],[36.093,47.868],[36.088,47.867],[36.083,47.868],[36.076,47.873],[36.071,47.875],[36.064,47.876],[36.061,47.874],[36.06,47.871],[36.06,47.867],[36.061,47.864],[36.063,47.861],[36.072,47.857],[36.075,47.854],[36.075,47.851],[36.076,47.848],[36.079,47.845],[36.088,47.842],[36.093,47.84],[36.095,47.838],[36.098,47.836],[36.107,47.835],[36.152,47.838],[36.16,47.84],[36.163,47.842],[36.169,47.85],[36.173,47.855],[36.181,47.86],[36.187,47.862],[36.193,47.864],[36.199,47.863],[36.203,47.863],[36.207,47.861],[36.208,47.858],[36.209,47.854],[36.212,47.84],[36.212,47.837],[36.213,47.833],[36.215,47.83],[36.219,47.829],[36.224,47.828],[36.247,47.826],[36.252,47.825],[36.257,47.823],[36.267,47.816],[36.275,47.814],[36.286,47.813],[36.308,47.814],[36.318,47.815],[36.325,47.818],[36.331,47.826],[36.336,47.831],[36.347,47.836],[36.355,47.839],[36.361,47.84],[36.367,47.84],[36.371,47.839],[36.376,47.837],[36.379,47.835],[36.385,47.829],[36.388,47.827],[36.392,47.826],[36.576,47.844],[36.577,47.803],[36.584,47.791],[36.594,47.788],[36.606,47.786],[36.617,47.786],[36.643,47.79],[36.65,47.79],[36.653,47.788],[36.655,47.785],[36.657,47.778],[36.659,47.764],[36.661,47.757],[36.689,47.716],[36.703,47.691],[36.709,47.685],[36.715,47.681],[36.741,47.677],[36.747,47.675],[36.749,47.672],[36.748,47.67],[36.745,47.668],[36.736,47.665],[36.727,47.663],[36.723,47.661],[36.72,47.658],[36.721,47.649],[36.724,47.644],[36.727,47.641],[36.732,47.639],[36.749,47.636],[36.752,47.634],[36.753,47.63],[36.752,47.626],[36.749,47.617],[36.748,47.612],[36.749,47.605],[36.752,47.602],[36.757,47.6],[36.767,47.602],[36.798,47.61],[36.809,47.606],[36.826,47.596],[36.865,47.566],[36.882,47.556],[36.893,47.551],[36.897,47.553],[36.904,47.557],[36.931,47.571],[36.937,47.571],[36.944,47.57],[36.988,47.553],[36.995,47.547],[37.021,47.524],[37.1,47.478],[37.103,47.475],[37.122,47.455],[37.129,47.451],[37.134,47.45],[37.138,47.452],[37.141,47.455],[37.144,47.461],[37.147,47.463],[37.152,47.464],[37.194,47.459],[37.211,47.459],[37.219,47.458],[37.221,47.455],[37.22,47.452],[37.218,47.448],[37.202,47.429],[37.2,47.426],[37.199,47.422],[37.2,47.413],[37.199,47.409],[37.189,47.395],[37.185,47.388],[37.183,47.384],[37.182,47.38],[37.182,47.376],[37.183,47.368],[37.185,47.363],[37.185,47.359],[37.185,47.356],[37.182,47.353],[37.179,47.351],[37.171,47.347],[37.167,47.346],[37.164,47.346],[37.161,47.348],[37.159,47.35],[37.157,47.353],[37.152,47.359],[37.15,47.361],[37.143,47.366],[37.14,47.369],[37.136,47.371],[37.131,47.372],[37.126,47.373],[37.123,47.373],[37.119,47.372],[37.114,47.371],[37.107,47.368],[37.103,47.366],[37.1,47.363],[37.096,47.355],[37.092,47.347],[37.09,47.343],[37.088,47.34],[37.079,47.33],[37.077,47.326],[37.075,47.323],[37.074,47.319],[37.075,47.308],[37.074,47.304],[37.072,47.301],[37.069,47.298],[37.065,47.296],[37.029,47.288],[37.008,47.287],[36.989,47.289],[36.977,47.291],[36.973,47.293],[36.97,47.296],[36.967,47.298],[36.962,47.299],[36.952,47.299],[36.947,47.3],[36.943,47.301],[36.94,47.304],[36.936,47.305],[36.932,47.305],[36.928,47.304],[36.919,47.301],[36.916,47.298],[36.913,47.294],[36.914,47.284],[36.918,47.275],[36.934,47.254],[36.936,47.248],[36.938,47.241],[36.941,47.216],[36.94,47.212],[36.939,47.209],[36.936,47.207],[36.932,47.205],[36.923,47.203],[36.87,47.2],[36.864,47.199],[36.86,47.197],[36.857,47.194],[36.857,47.191],[36.859,47.188],[36.864,47.182],[36.889,47.166],[36.898,47.162],[36.94,47.15],[36.959,47.142],[36.963,47.14],[36.967,47.135],[36.983,47.117],[36.991,47.106],[37.003,47.077],[37.006,47.07],[37.011,47.066],[37.046,47.046],[37.049,47.045],[37.053,47.045],[37.055,47.048],[37.061,47.054],[37.064,47.057],[37.067,47.058],[37.071,47.058],[37.074,47.056],[37.091,47.044],[37.106,47.037],[37.111,47.034],[37.118,47.028],[37.12,47.024],[37.12,47.02],[37.117,47.018],[37.106,47.011],[37.098,47.006],[37.094,47.001],[37.094,47.0],[37.114,46.976],[37.116,46.97],[37.114,46.966],[37.1,46.958],[37.096,46.956],[37.091,46.955],[37.086,46.955],[37.082,46.956],[37.072,46.96],[37.067,46.961],[37.062,46.961],[37.057,46.959],[37.051,46.957],[37.047,46.954],[37.019,46.936],[37.016,46.933],[37.012,46.93],[37.01,46.927],[37.008,46.922],[37.008,46.918],[37.01,46.915],[37.038,46.877],[37.038,46.877],[37.029,46.876],[37.018,46.871],[36.985,46.852],[36.974,46.848],[36.939,46.839],[36.886,46.804],[36.854,46.8],[36.862,46.777],[36.849,46.754],[36.83,46.732],[36.82,46.708],[36.812,46.681],[36.794,46.654],[36.769,46.637],[36.744,46.642],[36.744,46.65],[36.751,46.65],[36.772,46.643],[36.79,46.671],[36.802,46.707],[36.802,46.725],[36.794,46.729],[36.758,46.759],[36.743,46.765],[36.71,46.773],[36.696,46.78],[36.679,46.773],[36.662,46.774],[36.634,46.78],[36.617,46.777],[36.606,46.769],[36.598,46.762],[36.59,46.759],[36.524,46.759],[36.483,46.742],[36.432,46.735],[36.4,46.724],[36.371,46.708],[36.303,46.659],[36.284,46.636],[36.278,46.607],[36.271,46.607],[36.271,46.622],[36.268,46.626],[36.258,46.622],[36.248,46.619],[36.247,46.613],[36.246,46.611],[36.241,46.62],[36.243,46.624],[36.244,46.63],[36.244,46.635],[36.233,46.641],[36.231,46.642],[36.222,46.654],[36.217,46.659],[36.21,46.663],[36.189,46.669],[36.172,46.669],[36.134,46.663],[36.062,46.67],[35.926,46.652],[35.902,46.653],[35.827,46.623],[35.771,46.601],[35.742,46.584],[35.661,46.519],[35.629,46.498],[35.51,46.457],[35.491,46.448],[35.476,46.436],[35.445,46.406],[35.43,46.396],[35.395,46.379],[35.38,46.368],[35.285,46.259],[35.28,46.255],[35.28,46.255],[35.268,46.26],[35.265,46.26],[35.265,46.26],[35.291,46.293],[35.328,46.319],[35.342,46.336],[35.346,46.361],[35.329,46.348],[35.312,46.338],[35.292,46.336],[35.268,46.351],[35.259,46.373],[35.264,46.4],[35.285,46.437],[35.277,46.441],[35.261,46.442],[35.25,46.444],[35.243,46.447],[35.23,46.456],[35.215,46.463],[35.202,46.476],[35.191,46.494],[35.188,46.512],[35.167,46.493],[35.174,46.473],[35.192,46.455],[35.202,46.44],[35.205,46.428],[35.211,46.42],[35.214,46.412],[35.209,46.396],[35.202,46.385],[35.168,46.361],[35.108,46.298],[35.105,46.295],[35.105,46.295],[35.069,46.3],[35.06,46.306],[35.059,46.324],[35.059,46.328],[35.053,46.348],[35.053,46.355],[35.053,46.359],[35.055,46.363],[35.06,46.375],[35.061,46.379],[35.06,46.384],[35.035,46.456],[35.029,46.465],[35.023,46.469],[34.995,46.469],[34.99,46.47],[34.984,46.472],[34.969,46.479],[34.96,46.48],[34.947,46.486],[34.924,46.5],[34.924,46.5],[34.918,46.501],[34.871,46.498],[34.858,46.498],[34.854,46.5],[34.853,46.501],[34.853,46.502],[34.853,46.513],[34.853,46.516],[34.855,46.519],[34.858,46.522],[34.861,46.524],[34.864,46.527],[34.866,46.531],[34.866,46.537],[34.863,46.54],[34.858,46.542],[34.811,46.545],[34.776,46.544],[34.767,46.545],[34.762,46.547],[34.759,46.55],[34.757,46.553],[34.756,46.557],[34.754,46.56],[34.729,46.587],[34.725,46.593],[34.723,46.596],[34.722,46.599],[34.722,46.603],[34.723,46.606],[34.725,46.61],[34.73,46.616],[34.74,46.623],[34.743,46.626],[34.744,46.63],[34.745,46.634],[34.745,46.637],[34.743,46.644],[34.738,46.654],[34.733,46.662],[34.728,46.666],[34.722,46.669],[34.698,46.671],[34.691,46.673],[34.684,46.675],[34.667,46.684],[34.661,46.686],[34.657,46.684],[34.652,46.683],[34.646,46.683],[34.635,46.686],[34.631,46.689],[34.629,46.693],[34.627,46.704],[34.627,46.707],[34.628,46.71],[34.63,46.713],[34.633,46.716],[34.637,46.718],[34.641,46.719],[34.646,46.72],[34.674,46.72],[34.679,46.721],[34.683,46.722],[34.687,46.724],[34.69,46.727],[34.692,46.731],[34.698,46.736],[34.705,46.74],[34.714,46.743],[34.718,46.745],[34.721,46.747],[34.724,46.751],[34.729,46.763],[34.731,46.766],[34.734,46.769],[34.741,46.775],[34.743,46.778],[34.744,46.782],[34.745,46.805],[34.746,46.808],[34.747,46.812],[34.75,46.814],[34.755,46.816],[34.764,46.817],[34.79,46.825],[34.794,46.827],[34.797,46.832],[34.797,46.84],[34.792,46.855],[34.788,46.862],[34.784,46.867],[34.781,46.869],[34.776,46.871],[34.771,46.872],[34.76,46.873],[34.754,46.875],[34.746,46.878],[34.743,46.882],[34.74,46.885],[34.729,46.917],[34.726,46.923],[34.722,46.927],[34.718,46.928],[34.669,46.939],[34.66,46.943],[34.649,46.95],[34.645,46.952],[34.64,46.953],[34.615,46.957],[34.608,46.959],[34.605,46.962],[34.604,46.966],[34.601,46.98],[34.598,46.99],[34.595,46.995],[34.592,46.998],[34.589,47.0],[34.588,47.0],[34.574,47.003],[34.566,47.005],[34.562,47.008],[34.56,47.012],[34.558,47.019],[34.557,47.052],[34.54,47.1],[34.537,47.104],[34.532,47.106],[34.518,47.11],[34.51,47.113],[34.506,47.117],[34.504,47.121],[34.503,47.128],[34.499,47.141],[34.498,47.149],[34.497,47.156],[34.497,47.16],[34.501,47.181],[34.501,47.184],[34.5,47.188],[34.492,47.215],[34.492,47.219],[34.492,47.222],[34.493,47.226],[34.495,47.229],[34.5,47.232],[34.503,47.234],[34.504,47.239],[34.505,47.247],[34.503,47.251],[34.501,47.254],[34.486,47.261],[34.479,47.266],[34.476,47.27],[34.475,47.274],[34.475,47.277],[34.476,47.286],[34.478,47.29],[34.48,47.294],[34.483,47.297],[34.486,47.299],[34.501,47.303],[34.504,47.305],[34.507,47.307],[34.508,47.311],[34.506,47.314],[34.503,47.316],[34.5,47.317],[34.496,47.318],[34.429,47.313],[34.42,47.31],[34.416,47.308],[34.414,47.305],[34.412,47.301],[34.411,47.297],[34.409,47.293],[34.404,47.288],[34.401,47.285],[34.397,47.277],[34.393,47.275],[34.389,47.273],[34.384,47.273],[34.379,47.273],[34.373,47.274],[34.359,47.28],[34.354,47.281],[34.34,47.28],[34.336,47.278],[34.324,47.272],[34.316,47.27],[34.31,47.269],[34.305,47.27],[34.298,47.272],[34.295,47.275],[34.294,47.279],[34.293,47.294],[34.292,47.298],[34.29,47.302],[34.281,47.319],[34.23,47.431],[34.204,47.478],[34.319,47.505],[34.446,47.523],[34.584,47.567],[34.595,47.569],[34.645,47.564],[34.73,47.539],[34.833,47.526],[34.898,47.523],[34.907,47.524],[34.911,47.526],[34.916,47.531],[34.922,47.539],[34.923,47.542],[34.93,47.563],[34.93,47.567],[34.93,47.571],[34.928,47.574],[34.926,47.577],[34.92,47.582],[34.9,47.592],[34.897,47.594],[34.895,47.597],[34.896,47.601],[34.897,47.604],[34.912,47.63],[34.919,47.647],[34.927,47.677],[34.934,47.692],[34.945,47.739],[34.945,47.743],[34.944,47.746],[34.941,47.749],[34.936,47.75],[34.912,47.752],[34.894,47.756],[34.889,47.757],[34.886,47.76],[34.887,47.764],[34.89,47.777],[34.891,47.78],[34.89,47.784],[34.888,47.787],[34.887,47.79],[34.887,47.794],[34.888,47.799],[34.891,47.805],[34.9,47.816],[34.903,47.82],[34.904,47.824],[34.904,47.827],[34.904,47.829],[34.902,47.831],[34.896,47.835],[34.818,47.867],[34.812,47.871],[34.81,47.874],[34.808,47.878],[34.808,47.881],[34.808,47.885],[34.809,47.89],[34.81,47.895],[34.814,47.902],[34.82,47.907],[34.846,47.922],[34.853,47.924],[34.897,47.931],[34.907,47.934],[34.912,47.938],[34.915,47.943],[34.916,47.947],[34.917,47.951],[34.917,47.955],[34.914,47.961],[34.912,47.964],[34.908,47.967],[34.904,47.968],[34.867,47.975],[34.857,47.978],[34.853,47.981],[34.85,47.983],[34.848,47.986],[34.846,47.989],[34.845,47.993],[34.845,47.996],[34.845,48.001],[34.844,48.004],[34.842,48.007],[34.839,48.008],[34.834,48.009],[34.823,48.009],[34.818,48.01],[34.815,48.012],[34.813,48.016],[34.814,48.02],[34.816,48.026],[34.821,48.029],[34.835,48.035],[34.838,48.038],[34.84,48.041],[34.842,48.065],[34.843,48.07],[34.845,48.073],[34.846,48.077],[34.846,48.079],[34.846,48.081],[34.84,48.089],[34.836,48.099],[34.835,48.103],[34.836,48.109],[34.841,48.117],[34.846,48.121],[34.851,48.123],[34.857,48.123],[34.863,48.122],[34.867,48.122],[34.87,48.119],[34.87,48.116],[34.87,48.111],[34.87,48.104],[34.871,48.097],[34.873,48.09],[34.875,48.087],[34.877,48.084],[34.881,48.082],[34.886,48.081],[34.943,48.081],[34.969,48.092],[35.002,48.111],[35.017,48.117],[35.029,48.119],[35.038,48.118],[35.048,48.118],[35.065,48.12],[35.074,48.123],[35.081,48.126],[35.101,48.129],[35.118,48.129],[35.129,48.128],[35.156,48.12],[35.165,48.119],[35.174,48.121],[35.191,48.124],[35.245,48.13],[35.255,48.13],[35.275,48.126],[35.34,48.104],[35.497,48.085],[35.512,48.08],[35.515,48.079]],[[32.955,46.052],[32.979,46.053],[32.989,46.043],[32.999,46.035],[33.045,46.038],[33.057,46.025],[33.04,46.012],[32.619,46.06],[32.627,46.066],[32.631,46.066],[32.639,46.06],[32.783,46.046],[32.852,46.056],[32.882,46.055],[32.914,46.039],[32.955,46.052]],[[35.052,46.128],[35.049,46.132],[35.044,46.142],[35.149,46.164],[35.2,46.183],[35.228,46.222],[35.252,46.24],[35.262,46.257],[35.265,46.26],[35.268,46.26],[35.28,46.255],[35.264,46.242],[35.209,46.17],[35.185,46.145],[35.162,46.128],[35.121,46.118],[35.097,46.104],[35.062,46.099],[35.039,46.086],[35.0,46.074],[34.982,46.078],[34.985,46.087],[35.017,46.113],[35.052,46.128]],[[31.58,46.263],[31.549,46.282],[31.522,46.313],[31.514,46.329],[31.505,46.355],[31.504,46.373],[31.522,46.368],[31.538,46.326],[31.554,46.296],[31.578,46.276],[31.618,46.259],[31.94,46.205],[32.071,46.182],[32.153,46.156],[32.166,46.149],[32.144,46.153],[32.102,46.167],[31.737,46.221],[31.58,46.263]],[[33.356,47.5],[33.357,47.504],[33.358,47.507],[33.359,47.51],[33.362,47.513],[33.366,47.514],[33.371,47.515],[33.477,47.53],[33.485,47.533],[33.489,47.535],[33.492,47.538],[33.494,47.541],[33.494,47.545],[33.494,47.548],[33.492,47.555],[33.491,47.559],[33.492,47.562],[33.494,47.564],[33.497,47.565],[33.503,47.567],[33.563,47.575],[33.569,47.575],[33.575,47.573],[33.583,47.568],[33.587,47.564],[33.589,47.56],[33.588,47.557],[33.586,47.554],[33.579,47.545],[33.577,47.541],[33.575,47.538],[33.575,47.534],[33.579,47.528],[33.583,47.518],[33.584,47.515],[33.588,47.512],[33.595,47.511],[33.617,47.512],[33.624,47.512],[33.63,47.508],[33.633,47.504],[33.635,47.502],[33.64,47.491],[33.643,47.488],[33.654,47.487],[33.752,47.491],[33.88,47.514],[33.902,47.514],[34.058,47.481],[34.157,47.474],[34.204,47.478],[34.23,47.431],[34.281,47.319],[34.29,47.302],[34.292,47.298],[34.293,47.294],[34.294,47.279],[34.295,47.275],[34.298,47.272],[34.305,47.27],[34.31,47.269],[34.316,47.27],[34.324,47.272],[34.336,47.278],[34.34,47.28],[34.354,47.281],[34.359,47.28],[34.373,47.274],[34.379,47.273],[34.384,47.273],[34.389,47.273],[34.393,47.275],[34.397,47.277],[34.401,47.285],[34.404,47.288],[34.409,47.293],[34.411,47.297],[34.412,47.301],[34.414,47.305],[34.416,47.308],[34.42,47.31],[34.429,47.313],[34.496,47.318],[34.5,47.317],[34.503,47.316],[34.506,47.314],[34.508,47.311],[34.507,47.307],[34.504,47.305],[34.501,47.303],[34.486,47.299],[34.483,47.297],[34.48,47.294],[34.478,47.29],[34.476,47.286],[34.475,47.277],[34.475,47.274],[34.476,47.27],[34.479,47.266],[34.486,47.261],[34.501,47.254],[34.503,47.251],[34.505,47.247],[34.504,47.239],[34.503,47.234],[34.5,47.232],[34.495,47.229],[34.493,47.226],[34.492,47.222],[34.492,47.219],[34.492,47.215],[34.5,47.188],[34.501,47.184],[34.501,47.181],[34.497,47.16],[34.497,47.156],[34.498,47.149],[34.499,47.141],[34.503,47.128],[34.504,47.121],[34.506,47.117],[34.51,47.113],[34.518,47.11],[34.532,47.106],[34.537,47.104],[34.54,47.1],[34.557,47.052],[34.558,47.019],[34.56,47.012],[34.562,47.008],[34.566,47.005],[34.574,47.003],[34.588,47.0],[34.589,47.0],[34.592,46.998],[34.595,46.995],[34.598,46.99],[34.601,46.98],[34.604,46.966],[34.605,46.962],[34.608,46.959],[34.615,46.957],[34.64,46.953],[34.645,46.952],[34.649,46.95],[34.66,46.943],[34.669,46.939],[34.718,46.928],[34.722,46.927],[34.726,46.923],[34.729,46.917],[34.74,46.885],[34.743,46.882],[34.746,46.878],[34.754,46.875],[34.76,46.873],[34.771,46.872],[34.776,46.871],[34.781,46.869],[34.784,46.867],[34.788,46.862],[34.792,46.855],[34.797,46.84],[34.797,46.832],[34.794,46.827],[34.79,46.825],[34.764,46.817],[34.755,46.816],[34.75,46.814],[34.747,46.812],[34.746,46.808],[34.745,46.805],[34.744,46.782],[34.743,46.778],[34.741,46.775],[34.734,46.769],[34.731,46.766],[34.729,46.763],[34.724,46.751],[34.721,46.747],[34.718,46.745],[34.714,46.743],[34.705,46.74],[34.698,46.736],[34.692,46.731],[34.69,46.727],[34.687,46.724],[34.683,46.722],[34.679,46.721],[34.674,46.72],[34.646,46.72],[34.641,46.719],[34.637,46.718],[34.633,46.716],[34.63,46.713],[34.628,46.71],[34.627,46.707],[34.627,46.704],[34.629,46.693],[34.631,46.689],[34.635,46.686],[34.646,46.683],[34.652,46.683],[34.657,46.684],[34.661,46.686],[34.667,46.684],[34.684,46.675],[34.691,46.673],[34.698,46.671],[34.722,46.669],[34.728,46.666],[34.733,46.662],[34.738,46.654],[34.743,46.644],[34.745,46.637],[34.745,46.634],[34.744,46.63],[34.743,46.626],[34.74,46.623],[34.73,46.616],[34.725,46.61],[34.723,46.606],[34.722,46.603],[34.722,46.599],[34.723,46.596],[34.725,46.593],[34.729,46.587],[34.754,46.56],[34.756,46.557],[34.757,46.553],[34.759,46.55],[34.762,46.547],[34.767,46.545],[34.776,46.544],[34.811,46.545],[34.858,46.542],[34.863,46.54],[34.866,46.537],[34.866,46.531],[34.864,46.527],[34.861,46.524],[34.858,46.522],[34.855,46.519],[34.853,46.516],[34.853,46.513],[34.853,46.502],[34.853,46.501],[34.854,46.5],[34.858,46.498],[34.871,46.498],[34.918,46.501],[34.924,46.5],[34.947,46.486],[34.96,46.48],[34.969,46.479],[34.984,46.472],[34.99,46.47],[34.995,46.469],[35.023,46.469],[35.029,46.465],[35.035,46.456],[35.06,46.384],[35.061,46.379],[35.06,46.375],[35.055,46.363],[35.053,46.359],[35.053,46.355],[35.053,46.348],[35.059,46.328],[35.059,46.324],[35.06,46.306],[35.069,46.3],[35.105,46.295],[35.075,46.271],[35.031,46.252],[34.936,46.235],[34.927,46.235],[34.914,46.238],[34.908,46.244],[34.907,46.252],[34.905,46.256],[34.894,46.252],[34.887,46.243],[34.885,46.231],[34.882,46.222],[34.839,46.208],[34.835,46.203],[34.818,46.186],[34.812,46.177],[34.811,46.166],[34.813,46.158],[34.819,46.142],[34.824,46.078],[34.829,46.063],[34.839,46.048],[34.874,45.926],[34.883,45.913],[34.895,45.901],[34.905,45.889],[34.958,45.79],[34.978,45.763],[34.96,45.757],[34.945,45.764],[34.919,45.775],[34.865,45.794],[34.799,45.81],[34.802,45.901],[34.754,45.909],[34.726,45.928],[34.689,45.955],[34.674,45.965],[34.653,45.976],[34.634,45.985],[34.604,45.994],[34.588,45.996],[34.576,45.996],[34.563,45.994],[34.557,45.992],[34.553,45.988],[34.547,45.979],[34.523,45.955],[34.51,45.947],[34.496,45.942],[34.469,45.946],[34.442,45.962],[34.424,45.978],[34.413,45.989],[34.411,45.996],[34.409,46.006],[34.347,46.056],[34.331,46.061],[34.249,46.053],[34.183,46.067],[34.176,46.072],[34.155,46.081],[34.144,46.088],[34.125,46.106],[34.09,46.115],[34.08,46.117],[34.073,46.117],[34.054,46.109],[34.001,46.125],[33.988,46.134],[33.913,46.161],[33.871,46.19],[33.85,46.199],[33.839,46.201],[33.799,46.204],[33.756,46.191],[33.739,46.185],[33.701,46.203],[33.687,46.205],[33.664,46.223],[33.647,46.23],[33.614,46.226],[33.637,46.141],[33.62,46.136],[33.613,46.145],[33.597,46.156],[33.572,46.149],[33.55,46.136],[33.532,46.122],[33.531,46.107],[33.558,46.095],[33.558,46.087],[33.531,46.086],[33.506,46.08],[33.496,46.068],[33.516,46.046],[33.506,46.047],[33.486,46.053],[33.424,46.053],[33.415,46.058],[33.384,46.088],[33.358,46.104],[33.331,46.107],[33.311,46.087],[33.306,46.092],[33.301,46.094],[33.296,46.094],[33.29,46.095],[33.307,46.106],[33.318,46.12],[33.316,46.131],[33.293,46.136],[33.215,46.128],[33.222,46.141],[33.225,46.154],[33.235,46.224],[33.212,46.206],[33.195,46.179],[33.175,46.153],[33.143,46.142],[33.135,46.141],[33.123,46.136],[33.113,46.136],[33.103,46.138],[33.082,46.149],[33.023,46.17],[33.032,46.141],[33.018,46.128],[32.913,46.115],[32.899,46.115],[32.892,46.117],[32.883,46.121],[32.876,46.121],[32.853,46.12],[32.845,46.121],[32.79,46.134],[32.766,46.136],[32.751,46.133],[32.714,46.12],[32.588,46.104],[32.578,46.102],[32.568,46.097],[32.551,46.084],[32.544,46.08],[32.503,46.076],[32.302,46.117],[32.281,46.128],[32.268,46.127],[32.262,46.128],[32.26,46.132],[32.257,46.145],[32.256,46.149],[32.252,46.157],[32.247,46.171],[32.242,46.177],[32.261,46.189],[32.267,46.195],[32.269,46.205],[32.239,46.195],[32.213,46.193],[32.187,46.197],[32.143,46.208],[32.129,46.21],[32.115,46.215],[32.078,46.249],[32.05,46.266],[32.018,46.258],[31.968,46.276],[31.886,46.32],[31.884,46.309],[31.888,46.295],[31.89,46.284],[31.882,46.279],[31.819,46.281],[31.801,46.285],[31.786,46.292],[31.772,46.303],[31.767,46.318],[31.78,46.332],[31.8,46.342],[31.817,46.348],[31.837,46.35],[31.893,46.341],[31.968,46.351],[31.977,46.355],[32.03,46.389],[32.042,46.391],[32.055,46.391],[32.062,46.394],[32.054,46.406],[32.008,46.449],[31.992,46.454],[31.955,46.451],[31.911,46.456],[31.816,46.483],[31.817,46.483],[31.852,46.522],[31.862,46.519],[31.947,46.519],[32.033,46.506],[32.091,46.513],[32.112,46.512],[32.222,46.495],[32.276,46.471],[32.318,46.464],[32.361,46.467],[32.4,46.478],[32.427,46.499],[32.408,46.517],[32.436,46.543],[32.506,46.584],[32.525,46.593],[32.571,46.596],[32.588,46.604],[32.604,46.616],[32.619,46.624],[32.634,46.633],[32.646,46.65],[32.622,46.642],[32.595,46.628],[32.567,46.618],[32.544,46.622],[32.409,46.569],[32.336,46.562],[32.269,46.588],[32.254,46.605],[32.248,46.607],[32.237,46.604],[32.22,46.591],[32.211,46.588],[32.2,46.586],[32.18,46.582],[32.17,46.581],[32.146,46.56],[32.132,46.57],[32.118,46.607],[32.101,46.615],[32.04,46.623],[32.023,46.629],[32.009,46.64],[31.993,46.657],[31.98,46.677],[31.974,46.694],[31.971,46.713],[31.965,46.722],[31.966,46.727],[32.017,46.726],[32.032,46.73],[32.04,46.736],[32.057,46.744],[32.065,46.746],[32.072,46.747],[32.078,46.746],[32.083,46.745],[32.099,46.738],[32.112,46.735],[32.123,46.735],[32.155,46.742],[32.172,46.747],[32.179,46.751],[32.185,46.756],[32.188,46.759],[32.198,46.772],[32.208,46.79],[32.211,46.795],[32.215,46.799],[32.223,46.805],[32.229,46.808],[32.235,46.809],[32.248,46.811],[32.259,46.811],[32.317,46.796],[32.343,46.795],[32.351,46.796],[32.356,46.798],[32.359,46.801],[32.37,46.826],[32.374,46.831],[32.382,46.837],[32.389,46.84],[32.423,46.846],[32.444,46.847],[32.449,46.846],[32.454,46.845],[32.457,46.843],[32.461,46.837],[32.463,46.834],[32.47,46.831],[32.48,46.83],[32.515,46.832],[32.523,46.833],[32.528,46.836],[32.531,46.838],[32.533,46.841],[32.535,46.844],[32.536,46.849],[32.537,46.853],[32.537,46.868],[32.538,46.873],[32.543,46.874],[32.547,46.874],[32.552,46.873],[32.555,46.87],[32.558,46.868],[32.563,46.866],[32.571,46.866],[32.575,46.864],[32.583,46.862],[32.593,46.86],[32.632,46.861],[32.641,46.86],[32.644,46.857],[32.648,46.855],[32.652,46.853],[32.675,46.848],[32.679,46.846],[32.683,46.844],[32.686,46.842],[32.693,46.833],[32.695,46.83],[32.699,46.828],[32.702,46.826],[32.706,46.824],[32.709,46.824],[32.72,46.824],[32.773,46.828],[32.822,46.827],[32.828,46.828],[32.832,46.83],[32.836,46.832],[32.914,46.851],[32.931,46.857],[32.941,46.862],[32.939,46.864],[32.935,46.865],[32.925,46.865],[32.919,46.865],[32.91,46.869],[32.904,46.87],[32.85,46.867],[32.826,46.868],[32.819,46.87],[32.815,46.871],[32.811,46.873],[32.808,46.875],[32.807,46.879],[32.807,46.882],[32.812,46.887],[32.816,46.889],[32.914,46.9],[32.924,46.903],[32.946,46.92],[32.959,46.925],[33.0,46.933],[33.01,46.936],[33.015,46.94],[33.014,46.943],[33.012,46.946],[33.009,46.949],[33.005,46.95],[33.001,46.951],[32.966,46.951],[32.961,46.952],[32.957,46.954],[32.954,46.956],[32.952,46.959],[32.951,46.962],[32.95,46.97],[32.949,46.981],[32.951,46.986],[32.955,46.991],[32.965,46.997],[32.971,47.0],[32.975,47.0],[32.976,47.0],[32.981,46.996],[32.986,46.991],[32.992,46.986],[32.998,46.982],[33.025,46.97],[33.026,46.972],[33.026,46.974],[33.026,46.978],[33.027,46.981],[33.029,46.983],[33.032,46.986],[33.049,47.0],[33.058,47.009],[33.06,47.012],[33.062,47.015],[33.061,47.019],[33.059,47.021],[33.014,47.051],[32.956,47.075],[32.951,47.076],[32.946,47.076],[32.93,47.075],[32.925,47.075],[32.922,47.077],[32.92,47.08],[32.919,47.089],[32.917,47.094],[32.916,47.097],[32.915,47.1],[32.915,47.104],[32.916,47.107],[32.918,47.11],[32.936,47.127],[32.962,47.164],[32.971,47.181],[32.976,47.187],[32.981,47.188],[32.985,47.187],[32.995,47.178],[32.998,47.177],[33.021,47.176],[33.036,47.178],[33.043,47.18],[33.049,47.183],[33.078,47.206],[33.084,47.209],[33.09,47.21],[33.095,47.209],[33.107,47.204],[33.113,47.203],[33.121,47.202],[33.125,47.205],[33.127,47.208],[33.129,47.212],[33.131,47.217],[33.136,47.224],[33.137,47.227],[33.135,47.231],[33.113,47.257],[33.108,47.266],[33.106,47.269],[33.105,47.272],[33.105,47.276],[33.105,47.28],[33.106,47.288],[33.111,47.3],[33.121,47.319],[33.124,47.327],[33.125,47.331],[33.125,47.334],[33.124,47.339],[33.122,47.346],[33.121,47.349],[33.099,47.382],[33.096,47.385],[33.092,47.387],[33.087,47.387],[33.054,47.388],[33.048,47.389],[33.043,47.39],[33.039,47.392],[33.035,47.394],[33.032,47.397],[33.03,47.4],[33.028,47.403],[33.027,47.406],[33.026,47.409],[33.028,47.412],[33.031,47.417],[33.047,47.431],[33.051,47.436],[33.053,47.445],[33.055,47.451],[33.059,47.452],[33.062,47.451],[33.064,47.449],[33.075,47.434],[33.08,47.421],[33.082,47.418],[33.085,47.415],[33.09,47.414],[33.096,47.413],[33.115,47.414],[33.124,47.416],[33.128,47.419],[33.13,47.423],[33.13,47.426],[33.129,47.43],[33.125,47.436],[33.123,47.439],[33.121,47.442],[33.12,47.445],[33.12,47.449],[33.12,47.453],[33.123,47.461],[33.125,47.47],[33.125,47.474],[33.125,47.477],[33.124,47.48],[33.123,47.483],[33.12,47.487],[33.118,47.49],[33.113,47.498],[33.112,47.5],[33.112,47.501],[33.111,47.503],[33.111,47.506],[33.112,47.51],[33.116,47.517],[33.118,47.52],[33.119,47.524],[33.118,47.527],[33.116,47.53],[33.11,47.534],[33.095,47.543],[33.092,47.545],[33.089,47.548],[33.088,47.551],[33.087,47.555],[33.087,47.562],[33.087,47.574],[33.089,47.583],[33.165,47.569],[33.17,47.567],[33.185,47.558],[33.193,47.554],[33.267,47.543],[33.283,47.539],[33.293,47.536],[33.297,47.529],[33.3,47.52],[33.302,47.517],[33.304,47.514],[33.307,47.511],[33.313,47.506],[33.323,47.5],[33.333,47.496],[33.339,47.495],[33.346,47.495],[33.352,47.498],[33.355,47.499],[33.356,47.5]]]}